1B00  .byte 20 52 AF 87 99 8D 00 1B AF F6 98 8D 01 1B AD 45
1B10  .byte 9A F0 07 A2 02 8E 52 9A D0 04 20 96 93 AA 8E A7
1B20  .byte 02 EA EA EA 20 1B 93 A9 40 8D 0E D4 AF A7 02 C9
1B30  .byte 05 F0 08 A9 00 8D 04 D4 20 21 93 20 1E 93 AF 03
1B40  .byte 98 38 E9 40 B0 02 A9 00 8D 03 98 A9 0F 8D 67 9A
1B50  .byte 8D 6B 9A 20 28 36 AF 19 99 8D 48 9A AF 1A 99 8E
1B60  .byte 49 9A 20 1B 93 20 66 35 A2 00 A9 01 9D F0 B8 9D
1B70  .byte 00 B8 CA D0 F7 AE A7 02 BD BE 1E 8D C8 02 8D 1A
1B80  .byte D0 A9 01 8D EE 98 20 EF 38 A2 16 A9 04 9D 48 06
1B90  .byte CA 10 FA A9 10 20 21 93 A9 80 8D F4 02 AF A7 02
1BA0  .byte C9 05 D0 1C 20 93 1F 20 87 93 A9 C0 8D 0E D4 20
1BB0  .byte 66 35 20 24 93 A9 00 85 12 85 13 85 14 4C 8A 93
1BC0  .byte 20 82 3A AF A7 02 C9 03 D0 09 20 60 26 20 87 1F
1BD0  .byte 4C DD 1B C9 06 D0 06 20 AB 1F 20 99 93 20 66 35
1BE0  .byte 20 54 36 20 24 93 A0 70 A2 FF 8E F7 98 E8 8E 73
1BF0  .byte 9A 8E 72 9A 8E 46 9A 8E 05 99 8E 3A 9A 8E 04 99
1C00  .byte 8E 10 99 8E 0B 99 8E 47 99 8E 77 99 8E 34 9A 8E
1C10  .byte 35 9A 8E 36 9A 8E 38 9A 8E 39 9A 8E 32 9A 8E 33
1C20  .byte 9A E8 8E F5 98 A2 2A 20 2E 45 AD 52 9A D0 26 AF
1C30  .byte A7 02 C9 03 D0 1C A9 F4 8D 00 02 A9 49 8D 01 02
1C40  .byte A9 70 8D 44 06 A9 44 8D 45 06 A9 84 8D 57 06 4C
1C50  .byte 16 1D 4C 07 1D A2 FF 8E 1C 99 E8 8E 1D 99 8E 1F
1C60  .byte 99 8E 79 9A 8E 75 9A 8E 05 D4 8E 81 9A 8E 80 9A
1C70  .byte 8E 7E 9A 8E 21 99 8E 74 9A E8 8E 82 9A 8E 20 99
1C80  .byte A2 06 A9 00 9D 80 99 9D 70 99 9D 29 99 9D 30 99
1C90  .byte A8 E0 06 F0 08 C8 AD 0A D2 29 7F 69 40 9D 88 99
1CA0  .byte 98 9D 48 99 A9 80 9D 60 99 9D 22 99 20 B5 33 A9
1CB0  .byte 06 9D 50 99 8E 21 99 20 88 33 AE 21 99 CA 10 C2
1CC0  .byte A9 0F 8D 04 D4 8D 7F 9A A2 00 20 B5 33 A9 E7 8D
1CD0  .byte 30 02 A9 41 8D 31 02 A9 A3 8D 00 02 A9 49 8D 01
1CE0  .byte 02 A2 40 A0 7B A9 07 20 5C E4 A9 78 8D 87 99 A9
1CF0  .byte C4 8D F6 98 20 C9 33 4C 0D 1E 84 04 41 42 06
L1CFF:
1CFF  sei 
1D00  lda 0x10
1D02  and #0xfe
1D04  jmp 0x4c69
1D07  .byte A9 84 8D 5C 06 A9 56 8D 00 02 A9 49 8D 01 02 20
1D17  .byte 1B 93 A0 04 BF FA 1C 99 5E 06 88 10 F7 A0 27 A9
1D27  .byte 00 99 C0 BB 88 10 FA AD A7 02 D0 44 A9 A4 8D 5A
1D37  .byte 9A 69 04 8D 5E 9A A9 76 8D 59 9A 8D 5D 9A 8D 68
1D47  .byte 9A 8D 64 9A A2 01 8E 6E 9A 8E 63 9A 8E 62 9A CA
1D57  .byte 8E 55 9A 8E 5B 9A A9 72 8D 6A 9A A9 1C 8D 66 9A
1D67  .byte 20 B7 4D A9 A5 8D 53 9A A9 7A 8D 54 9A 4C 01 1E
1D77  .byte C9 03 D0 3D A2 FA 8E 91 BB E8 8E 92 BB A9 B0 8D
1D87  .byte BE 9A 8D BF 9A A9 00 8D C5 9A 8D BD 9A 8D C0 9A
1D97  .byte 8D C1 9A 8D A9 9A A9 0C 8D AB 9A A9 44 8D C2 02
1DA7  .byte A9 0F 8D C3 02 A9 52 8D 54 9A A9 50 8D 53 9A D0
1DB7  .byte 49 C9 04 D0 29 A9 00 8D CC 1E 8D 6E 9A 8D 6C 9A
1DC7  .byte A9 1C 8D 6A 9A A9 A6 8D 66 9A A9 A2 8D 68 9A 8D
1DD7  .byte 64 9A A9 7A 8D 54 9A A9 78 8D 53 9A D0 1C C9 06
1DE7  .byte F0 18 20 D3 46 A9 B0 8D 53 9A A9 7A 8D 54 9A A9
1DF7  .byte 00 8D 1C 9A 8D 6E 9A 8D 6C 9A AF 53 9A 8D 87 99
1E07  .byte AF 54 9A 8D F6 98 A9 06 8D FB 98 A9 15 8D 09 99
1E17  .byte 8D 1E D0 A9 30 8D 30 9A A9 C0 8D 31 9A A9 C0 8D
1E27  .byte 0E D4 A9 00 85 12 85 13 85 14 AD 00 98 0A 0A AE
1E37  .byte A7 02 FD B7 1E B0 02 A9 00 AA CA 10 FD 20 84 93
1E47  .byte 20 27 93 20 2A 93 AD 52 9A F0 0F 20 9D 3F 20 DA
1E57  .byte 31 20 0F 34 20 EB 3E 4C 31 1E 20 BC 28 20 70 28
1E67  .byte AD A7 02 C9 03 F0 2B 20 30 93 AD A7 02 F0 1A C9
1E77  .byte 04 F0 34 C9 01 F0 06 20 9C 93 4C 31 1E 20 3B 47
1E87  .byte 20 85 42 20 C2 48 4C 31 1E 20 6D 4A 20 C7 4C 4C
1E97  .byte 31 1E 20 13 27 20 A8 21 20 6E 24 20 A9 27 20 BE
1EA7  .byte 26 20 5F 28 4C 31 1E 20 CE 1E 20 10 1F 4C 31 1E
1EB7  .byte 08 20 20 08 00 18 08 28 86 C6 AA 2A 28 78 3E 61
1EC7  .byte C3 00 62 62 85 66 9A CE CC 1E D0 27 AD 0A D2 09
1ED7  .byte 80 8D CC 1E AD CD 1E 69 08 29 18 8D CD 1E AA A0
1EE7  .byte 00 BD 52 1F 99 AC A6 B9 72 1F 99 AC A7 E8 C8 C0
1EF7  .byte 08 90 EE 60 AD F3 49 8D 31 1E 60 A0 FF C8 30 F4
1F07  .byte B9 00 A0 59 80 A0 EA EA 60 AD 26 98 D0 3B EE 26
1F17  .byte 98 20 44 2A AD 0C D0 0D 0D D0 29 0C F0 28 AD F6
1F27  .byte 98 C9 C0 B0 21 8D 1E D0 68 68 20 1B 93 A9 41 8D
1F37  .byte 5F 06 A9 42 8D 60 06 A9 06 8D 61 06 A9 00 8D EE
1F47  .byte 98 A2 05 4C 1E 1B 8D 1E D0 60 32 00 00 00 10 00
1F57  .byte 24 00 00 00 00 00 10 40 08 00 00 00 00 00 08 40
1F67  .byte 10 00 00 00 00 00 40 04 20 00 00 7E 3C 7E FF FF
1F77  .byte FF 7E 3C 9D A2 D0 BD D6 20 9D 17 83 CA D0 F7 60
1F87  .byte A2 C8 BD B6 1F 9D 17 83 CA D0 F7 60 AD 8E 93 8D
1F97  .byte A2 1F AD 8F 93 8D A3 1F A2 60 BD A1 1F 9D 18 83
1FA7  .byte CA 10 F7 60 A2 58 BD 7F 20 9D 18 83 CA 10 F7 60
1FB7  .byte 00 20 28 9A 6A 6B 6A 9A 00 00 8A A8 A0 B8 A8 A0
1FC7  .byte 00 00 00 00 00 0A 2A 22 00 00 00 28 AA AA AA AA
1FD7  .byte 00 28 AA AA AA AA AA AA 0A 2A A0 00 00 00 00 00
1FE7  .byte AA 0A 00 00 00 00 00 00 AA A8 A0 00 00 00 00 00
1FF7  .byte A2 A8 8A 00 00 00 00 00 88 0A 82 80 00 00 00 00
2007  .byte 00 00 28 AA AA AA AA AA 00 00 00 08 20 2A 0A 02
2017  .byte 28 8A A2 20 80 00 00 00 00 00 00 00 00 82 A8 A0
2027  .byte 00 A2 2A 0A 2E 2A 2A 8A 02 88 A6 A9 E9 A9 A6 8A
2037  .byte 00 00 00 00 00 88 A2 A0 05 10 40 50 55 15 05 00
2047  .byte 50 04 01 05 55 54 50 00 05 10 40 53 55 15 05 00
2057  .byte 50 04 01 C5 55 54 50 00 05 10 43 5F 55 15 05 00
2067  .byte 50 04 C1 F5 55 54 50 00 05 1F 7F 5F 55 15 05 00
2077  .byte 50 F4 FD F5 55 54 50 00 FF FC F0 C0 C0 C0 FC FF
2087  .byte FF 00 00 00 00 00 00 FF FF 3F 0F 03 03 03 3F FF
2097  .byte FF 15 11 15 15 15 15 FF FF 05 AF F5 A5 A5 A5 FF
20A7  .byte FF 0A 0A 28 28 A0 A0 FF FF AB 8B AB AB AB AB FF
20B7  .byte 01 11 55 14 45 54 45 14 40 44 15 54 11 05 51 54
20C7  .byte 03 0A 0A 02 02 02 02 0A C0 A0 A0 80 80 80 80 A0
20D7  .byte 0F 3F 3F 3C 3C 3C 3F 0F 03 0F 0F 03 03 03 0F 0F
20E7  .byte 3F 3F 00 0F 3F 3C 3F 3F 3F 3F 00 0F 0F 00 3F 3F
20F7  .byte 3C 3C 3C 3F 3F 00 00 00 3F 3F 3C 3F 3F 00 3F 3F
2107  .byte 0F 3F 3C 3F 3F 3C 3F 0F 3F 3F 00 00 00 03 03 03
2117  .byte 0F 3F 3C 0F 3F 3C 3F 0F 0F 3F 3C 3F 0F 00 0F 0F
2127  .byte 00 00 00 0C 0F 0F 0F 3C 00 00 00 00 3C FF FF 3C
2137  .byte 00 00 00 30 F0 F0 F0 30 3C 3F 3F 0F 0F 03 00 00
2147  .byte 7C FF F3 3F C0 FF 3C 00 7C FC FC 30 F0 C0 00 00
2157  .byte F0 FC 3C 3C 3C FC FC F0 C0 C0 C0 C0 C0 C0 F0 F0
2167  .byte F0 FC 3C FC F0 00 FC FC F0 FC 3C FC F0 3C FC F0
2177  .byte F0 F0 F0 FC FC F0 F0 F0 FC FC 00 F0 FC 3C FC F0
2187  .byte F0 F0 00 F0 FC 3C FC F0 FC FC 3C 3C F0 C0 C0 C0
2197  .byte F0 FC 3C F0 FC 3C FC F0 F0 FC 3C FC FC 3C FC F0
21A7  .byte 39 AD 3A 9A D0 33 AD 84 02 F0 26 AD C5 9A F0 29
21B7  .byte CE F6 98 AD C4 9A 49 20 F0 02 A9 0A 8D 77 99 A9
21C7  .byte 06 8D 6F 99 20 7E 93 20 66 93 A9 0F 8D 13 99 D0
21D7  .byte 08 AD C5 9A F0 06 4C B5 22 4C 5A 22 AD F5 98 D0
21E7  .byte F8 EE A7 21 AD A7 21 29 07 D0 EE AD F6 98 69 0C
21F7  .byte 8D 1A 99 A9 32 8D 19 99 20 33 93 30 56 AD 87 99
2207  .byte 38 E9 28 90 4E C9 A0 B0 4A 4A 4A 8D 19 99 A2 00
2217  .byte 86 8C 8E EF 98 E8 86 8D AD 19 99 18 65 8C C9 28
2227  .byte 90 0A AD EF 98 09 01 8D EF 98 D0 07 E6 8C 20 D0
2237  .byte 23 F0 2C AD 19 99 38 E5 8D B0 0A AD EF 98 09 02
2247  .byte 8D EF 98 D0 07 E6 8D 20 D0 23 F0 13 AD EF 98 C9
2257  .byte 03 D0 C5 A9 00 8D C5 9A 8D C8 9A 8D A9 9A 60 98
2267  .byte 0A 0A 69 30 8D 19 99 98 18 65 80 AA 85 94 A5 81
2277  .byte 69 00 85 95 8A A0 0B D9 E2 23 F0 03 88 D0 F8 8C
2287  .byte C3 9A A2 20 AD 19 99 18 69 01 C0 06 90 04 E9 0A
2297  .byte A2 00 8D C8 9A 8E C4 9A A2 01 8E C5 9A 8E C6 9A
22A7  .byte AC F6 98 EE F6 98 A9 00 99 00 A4 99 00 A5 AD C8
22B7  .byte 9A 8D 1B 99 AD 87 99 20 4E 93 F0 32 8D 47 99 10
22C7  .byte 04 A9 0A D0 02 A9 00 8D 77 99 CE C6 9A 10 1E A9
22D7  .byte 04 8D C6 9A 20 7E 93 20 7B 93 AD C8 9A CD 87 99
22E7  .byte D0 0B A9 06 8D 6F 99 8D 8F 99 4C 66 93 60 AD 87
22F7  .byte 99 8D 00 D0 18 69 08 8D 01 D0 CE C6 9A F0 01 60
2307  .byte A9 AA 8D C6 9A AD C7 9A 49 10 8D C7 9A 29 10 D0
2317  .byte 16 AD CE 99 D0 0F AD 0A D2 29 07 69 06 8D CF 99
2327  .byte A9 07 8D CE 99 A9 00 0D C4 9A AA AC F6 98 A9 10
2337  .byte 85 8C BD EE 23 99 00 A4 BD 2E 24 99 00 A5 E8 C8
2347  .byte C6 8C D0 EE EE A9 9A AD A9 9A C9 04 90 27 A0 00
2357  .byte 8C A9 9A B1 94 C9 F4 D0 13 98 91 94 C8 91 94 CE
2367  .byte AB 9A F0 12 A9 08 8D C8 99 4C B7 21 E9 02 91 94
2377  .byte 69 00 C8 91 94 60 68 68 4C 5B 37 A0 01 20 A1 23
2387  .byte AC BE 9A A2 10 99 00 A6 99 00 A7 C8 CA D0 F6 A9
2397  .byte FC 8D C2 02 8D C3 02 4C 81 93 84 90 8A A8 A2 27
23A7  .byte C0 06 90 01 E8 86 8D A2 03 20 35 28 A4 90 D0 07
23B7  .byte A5 81 38 E9 14 85 81 A0 2C A9 00 91 80 88 30 08
23C7  .byte C4 8D D0 F7 A0 04 D0 F3 60 A8 B1 80 C9 F4 F0 0A
23D7  .byte C9 F6 F0 06 C9 F8 F0 02 C9 FA 60 E2 25 3C 44 83
23E7  .byte 8A D2 E5 28 30 73 91 00 00 00 00 00 20 10 10 36
23F7  .byte 3F 1F 2F 25 24 12 00 00 00 00 00 00 10 20 20 37
2407  .byte 3F 1F 2E 24 24 12 00 00 00 00 00 00 00 00 00 08
2417  .byte 0D 1F 1F 17 0D 02 00 00 00 00 00 00 00 00 08 0D
2427  .byte 1F 1F 17 0D 01 02 00 00 00 00 00 00 00 00 00 10
2437  .byte B0 F8 F8 E8 B0 40 00 00 00 00 00 00 00 00 10 B0
2447  .byte F8 F8 E8 B0 80 40 00 00 00 00 00 00 04 08 08 6C
2457  .byte FC F8 F4 A4 24 48 00 00 00 00 00 00 08 04 04 EC
2467  .byte FC F8 74 24 24 48 00 AD B9 99 F0 03 4C 30 93 CE
2477  .byte C0 9A 30 01 60 AD BD 9A F0 03 4C 3D 25 A9 27 8D
2487  .byte C0 9A AD C1 9A F0 43 8D 1B 99 A0 00 B1 92 D0 06
2497  .byte 8D C1 9A 4C 64 25 AD BF 9A 20 4E 93 18 6D BF 9A
24A7  .byte 8D BF 9A AD C2 9A 8D 1B 99 AD BE 9A 20 4E 93 D0
24B7  .byte 0F AE BF 9A EC C1 9A D0 07 A9 08 8D BD 9A D0 76
24C7  .byte 18 6D BE 9A 8D BE 9A 4C 69 25 AD 0A D2 29 FC C9
24D7  .byte A0 B0 F7 69 30 8D 19 99 AD 0A D2 C9 50 B0 1C 29
24E7  .byte 03 F0 F5 AA BD B4 25 8D 1A 99 20 33 93 30 73 C9
24F7  .byte F4 F0 28 C9 F6 F0 24 C9 F8 F0 20 AD BE 9A 30 13
2507  .byte AD BF 9A C9 80 F0 5B 90 05 CE BF 9A D0 54 EE BF
2517  .byte 9A D0 4F CE BE 9A CE BE 9A D0 47 AD 19 99 E9 04
2527  .byte 8D C1 9A AD 1A 99 E9 0C 8D C2 9A A5 80 85 92 A5
2537  .byte 81 85 93 4C 69 25 C9 02 D0 20 A0 00 B1 92 F0 15
2547  .byte 18 69 02 91 92 C8 69 01 91 92 C9 FB B0 07 A9 04
2557  .byte 8D BD 9A D0 05 A9 00 8D C1 9A CE BD 9A A9 64 8D
2567  .byte C0 9A AC BD 9A BE A5 25 AC BE 9A A9 10 85 8C BD
2577  .byte B8 25 99 00 A6 C8 E8 C6 8C D0 F4 AC BD 9A BE AD
2587  .byte 25 AC BE 9A A9 10 85 8C BD F8 25 99 00 A7 C8 E8
2597  .byte C6 8C D0 F4 AD BF 9A 8D 02 D0 8D 03 D0 60 00 10
25A7  .byte 20 30 30 20 10 00 00 10 50 40 30 20 10 00 D0 C0
25B7  .byte B0 00 1C 3A 71 7F 75 6B 75 6B 75 6B 75 3F 00 00
25C7  .byte 00 00 00 1C 3A 71 7F 69 F6 EA F6 EA 56 3C 00 00
25D7  .byte 00 00 00 1E 1D 39 7F 75 7A F6 EC D4 78 00 00 00
25E7  .byte 00 00 00 1E 1D 38 7C 74 78 F4 EC D4 78 00 00 00
25F7  .byte 00 00 00 04 0E 00 0A 14 0A 14 0A 14 0A 00 00 00
2607  .byte 00 00 00 00 04 0E 00 16 08 14 08 14 28 00 00 00
2617  .byte 00 00 00 00 02 06 00 0A 04 08 10 28 00 00 00 00
2627  .byte 00 00 00 00 02 07 03 0B 07 0A 10 28 00 00 00 00
2637  .byte 00 00 00 00 02 07 03 0B 07 0B 13 2B 01 01 01 01
2647  .byte 00 00 00 00 02 06 02 08 05 09 11 2B 03 03 03 01
2657  .byte 01 06 06 05 05 04 04 03 03 A2 00 8E AE 9A 8E AF
2667  .byte 9A 8E B0 9A 8E AC 9A 8E 83 9A 8E 84 9A A9 08 8D
2677  .byte AD 9A A2 0B AD 0A D2 9D 85 9A AD 0A D2 29 0F 69
2687  .byte 02 9D 91 9A A9 00 9D 9D 9A 9D B1 9A CA 10 E5 AE
2697  .byte A3 02 BD 58 26 F0 1F 8D EF 98 AD 0A D2 29 0F C9
26A7  .byte 0B B0 F7 AA BD B1 9A D0 F1 FE B1 9A A0 00 20 A1
26B7  .byte 23 CE EF 98 D0 E4 60 CE AE 9A D0 4C A9 80 8D AE
26C7  .byte 9A CE AF 9A 10 42 A9 02 8D AF 9A CE B0 9A 10 05
26D7  .byte A9 0B 8D B0 9A AC B0 9A B9 B1 9A D0 2B B9 91 9A
26E7  .byte C9 02 B0 24 69 01 99 91 9A A2 00 20 35 28 BE 91
26F7  .byte 9A E0 02 90 0A AD 0A D2 29 0F 69 01 99 91 9A BC
2707  .byte 0F 27 B1 80 29 7F 91 80 60 01 00 F2 AD B9 99 D0
2717  .byte 05 CE 84 9A 30 01 60 A9 20 8D 84 9A CE 83 9A 10
2727  .byte 05 A9 0B 8D 83 9A AE 83 9A BD B1 9A D0 47 DE 9D
2737  .byte 9A 10 42 BD 91 9A 9D 9D 9A AC 83 9A A2 02 20 35
2747  .byte 28 AD 0A D2 29 01 C0 06 90 02 69 01 AA BD 7D 27
2757  .byte A0 00 91 80 AC 83 9A A2 01 20 35 28 B9 85 9A 18
2767  .byte 69 01 29 03 99 85 9A C0 06 90 02 69 03 AA BD 81
2777  .byte 27 A0 00 91 80 60 65 6E 70 73 66 6D 67 6D 67 6D
2787  .byte 67 6D 6E 3A 96 B6 72 8E 46 92 5E 7E 4A C2 A4 B4
2797  .byte B4 B4 C4 C4 A4 A4 B4 B4 C4 C4 14 10 10 0C 0C 0B
27A7  .byte 0B 0A CE AC 9A 10 4A A9 64 AE C5 9A F0 01 4A 8D
27B7  .byte AC 9A AD B9 99 D0 3A CE AD 9A 10 35 AE A3 02 BD
27C7  .byte A1 27 8D AD 9A A0 0B AD F6 98 38 ED C5 9A D9 95
27D7  .byte 27 D0 1B AD 87 99 69 1F D9 89 27 90 11 E9 30 D9
27E7  .byte 89 27 B0 0A 20 F9 27 10 03 4C 82 23 8A A8 88 10
27F7  .byte D6 60 98 AA B9 B1 9A D0 32 A2 00 20 35 28 98 AA
2807  .byte A0 00 B1 80 10 08 C8 C0 02 90 F7 A9 FF 60 09 80
2817  .byte 91 80 B9 33 28 9D 91 9A C0 01 D0 06 A9 38 8D D0
2827  .byte 99 60 AD CD 99 18 69 10 8D CD 99 60 01 00 C0 06
2837  .byte 90 04 E8 E8 E8 E8 84 8C 98 0A 65 8C A8 B9 5A 3E
2847  .byte 18 7D 57 28 85 80 B9 5B 3E 69 14 85 81 A4 8C 60
2857  .byte 03 02 00 00 00 02 04 00 AD 26 98 D0 09 EE 26 98
2867  .byte 20 44 2A 8D 1E D0 60 44 05 AD F6 98 C9 D4 D0 2D
2877  .byte AD 87 99 18 69 03 6D 77 99 4A 4A CD 6E 28 F0 1D
2887  .byte 8D 6E 28 38 E9 0C C9 28 B0 13 AA BD C0 BB D0 04
2897  .byte A9 5F D0 06 C9 62 B0 05 69 01 9D C0 BB 60

;============================================================
proc_28A5:
28A5  ldy 0x286f
28A8  jmp 0x499a
28AB  .byte FC 0D 0B 09 07 07 07 06 06 0E 00 00 08 00 00 0E
28BB  .byte 02 CE 36 9A 30 01 60 AC A3 02 B9 AC 28 AC A7 02
28CB  .byte 18 79 B4 28 8D 36 9A EE 39 9A AD 39 9A 2D 0A D2
28DB  .byte 4D 38 9A 8D 38 9A AD 30 9A 8D 19 99 AD 31 9A 69
28EB  .byte 16 8D 1A 99 20 7A 4C 8D 37 9A AE AB 28 E0 28 90
28FB  .byte 05 A2 27 8E AB 28 BD C0 BB F0 2B 8A 0A 0A 69 2C
290B  .byte 8D 1B 99 AD 30 9A 20 4E 93 8D 32 9A A9 C0 8D 1B
291B  .byte 99 AD 31 9A 20 4E 93 8D 33 9A AD 36 9A 18 69 03
292B  .byte 8D 36 9A 4C 97 29 CE AB 28 A5 13 0A 0A 85 8C AD
293B  .byte 37 9A E5 8C B0 02 A9 00 CD 38 9A B0 2C AD 38 9A
294B  .byte 29 2F F0 45 29 0F D0 44 AD F6 98 8D 1B 99 AD 1A
295B  .byte 99 20 4E 93 8D 33 9A AD 87 99 8D 1B 99 AD 30 9A
296B  .byte 20 4E 93 8D 32 9A 4C 97 29 A9 C0 8D 1B 99 AD 31
297B  .byte 9A 20 4E 93 8D 33 9A AD 0A D2 F0 07 C9 07 B0 0C
298B  .byte 20 BD 4C 8D 32 9A 4C 97 29 20 37 2A AD 30 9A 18
299B  .byte 6D 32 9A C9 28 90 F2 C9 D8 B0 EE 8D 30 9A AD 31
29AB  .byte 9A 18 6D 33 9A C9 C1 B0 E0 C9 18 90 DC 8D 31 9A
29BB  .byte CE 35 9A 10 44 AD 37 9A 4A 4A 4A 4A 4A 8D 35 9A
29CB  .byte CE 34 9A 10 07 A9 0B 8D 34 9A D0 2D AC 34 9A B9
29DB  .byte C3 2A C9 30 D0 23 AD 31 9A C9 C0 90 1C AD 30 9A
29EB  .byte E9 2C 4A 4A C9 28 B0 11 AA BD C0 BB F0 0B C9 5F
29FB  .byte D0 02 A9 01 E9 01 9D C0 BB AC 34 9A BE C3 2A A9
2A0B  .byte 10 85 8C AC 31 9A A9 00 99 00 A3 C8 99 00 A3 C8
2A1B  .byte BD CF 2A E8 C6 8C 10 F0 A9 00 99 00 A3 AD 30 9A
2A2B  .byte A2 03 9D 04 D0 18 69 02 CA 10 F7 60 20 BD 4C 8D
2A3B  .byte 32 9A 20 BD 4C 8D 33 9A 60

;============================================================
proc_2A44:
2A44  lda 0x9a3a
2A47  bne 0x2ac2
2A49  lda 0xd008
2A4C  ora 0xd009
2A4F  ora 0xd00a
2A52  ora 0xd00b
2A55  and #0x03
2A57  beq 0x2ac2
2A59  lda 0x9a31
2A5C  clc 
2A5D  adc #0x0e
2A5F  cmp 0x98f6
2A62  bcs 0x2ac2
2A64  lda 0x9a54
2A67  sbc #0x03
2A69  sta 0x991b
2A6C  lda 0x98f6
2A6F  sta 0x991a
2A72  jsr 0x934e
2A75  bne 0x2a79
2A77  lda #0xff
L2A79:
2A79  sta 0x98f5
2A7C  lda 0x9a53
2A7F  sta 0x9919
2A82  sta 0x991b
2A85  ldy #0x00
2A87  sty 0x9967
2A8A  sty 0x98fb
2A8D  sty 0x9905
2A90  lda 0x9987
2A93  jsr 0x934e
2A96  sta 0x9947
2A99  bmi 0x2a9d
2A9B  ldy #0x0a
L2A9D:
2A9D  sty 0x9977
2AA0  lda #0x09
2AA2  sta 0x996f
2AA5  sta 0x9909
2AA8  lda #0x18
2AAA  sta 0x98fd
2AAD  jsr 0x4c7a
2AB0  eor #0xff
2AB2  asl a
2AB3  asl a
2AB4  asl a
2AB5  and #0x03
2AB7  adc #0x02
2AB9  sta 0x994f
2ABC  inc 0x9a3a
2ABF  jsr 0x9348
L2AC2:
2AC2  rts 
2AC3  .byte 00 10 20 30 40 50 60 50 40 30 20 10 01 01 02 02
2AD3  .byte 04 04 08 08 30 78 F8 78 78 10 00 00 02 04 04 04
2AE3  .byte 08 08 08 10 10 30 78 F8 78 28 00 00 04 08 08 08
2AF3  .byte 08 08 10 10 10 10 30 78 78 F8 60 00 10 10 10 10
2B03  .byte 10 10 10 10 10 10 10 38 7C 7C 7C 38 20 10 10 10
2B13  .byte 10 10 08 08 08 08 0C 1E 1E 1F 06 00 40 20 20 20
2B23  .byte 10 10 10 08 08 0C 1E 1F 1E 14 00 00 80 80 40 40
2B33  .byte 20 20 10 10 0C 1E 1F 1E 1E 08 00 00 01 A9 CC 8D
2B43  .byte C8 02 A2 01 8E A6 02 CA 8E E6 2C 20 1B 93 A9 FF
2B53  .byte 8D A6 02 A2 2E A0 4F A9 07 20 5C E4 20 24 93 A2
2B63  .byte 00 8E C0 02 8E C1 02 AD 87 99 CD 88 99 B0 01 E8
2B73  .byte A9 0F 9D C0 02 A9 3E 8D F6 98 AD 87 99 8D 00 D0
2B83  .byte 18 69 08 8D 01 D0 8D 88 99 AC F6 98 A2 00 BD AF
2B93  .byte 31 99 00 A4 BD BC 31 99 00 A5 C8 E8 E0 0D 90 EE
2BA3  .byte 20 02 1F A9 04 8D 08 D2 A9 AF 8D 01 D2 A2 30 86
2BB3  .byte 8C 8E 04 D2 A6 8C A0 CF 88 D0 FD AD 0A D2 29 09
2BC3  .byte 25 8C 8D 00 D2 CA D0 EE A5 8C 29 03 D0 09 AD C8
2BD3  .byte 02 38 E9 11 8D C8 02 C6 8C A6 8C D0 D4 8E 01 D2
2BE3  .byte A2 05 A9 0F 8D C8 02 9D 0F 2F CA 10 FA 20 75 93
2BF3  .byte A9 40 8D 0E D4 20 36 93 A2 02 A9 00 8D 2F 02 8D
2C03  .byte C0 9B 8D C1 9B 9D DD 9B CA 10 FA A2 17 9D FE 9B
2C13  .byte 9D 8E 9C CA 10 F7 A9 AA 8D C2 9B A9 18 8D C3 9B
2C23  .byte A9 70 8D 00 A3 8D 01 A3 8D 02 A3 8D 03 A3 A0 04
2C33  .byte A9 0A 85 8C A9 CE 99 00 A3 C8 A6 8C BD F5 30 99
2C43  .byte 00 A3 C8 BD F6 30 99 00 A3 C8 A2 1D A9 0E 99 00
2C53  .byte A3 C8 CA 10 F9 C6 8C C6 8C 10 D9 A9 41 99 00 A3
2C63  .byte A9 00 8D 30 02 99 01 A3 A9 A3 8D 31 02 99 02 A3
2C73  .byte 8D 31 02 A9 1D 8D 00 02 A9 2F 8D 01 02 A9 C0 8D
2C83  .byte 0E D4 A9 3D 8D 2F 02 A9 00 8D A6 02 8D 4D 2E 8D
2C93  .byte 4E 2E 8D C4 02 8D C5 02 8D C6 02 A2 0A A0 00 88
2CA3  .byte D0 FD CA D0 FA 20 82 2F AD E6 2C D0 0D AF F6 98
2CB3  .byte C9 F0 F0 38 20 98 2D 4C 9E 2C A5 13 F0 DD A2 FF
2CC3  .byte 8E A6 02 E8 8E 07 D2 AE A3 02 E0 07 B0 03 EE A3
2CD3  .byte 02 4C 78 93 C7 D2 A3 07 41 00 A3 22 2F 2E 35 33
2CE3  .byte 00 1D B5 62 01 03 05 07 09 11 13 15 A9 E0 8D F4
2CF3  .byte 02 20 1B 93 A2 06 BD D7 2C 9D A9 A3 CA 10 F7 EE
2D03  .byte E6 2C A2 06 BD DE 2C 9D D4 A3 CA 10 F7 A9 38 8D
2D13  .byte E9 A3 AF A5 02 E0 09 B0 05 69 01 8D A5 02 AE A3
2D23  .byte 02 BD E7 2C 8D E5 2C AE 1D 99 F0 09 F8 18 6D E5
2D33  .byte 2C 8D E5 2C D8 A2 09 4A 4A 4A 4A F0 07 18 69 10
2D43  .byte 9D E2 A3 E8 AD E5 2C 29 0F 18 69 10 9D E2 A3 F8
2D53  .byte A9 99 38 ED 25 98 8D 1A 98 A9 99 ED 24 98 8D 19
2D63  .byte 98 D8 20 2E 39 F8 AD E5 2C 38 E9 01 8D E5 2C D8
2D73  .byte D0 F0 A2 03 BD 13 98 9D DC A3 CA 10 F7 20 36 93
2D83  .byte A9 00 85 14 85 13 4C 9E 2C
L2D8C:
2D8C  pha 
2D8D  ldx 0x2b3f
2D90  ldy 0x31c9
2D93  jmp 0x2e15
2D96  .byte 10 F4 CE 4D 2E 10 77 AF C3 9B 4A 4A 4A 4A 8D 4D
2DA6  .byte 2E EE 4E 2E AF 4E 2E 29 01 F0 3A 20 1D 2E AF 0A
2DB6  .byte D2 29 03 A8 09 74 8D 1B 99 AD 87 99 20 4E 93 18
2DC6  .byte 6D 87 99 8D 87 99 8D 00 D0 8D 02 D0 98 49 83 8D
2DD6  .byte 1B 99 AD 88 99 20 4E 93 18 6D 88 99 8D 88 99 8D
2DE6  .byte 01 D0 8D 03 D0 A2 00 AC F6 98 98 8D C3 02 49 FF
2DF6  .byte 8D C2 02 EE F6 98 BD 91 31 99 00 A4 99 00 A5 BD
2E06  .byte A0 31 99 00 A6 99 00 A7 C8 E8 E0 0F 90 E8 60
L2E15:
2E15  stx 0x0244
2E18  jmp 0x308c
2E1B  .byte D0 F8 AC A3 02 BE 15 2F A0 05 A9 FF 85 8D B9 0F
2E2B  .byte 2F DD DF 2E F0 14 5D DF 2E 29 F0 F0 04 A9 10 85
2E3B  .byte 8D A5 8D 18 79 0F 2F 99 0F 2F CA 88 10 DC 8D C8
2E4B  .byte 02 60 57 A6 A9 00 8D A8 02 AD A6 02 D0 20 8D 08
2E5B  .byte D2 AE C0 9B E0 25 90 19 AD C4 9B 18 6D C5 9B 6D
2E6B  .byte C6 9B 4A 4A 09 80 8D 07 D2 69 B9 8D 06 D2 4C 62
2E7B  .byte E4 CE C1 9B 10 46 EE C3 9B AD C3 9B 4A 4A 8D C1
2E8B  .byte 9B A0 06 BD 01 31 99 00 D2 AD C2 9B 99 01 D2 8A
2E9B  .byte 18 69 24 AA 88 88 10 EB AD C2 9B 38 E9 03 C9 A3
2EAB  .byte B0 02 A9 AA 8D C2 9B E0 B4 90 0E A9 00 8D 01 D2
2EBB  .byte 8D 03 D2 8D 05 D2 8D 07 D2 EE C0 9B 4C 62 E4 80
2ECB  .byte C0 00 40 10 A0 D0 50 E0 90 70 F0 30 00 60 B0 E0
2EDB  .byte 40 00 06 0C 00 02 04 06 08 0A 00 02 22 34 46 58
2EEB  .byte 00 02 72 84 86 98 00 02 A2 B4 C6 D8 18 26 34 42
2EFB  .byte 50 00 88 96 A4 B2 C0 00 B8 C6 D4 E2 F0 00 18 44
2F0B  .byte 88 C4 38 74 C9 D8 25 28 F7 91 05 0B 11 17 1D 23
2F1B  .byte 29 2F 48 8A 48 98 48 AE A8 02 BD 0F 2F 8D 0A D4
2F2B  .byte 8D 1A D0 AD E6 2C F0 0D E0 04 90 09 A5 14 4A 8D
2F3B  .byte 16 D0 4C 76 2F BD 0F 2F BC C7 9B F0 06 AD C4 9B
2F4B  .byte 1D CA 2E 8D 16 D0 BD 0F 2F BC CD 9B F0 06 AD C5
2F5B  .byte 9B 1D D0 2E 8D 17 D0 BD 0F 2F BC D3 9B F0 06 AD
2F6B  .byte C6 9B 1D D6 2E 8D 18 D0 EE A8 02 68 A8 68 AA 68
2F7B  .byte 40
L2F7C:
2F7C  pha 
2F7D  lda #0x62
2F7F  jmp 0x2d8c
2F82  .byte A2 02 BD DD 9B D0 11 AD 0A D2 C9 40 B0 0A BD C4
2F92  .byte 9B C9 02 F0 03 DE C4 9B 8A 0A 0A 0A A8 A9 08 85
2FA2  .byte 8C B9 FE 9B F0 03 4C 37 30 C8 C6 8C D0 F3 BD DD
2FB2  .byte 9B F0 04 A9 00 F0 41 AD 0A D2 29 7F 9D E0 9B AD
2FC2  .byte 0A D2 29 1F C9 19 B0 F7 9D E3 9B A9 0F 9D C4 9B
2FD2  .byte A9 00 85 8D BC DC 2E A9 06 85 8C AD 0A D2 C9 A0
2FE2  .byte B0 02 A9 00 99 C7 9B 05 8D 85 8D C8 C6 8C D0 EB
2FF2  .byte A5 8D F0 E0 8A 18 69 01 9D DD 9B 8A 0A 0A 0A A8
3002  .byte A9 08 85 8C BD E0 9B 99 FE 9B BD E3 9B 99 16 9C
3012  .byte BD DD 9B 99 E6 9B F0 0C 20 EA 30 99 5E 9C 20 EA
3022  .byte 30 99 76 9C B9 5E 9C 99 2E 9C B9 76 9C 99 46 9C
3032  .byte C8 C6 8C D0 CF CA 30 03 4C 84 2F A9 17 8D DC 9B
3042  .byte AE DC 9B BD E6 9B 8D D9 9B D0 0B DE 8E 9C 10 35
3052  .byte 8A 69 02 9D 8E 9C BD FE 9B F0 2A 18 7D 2E 9C 9D
3062  .byte FE 9B 8D DA 9B 10 07 A9 00 9D FE 9B F0 17 BD 16
3072  .byte 9C 18 7D 46 9C 9D 16 9C C9 1E B0 EB 8D DB 9B FE
3082  .byte 46 9C 20 8D 30 CE DC 9B 10 B6
L308C:
308C  rts 
308D  .byte A9 00 85 81 AD DB 9B C9 1E B0 48 A0 05 0A 26 81
309D  .byte 88 D0 FA 85 80 AD DA 9B 29 7F 4A 4A 18 65 80 85
30AD  .byte 80 90 02 E6 81 A9 00 18 65 80 85 80 A9 B8 65 81
30BD  .byte 85 81 AD DA 9B 29 03 AA 86 8C AD D9 9B E0 03 F0
30CD  .byte 05 E8 0A 0A 90 F7 A6 8C 85 8C B1 80 3D E1 30 05
30DD  .byte 8C 91 80 60 3F CF F3 FC
L30E5:
30E5  lda #0x93
30E7  jmp 0x2f7c
30EA  .byte AD 0A D2 29 07 38 E9 04 F0 F6 60 04 B8 08 B8 10
30FA  .byte B8 00 B8 1C B8 14 B8 3C 35 2F 28 2D 2F 40 3C 35
310A  .byte 2D 2F 35 48 40 3C 4C 48 40 48 39 2F 35 40 4C 39
311A  .byte 40 48 40 48 4C 55 4C 55 55 55 55 51 4C 48 3C 40
312A  .byte 48 5B 55 51 40 44 51 60 5B 51 6C 66 60 60 55 48
313A  .byte 4C 5B 6C 55 5B 60 5B 60 6C 72 72 72 72 72 72 60
314A  .byte 5B 51 48 4C 51 6C 66 5B 51 51 5B 79 6C 60 80 79
315A  .byte 6C 72 60 55 5B 6C 80 60 6C 72 6C 72 80 80 80 80
316A  .byte 88 88 88 90 80 79 60 6C 79 A2 90 80 6C 72 80 A2
317A  .byte 99 90 C1 AD 99 AD 90 72 80 99 B6 90 99 AD 99 AD
318A  .byte B6 81 81 81 89 89 89 00 00 00 12 1E 2D 1E 0C 1C
319A  .byte 1E 1C 08 00 00 00 00 36 77 7F 7F 7F 7F 7F 3E 3E
31AA  .byte 3E 1C 1C 08 08 0A 1E 1D 0F 5E B8 BC 7C 7E 3A 78
31BA  .byte 78 4C 50 78 B8 F0 7A 1D 3D 3E 7E 5C 1E 1E 32 C3
31CA  .byte 07 06 05 04 04 03 03 02 03 0C 14 1C 1C 1C 20 20
31DA  .byte CE 20 99 30 01 60 A9 02 8D 20 99 CE 21 99 AE 21
31EA  .byte 99 10 34 20 C9 33 AD F5 98 D0 14 AC F6 98 C0 C6
31FA  .byte B0 05 8D 74 9A F0 08 AD 74 9A D0 03 EE 74 9A A2
320A  .byte 06 8E 21 99 AD 74 9A C9 04 B0 0C BD 88 99 F0 CB
321A  .byte D0 26 BD 88 99 F0 0B BD 30 99 F0 1F C5 13 D0 13
322A  .byte A9 00 9D 30 99 20 BD 4C 9D 88 99 A9 80 20 B5 33
323A  .byte 4C 45 32 BD 88 99 F0 9D 4C 9B 32 BD 29 99 F0 06
324A  .byte DE 29 99 4C A1 34 AD 0A D2 D0 08 AE 21 99 20 BD
325A  .byte 4C D0 28 AC A3 02 D9 D2 31 B0 23 AD 87 99 8D 1B
326A  .byte 99 BD 88 99 20 4E 93 F0 E2 AE 21 99 E0 00 D0 0B
327A  .byte AC F6 98 C0 40 90 04 A8 20 54 93 9D 48 99 BD 88
328A  .byte 99 A0 01 C9 32 90 06 C9 BE 90 06 A0 FF 98 9D 48
329A  .byte 99 BD 48 99 DD 22 99 F0 11 9D 22 99 A9 06 9D 70
32AA  .byte 99 9D 50 99 9D 60 99 4C F9 32 BD 50 99 F0 0D DE
32BA  .byte 68 99 10 08 A9 0C 9D 68 99 DE 50 99 FE 58 99 BD
32CA  .byte 50 99 DD 58 99 90 01 60 A9 00 9D 58 99 20 88 33
32DA  .byte FE 60 99 BD 60 99 C9 05 B0 01 60 A9 00 9D 60 99
32EA  .byte FE 70 99 BD 70 99 C9 06 90 05 A9 00 9D 70 99 20
32FA  .byte 6F 93 20 66 93 AE 21 99 BD 30 99 D0 62 BD 88 99
330A  .byte 18 69 08 8D 19 99 BD DF 34 69 08 8D 1A 99 20 33
331A  .byte 93 30 4C 20 6A 33 30 47 A9 01 85 8C A0 02 B1 80
332A  .byte 18 69 0A 91 80 88 10 F6 20 3F 93 C6 8C 10 ED AE
333A  .byte 21 99 A9 04 20 B5 33 BD 48 99 20 54 93 9D 48 99
334A  .byte AD 0A D2 29 07 09 60 8D A8 99 A9 01 8D A9 99 A5
335A  .byte 13 AC A3 02 18 79 CA 31 D0 02 A9 01 9D 30 99 60
336A  .byte C9 52 90 17 C9 55 B0 13 E9 51 69 26 85 8C A5 80
337A  .byte E5 8C 85 80 B0 02 C6 81 A9 00 60 A9 FF 60 A9 00
338A  .byte BC 48 99 10 02 A9 0A 9D 78 99 98 18 7D 88 99 9D
339A  .byte 88 99 BC C2 33 99 9A 98 99 9B 98 99 9C 98 18 69
33AA  .byte 08 99 B0 98 99 B1 98 99 B2 98 60 BC C2 33 99 C6
33BA  .byte 98 99 C7 98 99 C8 98 60 00 03 06 08 0C 0F 12 AD
33CA  .byte F6 98 38 E9 36 B0 02 A9 00 4A 4A 4A CD 1C 99 D0
33DA  .byte 01 60 8D 1C 99 AA A8 4A 4A 18 69 04 8D D5 99 E0
33EA  .byte 15 B0 10 A9 0F E0 15 B0 06 9D 85 98 E8 D0 05 C0
33FA  .byte 15 90 05 60 C0 15 B0 04 99 84 98 88 C9 01 90 E5
340A  .byte E9 01 4C EF 33 AD 26 98 F0 01 60 EE 26 98 AD 0C
341A  .byte D0 0D 0D D0 29 0C F0 6F A9 08 18 6D F6 98 A2 06
342A  .byte DD DF 34 B0 03 CA D0 F8 AD F5 98 F0 18 10 58 E0
343A  .byte 00 F0 16 20 95 34 C9 11 90 0B 85 8C CA 20 95 34
344A  .byte C5 8C 90 01 E8 E0 00 D0 05 68 68 4C 40 2B BD 30
345A  .byte 99 D0 34 A9 1A 9D 29 99 AD 87 99 8D 1B 99 BD 88
346A  .byte 99 A0 00 20 4E 93 D0 03 20 BD 4C 10 02 A0 0A 9D
347A  .byte 48 99 98 9D 78 99 AE 10 99 D0 0C 8E F5 98 E8 8E
348A  .byte 10 99 A9 1F 8D CB 99 8D 1E D0 60 BD 88 99 38 ED
349A  .byte 87 99 B0 02 49 FF 60 BD 29 99 29 02 D0 09 BD 48
34AA  .byte 99 20 54 93 20 95 33 BD 29 99 0A 0A 0A 29 10 BC
34BA  .byte 78 99 F0 03 18 69 20 85 8C BC DF 34 A6 8C A9 10
34CA  .byte 85 8C BD E6 34 99 00 A6 BD 26 35 99 00 A7 E8 C8
34DA  .byte C6 8C D0 EE 60 3A 52 6A 82 9A B2 CA 00 00 00 40
34EA  .byte 23 17 17 0E 0C 06 0A 0A 12 12 01 00 00 10 23 27
34FA  .byte 2F 2F 1C 18 1C 0A 0A 09 08 04 00 00 00 00 00 00
350A  .byte 01 73 BF 7F 7C 9C 2C 24 44 04 08 00 00 00 00 01
351A  .byte 39 5F 7F 3E 0E 36 44 08 08 10 00 00 00 00 00 00
352A  .byte 80 CE FD FE 3E 39 34 24 22 20 10 00 00 00 00 80
353A  .byte 9C FA FE 7C 70 6C 22 10 10 08 00 00 00 00 00 02
354A  .byte C4 E8 E8 70 30 60 50 50 48 48 80 00 00 08 C4 E4
355A  .byte F4 F4 38 18 38 50 50 90 10 20 00 00 A9 00 8D 4D
356A  .byte 9A 8D 4C 9A AD 49 9A 38 ED 4C 9A 90 04 C9 20 B0
357A  .byte 0A AD 4D 9A 09 01 8D 4D 9A A9 20 8D 1A 99 AD 4C
358A  .byte 9A 4A 4A 8D 4B 9A AD 48 9A 38 ED 4C 9A 90 04 C9
359A  .byte 30 B0 0A AD 4D 9A 09 02 8D 4D 9A A9 30 8D 19 99
35AA  .byte AD 4C 9A 4A 8D 4A 9A 20 33 93 30 1B AD EE 98 F0
35BA  .byte 12 A5 80 38 E9 00 85 82 A5 81 E9 14 85 83 B1 82
35CA  .byte 4C CF 35 A9 01 91 80 AD 19 99 C9 CE 90 0F A9 CE
35DA  .byte 8D 19 99 AD 4D 9A 09 04 8D 4D 9A D0 0A 69 04 8D
35EA  .byte 19 99 CE 4A 9A 10 C0 AD 1A 99 C9 E0 90 0A AD 4D
35FA  .byte 9A 09 08 8D 4D 9A D0 0D 69 08 8D 1A 99 CE 4B 9A
360A  .byte 30 03 4C 90 35 AD 4D 9A C9 0F D0 01 60 AD 4C 9A
361A  .byte 18 69 14 8D 4C 9A B0 03 4C 6E 35 4C 54 00

;============================================================
proc_3628:
3628  lda #0x3f
362A  sta 0x99d4
362D  ldx #0x2c
362F  lda #0x00
L3631:
3631  sta 0x99a6, x
3634  dex 
3635  bpl 0x3631
3637  jsr 0x9324
363A  jsr 0x9336
363D  jsr 0x931b
3640  jsr 0x3654
3643  lda #0xc4
3645  sta 0x02c8
3648  sta 0xd01a
364B  lda #0x7a
364D  sta 0x02c6
3650  sta 0xd018
3653  rts 
3654  .byte AF A7 02 0A 0A AA A0 00 BD 69 36 99 C4 02 E8 C8
3664  .byte C0 04 90 F4 60 9C 54 86 3F F8 1F 44 BF 5C 8F 84
3674  .byte 44 DC F4 46 0F FF 44 24 56 8A 00 00 A4 DC 9E 84
3684  .byte 42 29 20 29 59 29 69 39 BF 60 20 7B 1F A9 02 8D
3694  .byte C7 02 A9 C4 8D C4 02 A9 28 8D C6 02 A9 60 8D C8
36A4  .byte 02 8D 1A D0 A9 00 85 80 A9 A4 85 81 A9 18 8D EF
36B4  .byte 98 A9 00 85 8C A0 1F A6 8C BD 4B 37 C9 FF F0 08
36C4  .byte 09 80 91 80 C8 E8 D0 F1 98 38 E9 24 A8 B0 E8 20
36D4  .byte 3F 93 A5 8C 49 08 CE EF 98 D0 D8 A9 16 8D EF 98
36E4  .byte A9 00 8D 8D 36 AD 8D 36 CD 8C 36 B0 0C F8 69 01
36F4  .byte 8D 8D 36 D8 CE EF 98 D0 EC 60 A9 00 48 A9 53 48
3704  .byte A9 3C 8D D2 99 A9 C0 85 96 A9 BB 85 97 A5 96 38
3714  .byte E9 28 85 96 A5 97 E9 00 85 97 20 1B 93 20 1B 93
3724  .byte A0 27 B1 96 29 7F 91 96 88 10 F7 CE EF 98 10 DD
3734  .byte A2 03 A0 17 BD 13 98 18 69 63 91 96 88 38 E9 10
3744  .byte 91 96 88 CA 10 EE 60 6D 6E 6F 00 6D 6E 6F FF 70
3754  .byte 71 72 00 70 71 72 FF

;============================================================
proc_375B:
375B  lda #0x01
375D  sta 0x9a46
3760  inc 0x98ed
3763  lda 0x02a7
3766  cmp #0x03
3768  bne 0x3776
376A  lsr 0x12
376C  ror 0x13
376E  ror 0x14
3770  lsr 0x12
3772  ror 0x13
3774  ror 0x14
L3776:
3776  lda 0x13
3778  jsr 0x935a
377B  cmp #0x19
377D  bcc 0x3781
377F  lda #0x19
L3781:
3781  sta 0x368c
3784  lda 0x14
3786  lsr a
3787  jsr 0x935a
378A  sta 0x981a
378D  sed 
378E  lda #0x99
3790  sec 
3791  sbc 0x981a
3794  sta 0x981a
3797  ldx 0x02a7
379A  lda 0x3685, x
379D  sbc 0x368c
37A0  bcs 0x37a4
37A2  lda #0x00
L37A4:
37A4  sta 0x9819
37A7  cld 
37A8  jsr 0x392e

;============================================================
proc_37AB:
37AB  jsr 0x3628
37AE  lda 0x9a52
37B1  beq 0x37e9
37B3  lda #0x00
37B5  ldx #0x14
L37B7:
37B7  sta 0x989a, x
37BA  sta 0x98b0, x
37BD  dex 
37BE  bpl 0x37b7
37C0  jsr 0x9336
37C3  ldx #0x93
37C5  ldy #0x60
37C7  lda #0x07
37C9  jsr 0xe45c
37CC  ldx #0x00
37CE  txa 
L37CF:
37CF  sta 0xb800, x
37D2  inx 
37D3  cpx #0x90
37D5  bcc 0x37cf
37D7  sta 0x99c9
37DA  lda #0x40
37DC  sta 0xd40e
37DF  lda #0x42
37E1  sta 0x0230
37E4  lda #0x06
37E6  sta 0x0231
L37E9:
37E9  jsr 0x931b
37EC  lda #0x41
37EE  sta 0x065f
37F1  lda #0x42
37F3  sta 0x0660
37F6  lda #0x06
37F8  sta 0x0661
37FB  .byte AF 87 99 8D 48 9A AF 00 1B 8E 87 99 AF F6 98 8D
380B  .byte 49 9A AF 01 1B 8E F6 98 8D D3 99 A9 00 8D EE 98
381B  .byte 20 66 35 AD 46 9A F0 06 20 8E 36 4C 34 38 20 95
382B  .byte 39 A9 00 8D C8 02 8D 1A D0 20 1E 93 A9 07 8D D5
383B  .byte 99 A2 00 8E C5 9A 8E 3A 9A 8E C0 02 8E C1 02 8E
384B  .byte 1E D0 8E 47 99 8E 45 9A 8E 47 9A 8E 05 99 8E 77
385B  .byte 99 8E 3C 9A 8E 3D 9A 8E 3E 9A 8E 0C 99 8E 9E 99
386B  .byte 8E 65 9A 8E E8 98 E8 8E F5 98 8E EE 98 8E 0B 99
387B  .byte 8E F9 98 E8 8E A4 02 A9 0A 8D FB 98 A9 88 8D F7
388B  .byte 98 A9 17 8D 6F 99 8D 09 99 20 66 35 AD 46 9A D0
389B  .byte 19 AD 52 9A F0 17 20 4B 93 AD 0A D2 8D 18 D0 AE
38AB  .byte A9 99 D0 F5 8E 52 9A 4C D9 38 20 FE 36 A9 00 8D
38BB  .byte C2 99 AE F1 98 BD 92 39 8D C3 99 A9 5F 8D C1 99
38CB  .byte AD 0B D4 6D C4 99 8D 18 D0 AE C1 99 D0 F2 8E 2F
38DB  .byte 02 A9 40 8D 0E D4 20 1B 93 AD A5 02 F0 03 4C 39
38EB  .byte 93 4C 72 93

;============================================================
proc_38EF:
38EF  lda #0x00
38F1  sta 0x0610
38F4  lda #0xb8
38F6  sta 0x0611
38F9  ldy #0x00
L38FB:
38FB  ldx 0x98ee
38FE  bne 0x3910
3900  tya 
3901  lsr a
3902  ldx #0x06
L3904:
3904  dex 
3905  bmi 0x3910
3907  cmp 0x3928, x
390A  bne 0x3904
390C  lda #0x30
390E  bne 0x3912
L3910:
3910  lda #0x28
L3912:
3912  clc 
3913  adc 0x0610, y
3916  sta 0x0612, y
3919  lda 0x0611, y
391C  adc #0x00
391E  sta 0x0613, y
3921  iny 
3922  iny 
3923  cpy #0x30
3925  bcc 0x38fb
3927  rts 
3928  .byte 01 05 09 02 06 0A

;============================================================
proc_392E:
392E  ldx #0x03
3930  lda 0x981a
3933  jsr 0x933c
3936  ldx #0x02
3938  lda 0x9819
393B  jsr 0x933c
393E  ldy #0x03
3940  ldx #0x01
3942  stx 0x98f1
L3945:
3945  lda 0x9819, x
3948  and #0x0f
394A  jsr 0x395d
394D  dey 
394E  lda 0x9819, x
3951  lsr a
3952  lsr a
3953  lsr a
3954  lsr a
3955  jsr 0x395d
3958  dey 
3959  dex 
395A  bpl 0x3945
395C  rts 

;============================================================
proc_395D:
395D  clc 
395E  adc #0x10
3960  sta 0x9813, y
3963  rts 

;============================================================
proc_3964:
3964  ldx #0x04
3966  lda 0x9ca6
3969  adc #0x04
396B  and #0x0c
396D  sta 0x9ca6
3970  clc 
3971  adc #0x03
3973  tay 
L3974:
3974  lda 0x3982, y
3977  sta 0x9812, x
397A  dey 
397B  dex 
397C  bne 0x3974
397E  stx 0x98f1
3981  rts 
3982  .byte 21 72 67 68 2F 75 63 68 21 6C 61 73 30 69 74 79
3992  .byte 45 40 92 A9 00 8D F4 98 A9 A5 8D F3 98 A9 40 8D
39A2  .byte F2 98 85 80 AD F3 98 85 81 AE F4 98 BD 13 98 10
39B2  .byte 01 60 20 CA 39 EE F4 98 AD F2 98 18 69 08 8D F2
39C2  .byte 98 90 DF EE F3 98 D0 DA A2 00 86 83 A0 03 0A 26
39D2  .byte 83 88 D0 FA 85 82 A9 E0 18 65 83 85 83 A2 00 A9
39E2  .byte 80 85 8C A9 00 85 90 8A A8 B1 82 25 8C F0 02 A9
39F2  .byte 01 A4 90 91 80 E6 90 46 8C 90 EC 20 3F 93 E8 E0
3A02  .byte 08 90 DC 60 A9 A4 85 81 A9 C8 85 80 A9 06 8D EF
3A12  .byte 98 A0 27 AD EF 98 F0 05 AD 0A D2 29 02 18 69 56
3A22  .byte 91 80 88 38 E9 01 91 80 88 10 E8 A5 80 18 69 78
3A32  .byte 85 80 90 02 E6 81 CE EF 98 10 D6 AD ED 98 C9 0B
3A42  .byte 90 02 A9 0A 8D EF 98 AE EF 98 BD 62 3A 18 69 48
3A52  .byte 85 80 A9 A7 69 00 85 81 20 6D 3A CE EF 98 D0 E7
3A62  .byte 60 0D 19 05 21 01 25 09 1D 11 15 A9 54 A0 2A 91
3A72  .byte 80 38 E9 01 88 10 01 60 C0 27 D0 F3 A0 02 D0 EF
3A82  .byte AD 06 02 C9 18 90 04 C9 28 90 03 EA EA EA AD 52
3A92  .byte 9A F0 03 4C 06 3A A9 9F 8D 20 A7 8D F9 A6 8D 16
3AA2  .byte A5 8D EF A4 A9 A1 8D C8 A4 8D F1 A4 8D 1E A7 8D
3AB2  .byte 47 A7 A5 54 8D 72 3B A9 A0 A2 23 9D 1A A5 9D FA
3AC2  .byte A6 CA 10 F7 A9 19 85 80 A9 A5 85 81 A2 0C A9 A2
3AD2  .byte A0 00 91 80 A0 24 91 80 20 3F 93 CA D0 F0 A9 A3
3AE2  .byte 8D 3D A5 AD A7 02 C9 03 D0 3B A9 C8 85 80 A9 A4
3AF2  .byte 85 81 A9 00 85 82 A9 A4 85 83 A9 10 8D EF 98 A0
3B02  .byte 27 B1 80 91 82 88 10 F9 20 3F 93 A5 82 18 69 28
3B12  .byte 85 82 90 02 E6 83 CE EF 98 D0 E4 A0 C8 A9 00 99
3B22  .byte 7F A6 88 D0 FA AE A7 02 BD C5 1E 8D 4E 9A

;============================================================
proc_3B30:
3B30  jsr 0x48b4
3B33  lda 0x98ee
3B36  beq 0x3b48
3B38  lda 0x02a7
3B3B  cmp #0x03
3B3D  bcc 0x3b48
3B3F  lda #0x40
3B41  sta 0x3c29
3B44  lda #0x3e
3B46  bne 0x3b4f
L3B48:
3B48  lda #0x72
3B4A  sta 0x3c29
3B4D  lda #0x3d
L3B4F:
3B4F  sta 0x3c2a
3B52  ldx 0x9a4e
3B55  jsr 0x3c28
3B58  sta 0x9a4f
3B5B  inc 0x9a4e
L3B5E:
3B5E  ldx 0x9a4e
3B61  jsr 0x3c28
3B64  bne 0x3b73
3B66  lda 0x98ee
3B69  beq 0x3b72
3B6B  lda 0x02a7
3B6E  cmp #0x01
3B70  beq 0x3bd1
L3B72:
3B72  rts 
L3B73:
3B73  asl a
3B74  tay 
3B75  inx 
3B76  jsr 0x3c28
3B79  sta 0x80
3B7B  inx 
3B7C  jsr 0x3c28
3B7F  sta 0x81
3B81  inx 
3B82  stx 0x9a4e
3B85  lda 0x3d3c, y
3B88  sta 0x82
3B8A  lda 0x3d3d, y
3B8D  sta 0x83
3B8F  lda 0x3d3e, y
3B92  sta 0x9a50
3B95  lda 0x3d3f, y
3B98  sta 0x9a51
3B9B  ldy #0x00
L3B9D:
3B9D  sty 0x90
3B9F  ldy #0x00
3BA1  lda (0x82), y
3BA3  ldy 0x90
3BA5  cmp #0xfe
3BA7  bne 0x3bb0
3BA9  jsr 0x933f
3BAC  ldy #0x00
3BAE  beq 0x3bba
L3BB0:
3BB0  cmp #0xff
3BB2  bne 0x3bb7
3BB4  lda 0x9a4f
L3BB7:
3BB7  sta (0x80), y
3BB9  iny 
L3BBA:
3BBA  inc 0x82
3BBC  bne 0x3bc0
3BBE  inc 0x83
L3BC0:
3BC0  lda 0x82
3BC2  cmp 0x9a50
3BC5  bne 0x3b9d
3BC7  lda 0x83
3BC9  cmp 0x9a51
3BCC  bne 0x3b9d
3BCE  jmp 0x3b5e
L3BD1:
3BD1  lda #0xa3
3BD3  sta 0x80
3BD5  lda #0xa4
3BD7  sta 0x81
3BD9  ldx #0x11
L3BDB:
3BDB  ldy #0x00
3BDD  sty 0x8c
L3BDF:
3BDF  lda (0x80), y
3BE1  bne 0x3bf7
L3BE3:
3BE3  lda 0xd20a
3BE6  bmi 0x3bef
3BE8  and #0x01
3BEA  clc 
3BEB  adc #0x2a
3BED  bne 0x3bf1
L3BEF:
3BEF  lda #0x29
L3BF1:
3BF1  ora 0x8c
3BF3  sta (0x80), y
3BF5  bne 0x3c0d
L3BF7:
3BF7  and #0x7f
3BF9  cmp #0x29
3BFB  bcc 0x3be3
3BFD  cmp #0x30
3BFF  bne 0x3c05
3C01  lda #0x80
3C03  sta 0x8c
L3C05:
3C05  cmp #0x34
3C07  bcc 0x3c0d
3C09  cmp #0x39
3C0B  bcc 0x3c12
L3C0D:
3C0D  iny 
3C0E  cpy #0x19
3C10  bcc 0x3bdf
L3C12:
3C12  jsr 0x933f
3C15  dex 
3C16  bne 0x3bdb
3C18  lda #0x2e
3C1A  sta 0xa5ab
3C1D  lda #0x2c
3C1F  sta 0xa73b
3C22  lda #0xbd
3C24  sta 0xa718
3C27  rts 

;============================================================
proc_3C28:
3C28  lda 0x3d72, x
3C2B  rts 
3C2C  .byte FF FF FF FE FF FF FF FE 00 04 89 FE 00 04 FE 00
3C3C  .byte 04 FE A0 A4 FE 00 04 FE 00 04 FE 05 06 07 08 0A
3C4C  .byte 0A 0A 0A 0A FE A0 A0 A4 0A 0A 0A 8B 8C FE 8D 8E
3C5C  .byte F4 F5 65 66 67 63 64 FE 68 69 6A 6B 6C 71 72 6D
3C6C  .byte 66 70 FE 00 68 69 6A 6F 95 96 FE 94 94 FE 94 94
3C7C  .byte FE 94 94 9E 91 91 91 91 91 8F FE A5 A5 A0 A0 A0
3C8C  .byte A6 A6 FE 97 97 00 00 00 90 90 FE 97 97 00 00 00
3C9C  .byte 90 90 FE 97 00 00 00 00 90 11 11 17 FE 18 19 1A
3CAC  .byte 1B FE 1C 1D 1D 1E FE 1C 1D 1D 1E FE 1C 1D 1D 1E
3CBC  .byte FE 1F 20 21 22 11 11 17 FE 18 19 1A 1B FE 1C 1D
3CCC  .byte 1D 1E FE 1C 1D 1D 1E FE 1F 20 21 22 92 93 91 8F
3CDC  .byte FE 97 97 90 90 FE 97 99 90 98 9A 9B 9C 9D FE 90
3CEC  .byte 90 90 90 FE 90 98 90 98 28 28 28 28 28 28 28 28
3CFC  .byte FE 27 27 01 01 01 01 27 27 FE 27 27 01 01 01 01
3D0C  .byte 27 27 FE 27 27 00 00 00 00 27 27 2C 2D FE 2E 2F
3D1C  .byte 39 3A FE 3B 3C 30 31 32 33 34 35 30 31 32 38 B6
3D2C  .byte B7 04 FE A4 FE 04 FE 08 04 FE 04 6A 6B FE 6C 6D
3D3C  .byte 00 00 2C 3C 47 3C 4A 3C 4B 3C 54 3C 57 3C 5C 3C
3D4C  .byte 5E 3C 69 3C 74 3C 7F 3C A5 3C C1 3C D8 3C E6 3C
3D5C  .byte F4 3C 17 3D 1C 3D 21 3D 25 3D 27 3D 2B 3D 2D 3D
3D6C  .byte 34 3D 37 3D 3C 3D 02 0D 03 BB 0C E0 BA 0D 0D BB
3D7C  .byte 0D 13 BB 0D 1F BB 0C FC BA 00 02 0C DB BA 0C DF
3D8C  .byte BA 0D 0C BB 0D 14 BB 0C FA BA 00 02 0D 03 BB 0C
3D9C  .byte E0 BA 0D 14 BB 0C F9 BA 00 02 0D 04 BB 0C E3 BA
3DAC  .byte 0D 23 BB 00 02 01 32 A6 02 72 A7 0A 87 A6 0E 27
3DBC  .byte A7 0A 9E A6 0F 3C A7 0A A3 A6 0F 41 A7 06 C3 A5
3DCC  .byte 0B E0 A6 10 AB A5 00 02 12 AB A4 12 AE A4 12 D8
3DDC  .byte A4 11 43 A5 11 21 A5 11 77 A5 11 C2 A5 11 F9 A5
3DEC  .byte 11 E5 A5 11 3C A6 11 93 A6 11 69 A6 11 AE A6 11
3DFC  .byte DD A6 11 FC A6 11 10 A7 10 AD A5 13 A3 A4 13 CF
3E0C  .byte A4 13 FB A4 13 27 A5 13 53 A5 15 7F A5 14 B0 A4
3E1C  .byte 14 DA A4 14 04 A5 16 2E A5 14 58 A5 0A 75 A6 0E
3E2C  .byte 15 A7 05 C9 A6 17 F2 A6 00 03 10 94 A5 0A 87 A6
3E3C  .byte 0E 27 A7 00 03 10 CD A4 0A C1 A5 0E 61 A6 01 8A
3E4C  .byte A5 03 CB A6 06 E4 A4 0A D5 A5 0F 73 A6 08 B5 A6
3E5C  .byte 08 F8 A6 08 0F A7 08 17 A7 08 56 A7 08 5D A7 09
3E6C  .byte AB A6 09 BE A6 09 01 A7 09 09 A7 09 4C A7 09 6A
3E7C  .byte A7 07 D2 A6 07 E2 A6 07 E5 A6 07 25 A7 07 28 A7
3E8C  .byte 07 30 A7 07 3C A7 07 44 A7 07 73 A7 07 83 A7 07
3E9C  .byte 8A A7 07 91 A7 00 03 10 A0 A5 0A 83 A6 0B D8 A6
3EAC  .byte 0A 93 A6 0E 23 A7 0F 31 A7 04 EB A6 02 8C A7 01
3EBC  .byte 52 A6 02 92 A7 18 3D A7 00 02 10 98 A5 01 32 A6
3ECC  .byte 03 73 A7 0A 86 A6 0E 26 A7 01 41 A6 03 82 A7 0A
3EDC  .byte 8E A6 0F 2C A7 19 90 A4 19 94 A4 19 98 A4 00 CE
3EEC  .byte 1E 99 10 61 A9 0E 8D 1E 99 AD 1D 99 F0 11 A5 14
3EFC  .byte 29 10 F0 02 A9 4C 8D C0 02 8D C1 02 4C 56 3F AD
3F0C  .byte F6 98 C9 4A 90 17 69 07 8D 1A 99 AD 87 99 69 08
3F1C  .byte 8D 19 99 20 33 93 30 05 20 6A 33 10 07 A9 00 8D
3F2C  .byte 1F 99 F0 21 AD 1F 99 D0 1C A9 01 85 8C 8D 1D 99
3F3C  .byte A0 02 A9 00 91 80 88 10 FB 20 3F 93 C6 8C 10 F0
3F4C  .byte A9 08 8D C8 99 AD 1D 99 F0 46 AD 84 02 D0 41 AD
3F5C  .byte F6 98 C9 4A 90 3A 8D 1A 99 AD 87 99 69 04 8D 19
3F6C  .byte 99 20 33 93 30 2A A0 02 B1 80 D0 24 88 10 F9 A0
3F7C  .byte 2A B1 80 D0 1B 88 C0 27 D0 F7 8D 1D 99 8D C0 02
3F8C  .byte 8D C1 02 20 6D 3A A9 01 8D 1F 99 A9 08 8D C8 99
3F9C  .byte 60 CE 75 9A 10 0A A9 0E 8D 75 9A AD 79 9A D0 01
3FAC  .byte 60 A2 02 C9 31 90 11 C9 CD 90 10 A8 AD 0A D2 09
3FBC  .byte FE 8D 7C 9A 49 01 AA 98 8E 7A 9A A2 03 18 6D 7A
3FCC  .byte 9A 8D 79 9A 18 9D 04 D0 69 02 CA 10 F8 20 6C 40
3FDC  .byte C0 50 B0 0B AD 7C 9A 10 06 A9 00 8D 79 9A 60 C0
3FEC  .byte E0 90 0F AD 0A D2 09 FE 8D 7C 9A 49 FE AA E8 8E
3FFC  .byte 7A 9A AD 7B 9A 18 6D 7C 9A 8D 7B 9A A8 AD 7D 9A
400C  .byte 4A 29 38 C9 28 B0 03 EE 7D 9A AA A9 08 85 8C BD
401C  .byte B7 41 99 00 A3 C8 E8 C6 8C D0 F4 AD 7B 9A C9 40
402C  .byte 90 39 69 03 8D 1A 99 AD 79 9A 69 04 8D 19 99 20
403C  .byte 33 93 30 27 48 A2 02 AD 76 9A 10 02 A2 00 68 DD
404C  .byte 68 40 F0 08 DD 69 40 D0 12 20 42 93 8A 49 02 AA
405C  .byte BD 68 40 91 80 C8 BD 69 40 91 80 60 55 56 57 58
406C  .byte AC 7B 9A A9 00 A2 08 99 00 A3 C8 CA D0 F9 60

;============================================================
proc_407B:
407B  dec 0x02c5
407E  dec 0x9a80
4081  bpl 0x409e
4083  lda #0x0c
4085  sta 0x9a80
4088  ldx #0x17
L408A:
408A  lda 0x81f8, x
408D  tay 
408E  lda 0x8210, x
4091  sta 0x81f8, x
4094  tya 
4095  sta 0x8210, x
4098  dex 
4099  bpl 0x408a
L409B:
409B  jmp 0x4149
L409E:
409E  lda 0x9a80
40A1  and #0x03
40A3  bne 0x409b
40A5  lda 0x9a81
40A8  clc 
40A9  adc 0x9a82
40AC  cmp #0xff
40AE  beq 0x40ba
40B0  cmp #0x08
40B2  bne 0x40c0
40B4  lda #0x06
40B6  ldx #0xff
40B8  bmi 0x40bd
L40BA:
40BA  lda #0x01
40BC  tax 
L40BD:
40BD  stx 0x9a82
L40C0:
40C0  sta 0x9a81
40C3  sta 0xd405
40C6  dec 0x9a7f
40C9  bpl 0x4140
40CB  lda #0x0f
40CD  sta 0x9a7f
40D0  ldx #0x00
L40D2:
40D2  lda 0xb804, x
40D5  sta 0xb800, x
40D8  lda 0xb834, x
40DB  sta 0xb830, x
40DE  lda 0xb864, x
40E1  sta 0xb860, x
40E4  inx 
40E5  cpx #0x2c
40E7  bcc 0x40d2
40E9  lda 0xd20a
40EC  bmi 0x4100
40EE  ldx #0x03
40F0  lda #0x00
L40F2:
40F2  sta 0xb82c, x
40F5  sta 0xb85c, x
40F8  sta 0xb88c, x
40FB  dex 
40FC  bpl 0x40f2
40FE  bmi 0x4140
L4100:
4100  lda 0x9a7e
4103  eor #0x80
4105  sta 0x9a7e
4108  ldx #0x03
L410A:
410A  lda 0x41ab, x
410D  ora 0x9a7e
4110  sta 0xb82c, x
4113  lda 0x41af, x
4116  ora 0x9a7e
4119  sta 0xb85c, x
411C  lda 0x41b3, x
411F  ora 0x9a7e
4122  sta 0xb88c, x
4125  dex 
4126  bpl 0x410a
4128  lda 0xd20a
412B  bmi 0x4140
412D  lda #0x42
412F  ora 0x9a7e
4132  sta 0xb82e
4135  clc 
4136  adc #0x01
4138  sta 0xb82f
413B  adc #0x01
413D  sta 0xb85f
L4140:
4140  lda 0x9a7f
4143  sta 0xd40a
4146  sta 0xd404
L4149:
4149  lda 0x9a79
414C  bne 0x41a6
414E  lda 0xd20a
4151  and #0x1f
4153  tax 
4154  lda 0xb838, x
4157  tay 
4158  and #0x7f
415A  cmp #0x4e
415C  bne 0x41a6
415E  tya 
415F  and #0x80
4161  sta 0x9a77
4164  ora #0x47
4166  sta 0xb838, x
4169  lda 0x9a77
416C  ora #0x49
416E  sta 0xb867, x
4171  lda 0x9a77
4174  clc 
4175  rol a
4176  rol a
4177  tay 
4178  lda 0x41a9, y
417B  sta 0x9a76
417E  lda #0x2c
4180  clc 
4181  adc 0x9a81
4184  sta 0x9a7b
4187  ldy #0x02
4189  sty 0x9a7c
418C  ldy #0x00
418E  sty 0x9a7d
4191  ldy #0xfe
4193  sty 0x9a7a
4196  txa 
4197  asl a
4198  asl a
4199  adc #0x3c
419B  adc 0x9a7f
419E  sta 0x9a79
41A1  lda #0x0f
41A3  sta 0x99c9
L41A6:
41A6  jmp 0x9360
41A9  .byte 80 40 3E 45 3F 40 46 4E 48 41 4D 4A 4B 4C 01 02
41B9  .byte 04 08 10 20 40 80 01 02 04 08 10 60 E0 C0 01 02
41C9  .byte 04 18 78 F0 F0 E0 01 06 6E FC F8 FC FC F8 60 F6
41D9  .byte FE F8 FE FF FE F8 60 F0 F0 E6 FF FF FE F8 70 F0
41E9  .byte 70 64 A0 B8 74 00 B8 34 34 C4 A0 B8 C4 A0 B8 84
41F9  .byte 84 84 84 84 84 84 84 84 84 84 84 84 84 84 84 84
4209  .byte 84 84 41 E7 41 0F 32 00 B2 10 20 00 05 0A 19 28
4219  .byte 28 28 28 28 08 10 14 18 18 18 18 18 52 5E 66 34
4229  .byte 4C 64 3C 50 8C 58 74 6C 40 5C 38 88 40 40 48 60
4239  .byte 58 68 80 78 80 90 A0 98 A8 B0 B8 B8 00 00 00 00
4249  .byte 02 03 1F 7E BC 32 60 80 00 00 00 00 00 00 00 00
4259  .byte 40 C0 F8 7E 3D 4C 06 01 00 00 00 00 00 00 00 00
4269  .byte 28 38 BA 54 38 38 38 54 00 00 00 00 00 00 00 00
4279  .byte 00 00 00 28 38 38 10 7C BA 38 54 00 CE E2 99 30
4289  .byte 01 60 A9 04 8D E2 99 CE E3 99 10 0F AD 1C 9A C9
4299  .byte 02 D0 03 20 70 46 A2 03 8E E3 99 AE E3 99 BD F8
42A9  .byte 99 30 DE F0 66 AD 53 9A 8D 1B 99 BD FC 99 20 4E
42B9  .byte 93 D0 45 BD 21 9A C9 88 F0 12 A9 7C 8D 1B 99 BD
42C9  .byte 00 9A 20 4E 93 D0 0E A9 88 9D 21 9A BD 00 9A C9
42D9  .byte 90 B0 13 A9 01 18 7D 00 9A 9D 00 9A 0A 9D 40 98
42E9  .byte 20 61 46 4C 2F 49 A9 80 9D F8 99 BD 1D 9A 18 6D
42F9  .byte C8 99 8D C8 99 4C 0C 45 18 7D FC 99 20 52 46 29
4309  .byte 08 F0 02 A9 4F 9D 40 98 4C 61 46 8A 49 01 A8 B9
4319  .byte F8 99 F0 02 10 08 BD 14 9A D0 04 4C 8B 43 60 C9
4329  .byte 10 D0 20 B9 14 9A C9 10 D0 F4 20 CD 44 90 EF BC
4339  .byte 08 9A A9 00 99 54 98 B9 44 98 9D 08 9A 20 2B 46
4349  .byte 4C 87 43 20 61 46 BD 00 9A 8D 1A 99 BD 04 9A 8D
4359  .byte 74 98 BD 08 9A 8D 75 98 A0 03 A9 00 99 70 98 88
4369  .byte 10 FA 20 5D 93 20 45 48 AE E3 99 AD 1A 99 9D 00
4379  .byte 9A 20 19 45 A0 0F B9 64 98 91 82 88 10 F8 DE 14
4389  .byte 9A 60 20 61 46 BC 0C 9A 10 0D C0 80 F0 03 4C 90
4399  .byte 44 20 43 45 20 F2 44 20 EB 44 29 FE D9 25 42 D0
43A9  .byte 78 A9 00 9D E4 99 20 E1 44 29 FC D9 35 42 D0 69
43B9  .byte BD 18 9A F0 3F AD 05 99 D0 20 BD FC 99 8D 19 99
43C9  .byte BD 00 9A 8D 1A 99 20 7A 4C 84 90 AC A3 02 D9 15
43D9  .byte 42 B0 07 A5 90 9D 08 9A 90 2A DE 18 9A 20 19 45
43E9  .byte BD 18 9A 29 10 AA A0 00 BD 65 42 91 82 E8 C8 C0
43F9  .byte 10 90 F5 60 98 9D 08 9A 20 CD 44 B0 07 A9 32 9D
4409  .byte 18 9A D0 D6 A9 20 9D 14 9A A9 80 9D 0C 9A A9 FA
4419  .byte 9D 18 9A 20 0C 45 4C 18 46 BD FC 99 18 7D E4 99
4429  .byte 20 52 46 BD 00 9A 18 7D 04 9A 9D 00 9A C9 C5 B0
4439  .byte 3B C9 30 B0 05 A9 01 9D 04 9A DE F4 99 10 15 BD
4449  .byte F0 99 9D F4 99 BD 04 9A C9 04 F0 08 FE 04 9A D0
4459  .byte 03 FE 04 9A 20 19 45 BC E4 99 C8 BE 12 42 A0 00
4469  .byte BD 45 42 91 82 C8 E8 C0 10 90 F5 60 20 0C 45 A9
4479  .byte C5 9D 00 9A BC 0C 9A A9 00 99 54 98 9D E4 99 9D
4489  .byte 04 9A A9 FF 9D 0C 9A A0 FE BD FC 99 CD 87 99 90
4499  .byte 02 A0 02 98 DD E4 99 F0 0B 9D E4 99 A9 00 9D F0
44A9  .byte 99 9D EC 99 BD FC 99 18 7D E4 99 C9 04 B0 06 20
44B9  .byte 0C 45 4C 0F 47 20 52 46 20 ED 45 10 06 20 19 45
44C9  .byte 20 45 93 60 BC 08 9A B9 44 98 A8 B9 25 42 20 E4
44D9  .byte 45 AC A3 02 D9 1D 42 60 BD 00 9A C0 03 B0 02 69
44E9  .byte 04 60 BD FC 99 38 E9 0A 60 AD BC 99 D0 14 AD A9
44F9  .byte 99 D0 0F AD 0A D2 29 1F 69 20 8D B5 99 A9 12 8D
4509  .byte B4 99 60 20 19 45 A9 00 A0 0F 91 82 88 10 FB 60

;============================================================
proc_4519:
4519  txa 
451A  lsr a
451B  and #0x01
451D  clc 
451E  adc #0xa6
4520  sta 0x83
4522  lda 0x9a00, x
4525  cmp #0xf0
4527  bcc 0x452b
4529  lda #0xf0
L452B:
452B  sta 0x82
452D  rts 
452E  .byte BD 18 02 59 29 49 85 8C B9 D3 01 5D 50 1F 05 8C
453E  .byte F0 ED 60 BB 28 BD FC 99 A0 90 CD 87 99 90 02 A0
454E  .byte 90 8C 80 45 A9 00 85 8D BD 10 9A 85 8F BD 08 9A
455E  .byte 85 8E AD 0A D2 29 0F C5 8E F0 F7 85 90 A0 0F C4
456E  .byte 8E F0 28 C4 8F F0 24 B9 54 98 D0 1F 20 EB 44 D9
457E  .byte 25 42 90 17 B9 25 42 8D 19 99 B9 35 42 8D 1A 99
458E  .byte 20 7A 4C C5 8D 90 04 85 8D 84 90 88 10 D1 A5 90
459E  .byte 9D 0C 9A 9D 10 9A A8 A9 01 99 54 98 20 EB 44 29
45AE  .byte FE F9 25 42 A0 FF B0 04 A0 01 49 FF 4A 4A 4A 9D
45BE  .byte F0 99 98 9D E4 99 BC 0C 9A 20 E1 44 38 F9 35 42
45CE  .byte B0 02 A9 00 4A 4A 4A 7D F0 99 9D F0 99 9D F4 99
45DE  .byte A9 FC 9D 04 9A 60 38 ED 87 99 B0 02 49 FF 60

;============================================================
proc_45ED:
45ED  dec 0x99f0, x
45F0  bpl 0x4617
45F2  lda #0x05
45F4  sta 0x99f0, x
45F7  dec 0x99ec, x
45FA  lda 0x99ec, x
45FD  bpl 0x4604
45FF  lda #0x02
4601  sta 0x99ec, x
L4604:
4604  clc 
4605  adc #0x01
4607  ldy 0x99e4, x
460A  bne 0x460e
460C  adc #0x06
L460E:
460E  bpl 0x4612
4610  adc #0x03
L4612:
4612  sta 0x99e8, x
4615  lda #0xff
L4617:
4617  rts 
4618  .byte BC 08 9A B9 35 42 9D 00 9A A9 FF C0 03 B0 1D A9
4628  .byte 01 90 19 BC 08 9A A9 F8 C0 03 B0 02 A9 08 79 35
4638  .byte 42 9D 00 9A A9 01 C0 03 B0 02 A9 FF 9D 04 9A A9
4648  .byte 00 9D E4 99 B9 25 42 18 69 0A 9D FC 99 E0 02 B0
4658  .byte 04 8D 68 9A 60 8D 64 9A 60 BD 40 98 E0 02 B0 04
4668  .byte 8D 6A 9A 60 8D 66 9A 60 A2 02 BD F8 99 10 05 BD
4678  .byte F9 99 30 05 CA CA 10 F2 60 8A 49 02 A8 B9 F8 99
4688  .byte D0 F6 B9 F9 99 D0 F1 B9 14 9A C9 10 F0 01 C8 A9
4698  .byte 80 99 F8 99 A9 00 9D F8 99 B9 08 9A 9D 08 9A B9
46A8  .byte 0E 42 9D 40 98 20 0C 45 4C 2B 46 F6 9B AC 1E D2
46B8  .byte 43 58 70 EB 6F CA 29 D7 51 48 03 79 CD BF A0 E1
46C8  .byte 64 23 85 2D 0E F6 5B CA 97 81 34 A0 00 AD A3 02
46D8  .byte 29 03 0A 0A 0A AA BD B3 46 4A 4A 4A 4A 20 06 47
46E8  .byte C8 BD B3 46 29 0F 20 06 47 E8 C8 C0 10 90 E7 A2
46F8  .byte 03 20 0F 47 BD 0E 42 9D 40 98 CA 10 F4 60 99 44
4708  .byte 98 A9 00 99 54 98 60 A9 00 9D F8 99 9D E8 99 A9
4718  .byte 80 9D 0C 9A 9D 10 9A AD 0A D2 29 0F 9D 08 9A A8
4728  .byte B9 54 98 D0 F2 A9 01 99 54 98 20 2B 46 A9 10 9D
4738  .byte 14 9A 60 AD 3A 9A D0 12 CE 70 9A 10 12 AD 05 99
4748  .byte D0 6F A2 10 8E 70 9A CA 10 06 A9 FF 8D 71 9A 60
4758  .byte AD F6 98 E0 03 B0 04 69 06 90 02 E9 06 29 FC DD
4768  .byte 35 42 D0 E3 AD 87 99 DD 25 42 90 DB E9 09 DD 25
4778  .byte 42 B0 D4 EC 71 9A F0 D7 AD 84 02 D0 CD A9 FF E0
4788  .byte 03 B0 02 A9 01 8D F5 98 8E 71 9A A9 1F 8D 05 99
4798  .byte A9 17 8D 6F 99 8D 09 99 A9 00 8D 77 99 8D 47 99
47A8  .byte BD 25 42 18 69 0A 8D 00 D0 A9 00 8D 01 D0 20 48
47B8  .byte 93 A9 18 8D 70 9A AD 05 99 C9 10 D0 45 20 48 93
47C8  .byte AE 71 9A BC 44 98 8C 71 9A A2 00 8E 47 99 8E 0A
47D8  .byte 99 E8 A9 06 C0 03 B0 04 A2 FF A9 00 8E F5 98 8D
47E8  .byte FB 98 B9 25 42 18 69 06 8D 87 99 69 04 8D 00 D0
47F8  .byte A9 F3 C0 03 B0 02 A9 08 18 79 35 42 8D F6 98 4C
4808  .byte 41 48 A2 0F BD 16 94 9D 64 98 CA 10 F7 AD F6 98
4818  .byte 8D 1A 99 AD F5 98 8D 74 98 AD 71 9A 8D 75 98 20
4828  .byte 45 48 AD 1A 99 8D F6 98 A2 00 AC F6 98 BD 64 98
4838  .byte 99 00 A4 C8 E8 E0 10 90 F4 CE 05 99 60 AD 1A 99
4848  .byte 18 6D 74 98 8D 1A 99 85 8D AE 75 98 BD 35 42 18
4858  .byte 69 02 85 8C AD 1A 99 38 E5 8C B0 02 A9 00 85 91
4868  .byte E0 03 90 02 69 0A AA A0 00 A5 8D C5 8C B0 0E AD
4878  .byte 75 98 C9 03 90 27 A9 00 99 64 98 F0 20 A5 91 C9
4888  .byte 0B 90 0E AD 75 98 C9 03 B0 13 A9 00 99 64 98 F0
4898  .byte 0C B9 64 98 3D 00 94 99 64 98 E8 E6 91 E6 8D C8
48A8  .byte C0 10 90 C5 60
L48AD:
48AD  lda 0x1f51
48B0  sta 0x3b72
48B3  rts 

;============================================================
proc_48B4:
48B4  ldy #0xff
48B6  iny 
48B7  bmi 0x48ad
48B9  lda 0xa000, y
48BC  eor 0xa080, y
48BF  nop 
48C0  nop 
48C1  rts 
48C2  .byte AD 26 98 F0 01 60 EE 26 98 AD 2B 9A F0 07 AD F6
48D2  .byte 98 C9 BF B0 51 AD 0C D0 0D 0D D0 29 0C F0 47 A0
48E2  .byte 01 A2 00 29 04 D0 02 A2 02 BD 14 9A C9 10 D0 06
48F2  .byte E8 88 10 F5 30 30 BD F8 99 D0 2B A9 10 9D 14 9A
4902  .byte 9D F8 99 20 0C 45 EE 1C 9A AD 1C 9A C9 04 90 05
4912  .byte 68 68 4C 5B 37 0A 0A 0A 9D 1D 9A A9 FF 9D 21 9A
4922  .byte 20 2F 49 20 4B 93 20 44 2A 8D 1E D0 60

;============================================================
proc_492F:
492F  jsr 0x4519
4932  lda #0x00
4934  sta 0x82
4936  lda #0x08
4938  sta 0x8c
493A  lda 0x9a21, x
493D  sta 0x8d
493F  ldy 0x9a00, x
4942  lda 0x9a1d, x
4945  tax 
L4946:
4946  cpy 0x8d
4948  bcs 0x4955
494A  lda 0xe080, x
494D  sta (0x82), y
494F  inx 
4950  iny 
4951  dec 0x8c
4953  bne 0x4946
L4955:
4955  rts 
4956  .byte 48 8A 48 AE A8 02 F0 34 E0 03 90 0C A9 F6 8D 16
4966  .byte D0 A9 F0 8D 18 D0 D0 24 BD 63 9A 8D 03 D0 BD 67
4976  .byte 9A 8D 02 D0 BD 6B 9A 8D 0B D0 BD 6D 9A 8D 0A D0
4986  .byte BD 65 9A 8D 15 D0 BD 69 9A 8D 14 D0 EE A8 02 68
4996  .byte AA 68 40 00
L499A:
499A  jsr 0x931b
499D  dey 
499E  bne 0x499a
49A0  jmp 0x1cff
49A3  .byte 48 8A 48 AE A8 02 F0 29 E0 01 D0 18 CE 78 9A AD
49B3  .byte 78 9A 29 0F 0D 76 9A 8D 19 D0 A9 92 8D 16 D0 A9
49C3  .byte 8F 8D 17 D0 8A 0A 0A 29 30 69 30 1D 84 98 8D 18
49D3  .byte D0 BD 9A 98 8D 0A D4 8D 02 D0 BD B0 98 8D 03 D0
49E3  .byte BD C6 98 8D 14 D0 8D 15 D0 EE A8 02 68 AA 68 40
49F3  .byte 52 48 AD A8 02 F0 0C A9 C0 8D 0A D4 8D 18 D0 A9
4A03  .byte F8 D0 02 A9 F0 8D 0A D4 8D 16 D0 EE A8 02 68 40
4A13  .byte 00 C0 68 38 70 40 00 00 00 00 68 D8 30 40 00 00
4A23  .byte 00 04 1C 38 10 20 00 00 00 03 16 1C 0E 02 00 00
4A33  .byte 00 00 16 1B 0C 02 00 00 00 20 38 1C 08 04 00 00
4A43  .byte 1C 3E 7F EB C5 99 EB 85 99 EB 85 99 EB F7 7E 1C
4A53  .byte 3C 4C 5C 9C A6 B4 AA 54 B4 BC A6 8B 9D 72 71 71
4A63  .byte 71 9D BC BC 9D 82 07 0A 03 0F CE 5F 9A 30 01 60
4A73  .byte A9 0C 8D 5F 9A AD 5A 9A C9 A4 D0 1F 20 6E 4C 0A
4A83  .byte C9 07 B0 02 A9 07 8D 5F 9A CD 0A D2 B0 0A AD 0A
4A93  .byte D2 C9 0C B0 03 20 98 4C 4C E2 4A A2 0C 8E 5F 9A
4AA3  .byte C9 BF B0 3B A9 06 8D 5F 9A EE 5A 9A AD 5A 9A C9
4AB3  .byte BF D0 05 A9 07 8D C7 99 AD 58 9A 8D 1B 99 AD 59
4AC3  .byte 9A 20 4E 93 18 6D 59 9A 8D 59 9A 8D 68 9A 20 B7
4AD3  .byte 4D AC 5E 9A A2 08 A9 00 99 00 A7 C8 CA 10 F9 AD
4AE3  .byte 5B 9A F0 12 AD 0A D2 C9 04 90 03 4C 26 4C A9 00
4AF3  .byte 8D 5B 9A 20 98 4C 20 6E 4C CD 05 98 B0 30 AD 5D
4B03  .byte 9A 8D 1B 99 AD 87 99 20 4E 93 8D 62 9A AD 5E 9A
4B13  .byte 8D 1B 99 AD F6 98 20 4E 93 8D 63 9A A9 00 8D 5C
4B23  .byte 9A AD 0A D2 C9 08 B0 45 20 98 4C 4C 70 4B AD 0A
4B33  .byte D2 D0 03 20 98 4C AE 5C 9A D0 14 AD 0A D2 C9 0C
4B43  .byte B0 03 20 AA 4C AD 0A D2 C9 0C B0 21 8D 5C 9A BD
4B53  .byte 52 4A 8D 1B 99 AD 5D 9A 20 4E 93 8D 62 9A BD 5D
4B63  .byte 4A 8D 1B 99 AD 5E 9A 20 4E 93 8D 63 9A AD 5D 9A
4B73  .byte 18 6D 62 9A AE 5A 9A E0 BF F0 21 CD 59 9A B0 08
4B83  .byte 20 AA 4C AD 59 9A D0 14 E9 09 CD 59 9A B0 04 69
4B93  .byte 09 D0 09 20 AA 4C AD 59 9A 18 69 08 20 51 93 8D
4BA3  .byte 5D 9A 8D 64 9A F0 09 AD 62 9A 20 54 93 8D 62 9A
4BB3  .byte AD 5E 9A 18 6D 63 9A AE 5A 9A E0 BF F0 27 38 E9
4BC3  .byte 03 CD 5A 9A B0 0B 20 AA 4C AD 5A 9A 18 69 04 D0
4BD3  .byte 14 E9 06 CD 5A 9A B0 04 69 09 D0 09 20 AA 4C AD
4BE3  .byte 5A 9A 18 69 08 20 51 93 C9 BF 90 02 A9 BF 8D 5E
4BF3  .byte 9A 8A F0 09 AD 63 9A 20 54 93 8D 63 9A AE 5A 9A
4C03  .byte E0 BF D0 1F AE 5C 9A F0 1A AD 5D 9A DD 52 4A D0
4C13  .byte 12 AD 5E 9A DD 5D 4A D0 0A A9 00 8D 5C 9A A9 0C
4C23  .byte 8D 5B 9A CE 60 9A 10 0B AD 5B 9A 69 04 8D 60 9A
4C33  .byte CE 61 9A AD 61 9A 10 0E AD 5B 9A F0 04 A9 01 D0
4C43  .byte 02 A9 02 8D 61 9A AE 62 9A 10 03 18 69 03 0A 0A
4C53  .byte 0A AA A9 08 85 8C AC 5E 9A BD 13 4A 99 00 A7 E8
4C63  .byte C8 C6 8C D0 F4 60
L4C69:
4C69  sta 0x10
4C6B  jmp 0x4cb7
4C6E  .byte AD 5D 9A 8D 19 99 AD 5E 9A 8D 1A 99

;============================================================
proc_4C7A:
4C7A  lda 0x9987
4C7D  sec 
4C7E  sbc 0x9919
4C81  bcs 0x4c85
4C83  eor #0xff
L4C85:
4C85  lsr a
4C86  sta 0x8c
4C88  lda 0x98f6
4C8B  sec 
4C8C  sbc 0x991a
4C8F  bcs 0x4c93
4C91  eor #0xff
L4C93:
4C93  lsr a
4C94  clc 
4C95  adc 0x8c
4C97  rts 
4C98  .byte AD 0A D2 29 03 AA BD 69 4A 8D C6 99 A9 0F 8D C5
4CA8  .byte 99 60 20 BD 4C 8D 62 9A 20 BD 4C 8D 63 9A 60
L4CB7:
4CB7  sta 0xd20e
4CBA  jmp 0x4db3

;============================================================
proc_4CBD:
4CBD  lda 0xd20a
4CC0  and #0x01
4CC2  bne 0x4cc6
4CC4  lda #0xff
L4CC6:
4CC6  rts 
4CC7  .byte AD 26 98 F0 03 4C 82 4D EE 26 98 AD 5A 9A C9 A4
4CD7  .byte F0 07 A9 00 8D 55 9A F0 7F AD 0C D0 0D 0D D0 29
4CE7  .byte 04 D0 05 8D 55 9A F0 70 AD F6 98 C9 B5 B0 E3 AD
4CF7  .byte 55 9A D0 4D AD 14 99 8D 55 9A A9 04 8D FB 98 AD
4D07  .byte F5 98 F0 07 A2 10 8E 0A 99 A9 01 8D 57 9A AD 47
4D17  .byte 99 D0 03 20 BD 4C 8D 56 9A 18 6D 59 9A AE F5 98
4D27  .byte F0 04 18 6D 56 9A 8D 59 9A 8D 68 9A A2 5F C9 65
4D37  .byte 90 06 A2 8C C9 85 90 09 EE 5A 9A 8E 58 9A 20 B7
4D47  .byte 4D AD 56 9A 20 54 93 8D 47 99 AD 57 9A 8D F5 98
4D57  .byte 20 57 93 A9 06 8D 4F 99 AD 0C D0 0D 0D D0 29 08
4D67  .byte F0 13 AD F6 98 C9 BF B0 0C AD 5A 9A C9 BF D0 05
4D77  .byte 68 68 4C 5B 37 20 44 2A 8D 1E D0 60

;============================================================
proc_4D83:
4D83  lda 0x9910
4D86  bne 0x4db2
4D88  lda 0xd008
4D8B  ora 0xd009
4D8E  ora 0xd00a
4D91  ora 0xd00b
4D94  and #0x03
4D96  beq 0x4daf
4D98  lda 0x98f5
4D9B  bne 0x4db2
4D9D  lda 0x98f6
4DA0  cmp #0xd4
4DA2  beq 0x4db2
4DA4  lda #0x0f
4DA6  sta 0x99bb
4DA9  sta 0x98f8
4DAC  sta 0x9a27
L4DAF:
4DAF  sta 0x9910
L4DB2:
4DB2  rts 
L4DB3:
4DB3  cli 
4DB4  jmp 0x30e5
4DB7  .byte AC 5A 9A A9 00 99 00 A6 AA C8 BD 43 4A 99 00 A6
4DC7  .byte E8 E0 10 90 F4 60 00 52 40 3F A4 DE F2 54 7B E8
4DD7  .byte AC 0B 04 4D E2 A9 EB 10 E2 24 F7 3A 72 FF 58 0D
4DE7  .byte 48 E3 EF A4 A5 A9 9D 36 D0 10 42 B6 5F E4 4B 8D
4DF7  .byte C0 62 0F DC 7A 86 10 BA 88 CA 8D 38 55 8E 57 06
4E07  .byte 62 0A 95 9E AE 6D 1F 9B 77 BB 3E 83 20 C5 2B 9A
4E17  .byte 3A B2 D8 0C F7 E8 96 96 FD F0 EB 57 55 F5 89 CF
4E27  .byte CF F6 E6 80 FF 4D 20 D2 DC 02 24 CA 97 9E BE 55
4E37  .byte 02 32 AB 80 D6 FD E0 CE 2A 8E C5 18 78 7C 90 84
4E47  .byte A7 A0 56 F5 06 59 0E 2E 8D 43 21 5E B2 10 C6 18
4E57  .byte E4 C2 5A 0E FA 46 52 B4 E1 67 FB C2 2C B8 61 A1
4E67  .byte C2 B5 59 98 A6 1C 68 A8 A0 08 CF C9 43 A5 A9 B8
4E77  .byte C1 79 C9 20 14 86 52 86 1B C9 46 21 0C 11 C4 18
4E87  .byte 73 FB 83 AD 7E 8B BC 6D 3D 82 39 17 DC 59 1B E0
4E97  .byte 0B CF B4 B3 37 3F 83 44 12 BF A2 90 A7 90 CE F5
4EA7  .byte B3 54 0A 9D 1B E2 71 84 BD C9 38 F0 E9 E5 75 2F
4EB7  .byte 0D 09 5B 2A 7E 97 32 F9 64 4E 62 3D EC FF 8B 9D
4EC7  .byte 03 9C 51 FF 4F 17 12 BF 93 48 30 53 BB 93 C4 E7
4ED7  .byte 90 58 EB CA 7E 26 AD 0A D2 00 FF CA 88 D0 F7 8C
4EE7  .byte E0 4E 8E E1 4E 8D E2 4E 60 A9 00 85 80 A9 50 85
4EF7  .byte 81 BA 8E EE 84 6C 88 4E E9 89 91 DD 89 89 97 C9
4F07  .byte 91 C5 49 98 99 29 85 5D 49 9B 47 49 97 F5 29 89
4F17  .byte 14 09 90 A5 C9 82 C3 29 81 C3 09 99 FE 69 82 9B
4F27  .byte A9 8F FC E9 8E F2 29

;============================================================
proc_4F2E:
4F2E  txs 
4F2F  sbc 0x49
4F31  sta (0xa5), y
4F33  eor #0x88
4F35  .byte 63 69 8B E1 E9 81 84 09 89 47 29 82 7B E9 87 6F
4F45  .byte 29 87 FC 09 88 B6 09 95 AB 89 86 65 29 83 28 09
4F55  .byte 86 49 E9 99 24 89 84 3A 89 82 58 09 9D C9 E9 98
4F65  .byte 70 29 8B 19 69 96 4C E9 9E 8C C9 88 DA 09 8B A3
4F75  .byte 89 8A FA A9 9B B5 49 9E F4 29 9A 69 09 93 F8 29
4F85  .byte 97 41 09 97 88 29 91 39 49 97 CD 49 82 25 89 97
4F95  .byte B2 89 8F BD 29 96 68 A9 8C 5C A9 8B 79 09 91 4B
4FA5  .byte 09 88 DA 69 95 7D 69 87 F5 A9 90 AC 89 9C 93 29
4FB5  .byte 86 FD 49 9C 3D 29 88 D7 A9 81 1B 89 8E 66 C9 81
4FC5  .byte 22 29 9F 90 A9 88 0A 69 97 76 49 97 31 89 94 14
4FD5  .byte 69 87 CC 69 8C 6A 89 91 BA 69 95 BD 89 89 32 E9
4FE5  .byte 93 D4 69 87 39 49 9B 01 29 87 54 49 8E 25 49 9B
4FF5  .byte E6 29 90 64 09 94 35 C9 97 75 69 00 00 00 00 00
5005  .byte 00 00 00 FF FF FF FF FF FF FF FF AA AA AA AA 00
5015  .byte AA AA AA AA 44 AA AA 00 AA AA AA AF 4F AF AF 0F
5025  .byte BF BF BA BE 7C BE BE 3C BF BF AB BA F4 FE BF 3F
5035  .byte BF BE BA 3A F4 FC FC EF EF AF AF AE 7F 3F FF FB
5045  .byte FB FA FA AF AF AF AF 0F AF BE AA FA FA FA FA FC
5055  .byte 3E 0E BA AE 4F AF AF 03 AB AA AA AB 4F 0F FF FE
5065  .byte FE FA AA 10 50 50 54 54 54 54 54 00 00 10 14 14
5075  .byte 54 54 54 00 00 00 00 40 50 54 54 00 00 04 44 54
5085  .byte 54 54 54 54 54 54 54 54 54 54 54 54 54 50 40 54
5095  .byte 50 54 54 54 14 14 14 04 14 54 54 54 54 14 54 54
50A5  .byte 54 54 54 44 00 00 04 44 54 54 54 54 54 54 44 04
50B5  .byte 04 00 00 54 54 54 54 54 54 74 DC 54 54 54 57 54
50C5  .byte 70 7F 5A 57 57 FF FF 03 00 C0 FF 57 F7 FF FF FF
50D5  .byte 0F 00 FF 54 54 54 F4 FC FF 3F A8 6A 6A 6A 6A 7A
50E5  .byte 6F 6A 6A AA AA AA AA AA AA FF AA A4 A4 A4 A4 B4
50F5  .byte E4 A4 A4 2A 2A 2A 3A 3A 0E 03 00 AA AA AA AA AA
5105  .byte AA EA 3F AA AA AA AA AA AA AF F0 A0 A0 A0 A0 F0
5115  .byte C0 00 00 54 54 54 74 74 74 74 74 74 74 74 74 54
5125  .byte 74 54 54 5C 5C DC DC FC DC DC D4 74 74 54 54 54
5135  .byte 54 54 54 54 54 74 DC DC DC DC 74 74 F4 74 74 74
5145  .byte FC 54 54 54 74 DC 5C 7C D4 D4 FC 74 DC 5C 74 5C
5155  .byte 5C DC 74 5C DC DC FC 5C 5C 54 54 54 54 FC D4 F4
5165  .byte 5C 5C F4 54 74 D4 F4 DC DC 74 54 54 54 FC 5C 5C
5175  .byte 74 74 74 74 DC DC 74 DC DC 74 54 54 74 DC DC 7C
5185  .byte 5C 5C 74 54 54 54 54 7C 54 54 54 74 DC D4 D4 DC
5195  .byte 74 54 54 54 54 54 74 DC DC FC DC 7C F4 74 74 74
51A5  .byte 74 54 54 54 54 D4 D4 D4 DC F4 D4 54 54 54 DC DC
51B5  .byte DC 74 74 5C 74 D4 F4 D4 DC F4 D4 57 DF F7 D7 D7
51C5  .byte D4 54 54 54 54 D4 DC DC DC FC 74 7C D4 F4 5C 5C
51D5  .byte F4 54 54 FF FF FF FF FF 00 AA AA FF FC F3 CF CF
51E5  .byte 3F FF FF FF FF CF 3F FF FF FC FF 0F 0F 2F AF AF
51F5  .byte 2F 0F 0F F0 F0 F8 FA FA F8 F0 F0 FF FF FF FF FF
5205  .byte FF FF FF FF FF FF FF FF FD FD F7 FF FF FF FF FF
5215  .byte FD FD F5 FF FF FF FF FF F7 57 5D FF FF FF FF FF
5225  .byte F7 57 55 FD FF DD 7D D5 F5 F5 D7 FD FF 7D DD D5
5235  .byte F5 F5 D7 57 5F 5F 57 57 57 57 5D 57 5F 5F 57 57
5245  .byte 57 57 5D 03 03 03 CC CC F0 3C C3 00 F0 C0 00 00
5255  .byte 00 C0 00 0C 03 03 3C FC CC FC F0 F0 0C C0 00 00
5265  .byte 00 00 00 00 00 C0 FF 3F F0 C0 00 00 03 0F FC FF
5275  .byte 03 00 00 13 98 9D DC A3 CA 10 F7 20 36 93 A9 00
5285  .byte 85 14 85 13 4C 9E 2C 48 AE 3F 2B AC C9 31 4C 15
5295  .byte 2E 10 F4 CE 4D 2E 10 77 AF C3 9B 4A 4A 4A 4A 8D
52A5  .byte 4D 2E EE 4E 2E AF 4E 2E 29 01 F0 3A 20 1D 2E AF
52B5  .byte 0A D2 29 03 A8 09 74 8D 1B 99 AD 87 99 20 4E 93
52C5  .byte 18 6D 87 99 8D 87 99 8D 00 D0 8D 02 D0 98 49 83
52D5  .byte 8D 1B 99 AD 88 99 20 4E 93 18 6D 88 99 8D 88 99
52E5  .byte 8D 01 D0 8D 03 D0 A2 00 AC F6 98 98 8D C3 02 49
52F5  .byte FF 8D C2 02 EE F6 98 BD 91 31 99 00 A4 99 00 A5
5305  .byte BD A0 31 99 00 A6 99 00 A7 C8 E8 E0 0F 90 E8 60
5315  .byte 8E 44 02 4C 8C 30 D0 F8 AC A3 02 BE 15 2F A0 05
5325  .byte A9 FF 85 8D B9 0F 2F DD DF 2E F0 14 5D DF 2E 29
5335  .byte F0 F0 04 A9 10 85 8D A5 8D 18 79 0F 2F 99 0F 2F
5345  .byte CA 88 10 DC 8D C8 02 60 E9 61 A9 00 8D A8 02 AD
5355  .byte A6 02 D0 20 8D 08 D2 AE C0 9B E0 25 90 19 AD C4
5365  .byte 9B 18 6D C5 9B 6D C6 9B 4A 4A 09 80 8D 07 D2 69
5375  .byte B9 8D 06 D2 4C 62 E4 CE C1 9B 10 46 EE C3 9B AD
5385  .byte C3 9B 4A 4A 8D C1 9B A0 06 BD 01 31 99 00 D2 AD
5395  .byte C2 9B 99 01 D2 8A 18 69 24 AA 88 88 10 EB AD C2
53A5  .byte 9B 38 E9 03 C9 A3 B0 02 A9 AA 8D C2 9B E0 B4 90
53B5  .byte 0E A9 00 8D 01 D2 8D 03 D2 8D 05 D2 8D 07 D2 EE
53C5  .byte C0 9B 4C 62 E4 80 C0 00 40 10 A0 D0 50 E0 90 70
53D5  .byte F0 30 00 60 B0 E0 40 00 06 0C 00 02 04 06 08 0A
53E5  .byte 00 02 22 34 46 58 00 02 72 84 86 98 00 02 A2 B4
53F5  .byte C6 D8 18 26 34 42 50 00 88 96 A4 4C DB 73 F8 C0
5405  .byte 50 00 00 00 00 00 08 0C 10 14 14 14 14 14 A9 00
5415  .byte A2 03 9D 1B 98 9D 1F 98 CA 10 F7 8D 02 98 6C EF
5425  .byte 7E 14 11 0E 0C 0C 0C 0C 0C 02 06 0A 10 17 17 1A
5435  .byte 1D 20 02 30 20 18 10 10 10 10 10 4F 92 77 D8 A2
5445  .byte FF 9A EA EA EA A9 80 8D 18 98 A9 01 8D 17 98 A9
5455  .byte 47 85 98 A9 63 85 99 AF B2 02 8D 08 02 AF B3 02
5465  .byte 8D 09 02 20 9C 73 4C 09 93

;============================================================
proc_546E:
546E  lda #0x00
5470  sta 0x732c
5473  jsr 0x5614
L5476:
5476  ldx #0x03
5478  lda #0x00
L547A:
547A  sta 0x981f, x
547D  dex 
547E  bpl 0x547a
5480  lda #0x03
5482  sta 0x02a5
5485  .byte AF 02 98 29 03 8D A3 02 20 53 72 A9 FF 8D FC 02

;============================================================
proc_5495:
5495  jsr 0x7344
5498  ldy 0x02a3
549B  sty 0x9997
549E  .byte BF 03 54 8E 03 98 8D 04 98 BF 0B 54 8D 05 98 BF
54AE  .byte 38 54 8E 06 98 BF 26 54 8D 00 98 A9 01 8D 0F 99
54BE  .byte A9 78 8D 12 99 A9 D4 8D F6 98 A9 08 8D D5 99 4A
54CE  .byte 8D 23 98 20 90 7E A2 FF 8E 01 98 E8 8E A4 02 8E
54DE  .byte 25 98 8E 24 98

;============================================================
proc_54E3:
54E3  ldx #0x01
54E5  stx 0x02a6
54E8  dex 
54E9  stx 0x022f
54EC  stx 0x98ee
54EF  stx 0x9a52
54F2  stx 0x02c0
54F5  stx 0x02c1
54F8  stx 0x732c
54FB  stx 0x9901
54FE  stx 0x9903
5501  dex 
5502  stx 0x98ff
5505  stx 0x9900
5508  jsr 0x9300
550B  lda #0x50
550D  sta 0x02f4
5510  lda #0x11
5512  sta 0x026f
5515  jsr 0x73b3
5518  jsr 0x73c5
551B  jsr 0x6a28
551E  lda 0x02a4
5521  beq 0x5532
5523  lda #0x04
5525  sta 0x9a43
5528  asl a
5529  sta 0x9a44
552C  jsr 0x6cde
552F  jsr 0x6cde
L5532:
5532  jsr 0x74d6
5535  jsr 0x733d
5538  lda #0x40
553A  sta 0xd40e
553D  lda #0x42
553F  sta 0x0230
5542  lda #0x06
5544  sta 0x0231
5547  lda #0xe3
5549  sta 0x0200
554C  lda #0x76
554E  sta 0x0201
5551  ldx #0x5c
5553  ldy #0xec
5555  lda #0x07
5557  jsr 0xe45c
555A  jsr 0x671c
555D  lda #0x0f
555F  sta 0x02c4
5562  lda #0x26
5564  sta 0x02c5
5567  lda #0x80
5569  sta 0x02c8
556C  ldx #0x02
L556E:
556E  ldy 0x77a1, x
5571  lda #0x80
5573  sta 0x9877, y
5576  sta 0x9878, y
5579  lda 0x66b0, x
557C  sta 0x98dc, y
557F  sta 0x98dd, y
5582  lda #0x01
5584  sta 0x99f8, x
5587  dex 
5588  bpl 0x556e
558A  jsr 0x7388
558D  nop 
558E  nop 
558F  nop 
5590  lda #0x0c
5592  sta 0x9883
5595  sta 0x9a67
5598  jsr 0x6b48
559B  lda #0x3e
559D  sta 0x022f
55A0  jsr 0x733d
55A3  lda #0xc0
55A5  sta 0xd40e
55A8  lda #0x50
55AA  sta 0x9999
55AD  lda #0x00
55AF  sta 0x02a6
55B2  sta 0x4d
55B4  sta 0xd01e
55B7  lda 0x02a4
55BA  beq 0x55e3
55BC  sta 0x99d5
55BF  jsr 0x6f21
55C2  jsr 0x6f5a
55C5  lda #0x01
55C7  sta 0x14
55C9  jsr 0x7127
55CC  .byte AF 14 00 E4 14 F0 FC C9 18 B0 0C 29 08 D0 EE 8D
55DC  .byte 00 D0 8D 01 D0 F0 E9
L55E3:
55E3  jsr 0x725f
55E6  jsr 0x6e58
55E9  jsr 0x7c95
55EC  jsr 0x7874
55EF  jsr 0x7ef1
55F2  jsr 0x6b62
55F5  jsr 0x6cd8
55F8  jsr 0x7499
55FB  ldx 0x9800
L55FE:
55FE  lda 0xd40b
5601  cmp #0x41
5603  bne 0x560c
5605  txa 
5606  pha 
5607  jsr 0x66ba
560A  pla 
560B  tax 
L560C:
560C  dex 
560D  bne 0x55fe
560F  jmp 0x55e3
5612  .byte AD 92

;============================================================
proc_5614:
5614  jsr 0x73c5
5617  jsr 0x7344
561A  lda #0x03
561C  sta 0x02a5
561F  lda #0x02
5621  sta 0x584f
5624  lda #0x00
5626  sta 0x5a96
5629  sta 0x9917
562C  sta 0x14
562E  sta 0x584a
5631  sta 0x022f
5634  sta 0x98ee
5637  jsr 0x733d
563A  lda #0x40
563C  sta 0xd40e
563F  sta 0x02a6
5642  lda #0x11
5644  sta 0x026f
5647  jsr 0x739c
564A  jsr 0x73b3
564D  jsr 0x9300
5650  lda #0x09
5652  sta 0x0230
5655  lda #0x5b
5657  sta 0x0231
565A  lda #0x88
565C  sta 0x5849
565F  lda #0x42
5661  sta 0x584c
5664  ldx #0x04
L5666:
5666  lda 0x5854, x
5669  sta 0x02c4, x
566C  dex 
566D  bpl 0x5666
566F  lda #0x00
5671  sta 0x5a98
5674  sta 0x5a9a
5677  sta 0x5aa3
567A  ldx #0x02
L567C:
567C  lda #0xff
567E  sta 0x5aae, x
5681  lda #0x0c
5683  sta 0x5aa5, x
5686  lda #0x18
5688  sta 0x5aa8, x
568B  lda #0x00
568D  sta 0x5aab, x
5690  dex 
5691  bpl 0x567c
5693  lda #0x0f
5695  sta 0x5a97
5698  lda #0x0c
569A  sta 0x5a99
569D  .byte AF 0D 6B 20 3C 6A 20 26 74 A2 D9 BD 57 5B 9D FF
56AD  .byte B7 CA D0 F7 A2 3E A9 00 85 80 A9 A6 85 81 20 02
56BD  .byte 75 20 3D 73 A9 BA 8D 00 02 A9 5A 8D 01 02 A9 B8
56CD  .byte 8D F4 02 A2 58 A0 59 A9 07 20 5C E4 A9 3E 8D 2F
56DD  .byte 02 20 3D 73 A9 C0 8D 0E D4 A9 74 8D F6 98 A9 30
56ED  .byte 8D 87 99 A9 01 8D 14 99 A9 28 8D C0 02 8D C1 02
56FD  .byte AC 02 98 BE 54 5B A0 0F BD 30 5B 99 C8 BB E8 C8
570D  .byte C0 18 90 F4 A2 04 CA D0 05 20 77 57 A2 04 AD 78
571D  .byte 02 C9 0F D0 F1 A5 14 30 ED 20 77 57 AE 17 99 AD
572D  .byte 84 02 8D 17 99 D0 03 8A D0 17 AD 78 02 C9 0F D0
573D  .byte 29 85 4D 20 86 74 C9 07 F0 DF C9 06 D0 1A 20 91
574D  .byte 74 A9 00 8D 2F 02 8D C8 02 8D A9 99 8D 01 D2 20
575D  .byte 3D 73 A9 40 8D 0E D4 60 A9 EC 85 14 EE 02 98 AD
576D  .byte 02 98 29 03 8D 02 98 4C FD 56 CE 13 99 30 01 60
577D  .byte A9 50 8D 13 99 AD 14 99 8D 15 99 AD A9 99 F0 12
578D  .byte A9 00 8D 77 99 20 21 6F 20 A2 70 AD 91 99 8D 7F
579D  .byte 99 60 AD AE 5A C9 0C F0 0B C9 18 F0 07 A9 00 8D
57AD  .byte 96 5A F0 24 AD A8 5A C9 03 D0 F2 AD A3 5A 29 07
57BD  .byte A8 B9 9B 5A C9 02 B0 E5 AD 96 5A D0 0B A9 01 8D
57CD  .byte 96 5A 20 23 70 4C 8D 57 AD 14 99 D0 1C 8D 77 99
57DD  .byte A5 13 D0 08 20 21 6F A9 00 4C 34 71 20 03 93 8D
57ED  .byte 14 99 8D 47 99 A9 00 85 13 A5 13 F0 0C A9 00 8D
57FD  .byte 14 99 8D 47 99 85 13 F0 CF AD 14 99 AE 87 99 E0
580D  .byte 38 B0 02 A9 01 E0 B8 90 02 A9 FF AE 0A D2 D0 09
581D  .byte AE 0A D2 30 04 A8 20 1C 71 8D 14 99 8D 47 99 A2
582D  .byte 00 C9 01 F0 02 A2 0A 8E 77 99 CD 15 99 F0 06 20
583D  .byte 21 6F 4C 39 71 20 21 6F 4C 83 71 FD 00 88 00 42
584D  .byte 00 0B 00 D4 82 30 0F 9E CA E4 42 00 A9 03 8D A8
585D  .byte 02 AF 0A D2 2D 0A D2 29 F7 8D 4B 58 CE 4E 58 10
586D  .byte 11 A9 32 8D 4E 58 AE 49 58 AD 4A 58 8D 49 58 8E
587D  .byte 4A 58 CE 4D 58 10 11 A9 05 8D 4D 58 AF 48 58 69
588D  .byte 01 29 4F 09 B0 8D 48 58 CE 4F 58 10 16 A9 02 8D
589D  .byte 4F 58 AC C7 02 A2 03 BD C3 02 9D C4 02 CA D0 F7
58AD  .byte 8C C4 02 AF 97 5A E0 00 F0 03 CE 97 5A 09 A0 AE
58BD  .byte A9 99 D0 08 8D 01 D2 A9 40 8D 08 D2 AF 9A 5A 4A
58CD  .byte 29 07 AA BD C1 59 AC A9 99 D0 03 8D 00 D2 CE 99
58DD  .byte 5A D0 1B A9 0C 8D 99 5A AE 98 5A E8 E0 18 90 05
58ED  .byte EE 9A 5A A2 00 8E 98 5A BD A9 59 8D 97 5A A9 02
58FD  .byte 8D A4 5A AE A4 5A DE A5 5A D0 4F A9 0C 9D A5 5A
590D  .byte DE A8 5A D0 45 FE AE 5A BC AE 5A E0 01 90 0C D0
591D  .byte 05 B9 E7 59 B0 08 B9 17 5A B0 03 B9 C9 59 D0 0C
592D  .byte 9D AE 5A E0 02 D0 E1 EE A3 5A B0 DC 9D B1 5A E0
593D  .byte 01 90 0B D0 05 B9 FF 59 B0 07 A9 01 B0 03 B9 78
594D  .byte 5A 9D A8 5A BD B7 5A 9D AB 5A BD AB 5A F0 03 DE
595D  .byte AB 5A E0 00 F0 01 4A 09 A0 8D A8 59 AD A3 5A 29
596D  .byte 07 A8 8A D9 9B 5A F0 0C 90 0A BC B4 5A A9 00 8D
597D  .byte A8 59 B0 0E AD A9 99 D0 14 BC B4 5A BD B1 5A 99
598D  .byte 02 D2 AD A9 99 D0 06 AD A8 59 99 03 D2 CE A4 5A
599D  .byte 30 03 4C 00 59 20 84 63 4C 62 E4 A0 0F 04 02 0A
59AD  .byte 00 0A 00 00 00 0A 00 0A 00 00 04 0A 00 0A 00 0A
59BD  .byte 00 0C 00 0C D0 D0 82 D0 A2 82 D0 75 B6 B6 C1 C1
59CD  .byte D9 C1 D9 F3 F3 F3 D9 C1 B6 C1 D9 F3 B6 B6 C1 C1
59DD  .byte D9 C1 D9 F3 F3 B6 C1 D9 F3 00 79 90 A2 B6 C1 79
59ED  .byte 60 60 5B 60 3C 48 51 5B 51 5B 60 60 3C 2F 2A 28
59FD  .byte 79 00 03 05 04 05 0A 05 01 03 05 07 03 05 04 02
5A0D  .byte 02 02 03 06 05 07 01 01 07 00 48 B6 3C 48 B6 3C
5A1D  .byte 51 C1 3C 51 C1 3C 5B 5B 3C 5B 51 48 51 32 2F 3C
5A2D  .byte 32 2F 3C B6 1D 23 B6 3C 3C C1 1D 28 C1 3C 1D 1F
5A3D  .byte 23 1F 23 28 2F C1 CC C1 CC F3 32 35 3C 35 32 35
5A4D  .byte 3C 44 51 55 5B 66 5B 51 4C 48 3C 35 2F F3 F3 F3
5A5D  .byte F3 F3 25 23 1D 25 23 1D 28 1D 21 28 2A 3C 32 35
5A6D  .byte 3C 44 55 5B 60 F3 CC F3 CC C1 00 03 03 03 03 02
5A7D  .byte 01 02 03 01 01 01 04 06 06 02 07 03 03 03 03 02
5A8D  .byte 02 02 03 06 06 06 02 07 00 00 00 0D 01 01 00 01
5A9D  .byte 02 02 01 02 02 01 00 FF 01 01 01 01 04 01 00 00
5AAD  .byte 00 04 03 0D D9 B6 5B 00 02 04 08 0C 0C 48 8A 48
5ABD  .byte AD A8 02 D0 21 8D 18 D0 A9 E0 8D 09 D4 A9 0A 8D
5ACD  .byte 17 D0 D0 31 A9 50 8D 09 D4 A2 03 BD 50 58 9D 16
5ADD  .byte D0 CA 10 F7 30 1F C9 02 F0 10 90 E8 A9 E0 8D 09
5AED  .byte D4 AD 48 58 8D 16 D0 4C 02 5B A2 03 BD 49 58 9D
5AFD  .byte 16 D0 CA 10 F7 CE A8 02 68 AA 68 40 70 70 30 46
5B0D  .byte 00 A6 06 06 06 06 86 70 86 06 06 06 B0 70 44 38
5B1D  .byte BA 04 04 04 04 04 04 04 04 04 90 02 30 42 30 5C
5B2D  .byte 41 09 5B 00 00 AB E9 F4 F4 E5 EE 00 A8 EF F5 F3
5B3D  .byte E5 80 A3 E1 F4 00 B4 EF ED 80 A3 E1 F4 00 A1 EC
5B4D  .byte EC E5 F9 80 A3 E1 F4 00 09 12 1B 00 00 00 00 00
5B5D  .byte 00 00 00 38 3E 7F E3 C1 C0 C0 C0 C0 E0 E0 70 78
5B6D  .byte 3F 1F 07 00 00 70 58 6C 76 3B 1D 0F 07 01 80 80
5B7D  .byte C0 60 71 3B 1E 10 20 60 E0 C0 00 0F 07 03 00 00
5B8D  .byte 00 00 01 81 83 C2 E6 9C 80 80 00 00 00 00 00 00
5B9D  .byte 00 0E 1B 19 1C 1E 0F 03 00 00 01 00 00 00 00 00
5BAD  .byte 00 00 0E 1F 1B 09 0C 06 02 01 01 00 00 00 40 E0
5BBD  .byte B0 90 58 2C 9C CD F7 3A 06 1B 33 23 23 36 1E 0C
5BCD  .byte 00 00 00 00 03 07 0E 1C 18 38 38 70 70 70 78 38
5BDD  .byte 3C 1F 07 C0 F0 F8 68 4C 6C 38 10 00 00 01 01 02
5BED  .byte 0C 38 E0 00 00 00 00 00 00 0E 3F 71 B0 60 60 60
5BFD  .byte 71 3F 1E C1 C6 C0 C0 C0 C1 66 38 30 70 F8 D8 C8
5C0D  .byte 8B 9E F8 D8 D0 70 60 E0 B0 1C 07 01 22 1C 0C 0C
5C1D  .byte 04 02 00 81 C8 C0 A0 93 9C B4 FD 40 00 80 20 00
5C2D  .byte 40 10 00 00 00 00 00 00 00 00 08 23 09 00 11 19
5C3D  .byte 18 13 00 00 33 79 6E 61 70 73 65 00 33 6F 66 74
5C4D  .byte 77 61 72 65 00 00 00 00 00 00 00 A3 A4 00 1C B2
5C5D  .byte B3 B4 00 04 A5 A6 00 03 B1 00 0A B4 00 27 A5 00
5C6D  .byte 0A B1 00 14 B5 00 05 B7 00 20 A7 00 05 B8 00 02
5C7D  .byte A7 B9 BA A3 00 19 B6 00 07 B8 00 02 A6 B7 00 08
5C8D  .byte A5 B8 00 0E B7 00 0C BA FF 00 06 4A CC 00 10 88
5C9D  .byte 0B 8D 00 06 19 5A 00 06 C3 49 C7 CE 00 05 18 00
5CAD  .byte 00 9A 00 05 03 86 07 00 09 DA 00 04 01 C4 47 00
5CBD  .byte 03 4F 11 13 00 00 D6 00 07 42 85 00 04 90 D2 54
5CCD  .byte 95 17 00 08 22 39 00 11 29 00 10 B7 A9 AC AC A9
5CDD  .byte E1 AD B3 00 0D 6C FF 03 08 09 06 1A 02 0D 07

;============================================================
proc_5CEC:
5CEC  lda #0x00
5CEE  sta 0x02a8
5CF1  sta 0x9826
5CF4  lda 0x732c
5CF7  beq 0x5cfc
5CF9  jmp 0x5d7d
L5CFC:
5CFC  dec 0x9823
5CFF  bne 0x5d29
5D01  lda 0x9824
5D04  cmp #0x90
5D06  bcs 0x5d1a
5D08  sed 
5D09  lda 0x9825
5D0C  adc #0x01
5D0E  sta 0x9825
5D11  lda 0x9824
5D14  adc #0x00
5D16  sta 0x9824
5D19  cld 
L5D1A:
5D1A  ldx 0x98ee
5D1D  beq 0x5d23
5D1F  ldx 0x02a7
5D22  inx 
L5D23:
5D23  lda 0x5ce4, x
5D26  sta 0x9823
L5D29:
5D29  lda 0x14
5D2B  bne 0x5d76
5D2D  lda 0x98ee
5D30  beq 0x5d44
5D32  inc 0x9acb
5D35  inc 0x9a73
5D38  lda 0x9a74
5D3B  beq 0x5d76
5D3D  bmi 0x5d76
5D3F  inc 0x9a74
5D42  bne 0x5d76
L5D44:
5D44  lda 0x98ff
5D47  bmi 0x5d4c
5D49  inc 0x98ff
L5D4C:
5D4C  lda 0x990c
5D4F  bmi 0x5d59
5D51  lda 0x990b
5D54  beq 0x5d59
5D56  inc 0x990c
L5D59:
5D59  lda 0x02a3
5D5C  bne 0x5d6a
5D5E  lda 0x9801
5D61  cmp #0x0a
5D63  bcs 0x5d76
5D65  inc 0x9801
5D68  bne 0x5d76
L5D6A:
5D6A  cmp #0x02
5D6C  bcc 0x5d76
5D6E  lda 0x999c
5D71  bmi 0x5d76
5D73  inc 0x999c
L5D76:
5D76  lda 0x02a6
5D79  beq 0x5d91
5D7B  bmi 0x5d8e
L5D7D:
5D7D  lda #0x00
5D7F  sta 0xd208
L5D82:
5D82  sta 0xd201
5D85  sta 0xd203
L5D88:
5D88  sta 0xd205
5D8B  sta 0xd207
L5D8E:
5D8E  jmp 0xe462
L5D91:
5D91  lda 0x99ca
5D94  beq 0x5ddb
5D96  bpl 0x5d9e
5D98  dec 0x99ca
5D9B  jmp 0x5d7d
L5D9E:
5D9E  lsr a
5D9F  lsr a
5DA0  lsr a
5DA1  tax 
5DA2  lsr a
5DA3  and #0x06
5DA5  tay 
L5DA6:
5DA6  lda 0x99ca
5DA9  and #0x07
5DAB  ora #0xa0
5DAD  sta 0xd201, y
5DB0  lda 0x5dcb, x
5DB3  sta 0xd200, y
5DB6  inx 
5DB7  inx 
5DB8  inx 
5DB9  inx 
5DBA  iny 
5DBB  iny 
5DBC  cpy #0x08
5DBE  bcc 0x5da6
5DC0  dec 0x99ca
5DC3  bne 0x5dc8
5DC5  jmp 0x5d7d
L5DC8:
5DC8  jmp 0xe462
5DCB  .byte 23 21 1F 1D 2F 2D 2A 28 39 35 32 2F 28 25 23 21
L5DDB:
5DDB  lda 0x99d4
5DDE  beq 0x5e06
5DE0  tax 
5DE1  and #0x0f
5DE3  asl a
5DE4  asl a
5DE5  eor #0x2f
5DE7  sta 0xd200
5DEA  adc #0x08
5DEC  sta 0xd202
5DEF  txa 
5DF0  lsr a
5DF1  lsr a
5DF2  and #0xfc
5DF4  ora #0xa0
5DF6  dec 0x99d4
5DF9  bne 0x5dfd
5DFB  lda #0x00
L5DFD:
5DFD  sta 0xd201
5E00  sta 0xd203
5E03  jmp 0x6288
L5E06:
5E06  lda 0x99c1
5E09  beq 0x5e4d
5E0B  ldx #0x66
5E0D  stx 0xd208
5E10  ldx #0x00
5E12  stx 0x99d2
5E15  clc 
5E16  ldx #0x06
L5E18:
5E18  adc #0x02
5E1A  and #0x07
5E1C  bne 0x5e2c
5E1E  lda 0x99c2
5E21  adc 0x99c3
5E24  sta 0x99c2
5E27  sta 0xd200, x
5E2A  lda #0x00
L5E2C:
5E2C  ora #0xa0
5E2E  sta 0xd201, x
5E31  dex 
5E32  dex 
5E33  bpl 0x5e18
5E35  dec 0x99c1
5E38  lda 0x99c1
5E3B  bne 0x5e40
5E3D  jmp 0x5d7d
L5E40:
5E40  cmp #0x30
5E42  bcs 0x5e47
5E44  lsr a
5E45  eor #0xff
L5E47:
5E47  sta 0x99c4
5E4A  jmp 0xe462
L5E4D:
5E4D  lda 0x99d2
5E50  beq 0x5e73
5E52  asl a
5E53  asl a
5E54  sta 0xd200
5E57  adc #0x01
5E59  sta 0xd202
5E5C  adc #0x01
5E5E  sta 0xd204
5E61  adc #0x01
5E63  sta 0xd206
5E66  lda #0x01
5E68  sta 0xd208
5E6B  dec 0x99d2
5E6E  lda #0xa8
5E70  jmp 0x5d82
L5E73:
5E73  lda 0x99d1
5E76  beq 0x5e98
5E78  ldx #0x00
5E7A  stx 0xd208
5E7D  ldx #0x0f
5E7F  stx 0xd200
5E82  inx 
5E83  stx 0xd202
5E86  ldx #0x78
5E88  stx 0xd204
5E8B  inx 
5E8C  stx 0xd206
5E8F  lsr a
5E90  ora #0xc0
5E92  dec 0x99d1
5E95  jmp 0x5d82
L5E98:
5E98  lda 0x99cb
5E9B  beq 0x5edb
5E9D  tax 
5E9E  cmp #0x10
5EA0  bcc 0x5ea6
5EA2  sbc #0x10
5EA4  eor #0x0f
L5EA6:
5EA6  lsr a
5EA7  sta 0xd201
5EAA  asl a
5EAB  asl a
5EAC  adc #0x20
5EAE  sta 0xd200
5EB1  eor #0xff
5EB3  sta 0xd204
5EB6  txa 
5EB7  lsr a
5EB8  lsr a
5EB9  ora #0xc0
5EBB  sta 0xd203
5EBE  and #0x07
5EC0  sta 0xd202
5EC3  lda #0x65
5EC5  sta 0xd208
5EC8  lda #0x00
5ECA  dec 0x99cb
5ECD  beq 0x5ed2
5ECF  jmp 0x5d88
L5ED2:
5ED2  sta 0xd201
5ED5  sta 0xd203
5ED8  sta 0xd208
L5EDB:
5EDB  ldx 0x99b9
5EDE  beq 0x5f3f
5EE0  bmi 0x5f2f
5EE2  dex 
5EE3  stx 0xd205
5EE6  lda 0xd20a
5EE9  bmi 0x5ef5
5EEB  and #0x0f
5EED  adc #0x0c
5EEF  sta 0xd200
5EF2  lda 0xd20a
L5EF5:
5EF5  and #0x1f
5EF7  adc #0x80
5EF9  sta 0xd204
5EFC  lda 0xd20a
5EFF  and #0x07
5F01  ora #0xa4
5F03  sta 0xd201
5F06  lda 0x99ba
5F09  bne 0x5f17
5F0B  lda 0xd20a
5F0E  cmp #0x28
5F10  bcs 0x5f27
5F12  lda #0x0f
5F14  sta 0x99ba
L5F17:
5F17  dec 0x99ba
5F1A  bne 0x5f1e
5F1C  lda #0x00
L5F1E:
5F1E  lsr a
5F1F  sta 0xd203
5F22  asl a
5F23  asl a
5F24  sta 0xd202
L5F27:
5F27  lda #0x04
5F29  sta 0x99d7
5F2C  jmp 0x628a
L5F2F:
5F2F  inx 
5F30  stx 0x99b9
5F33  stx 0xd208
5F36  stx 0xd201
5F39  stx 0xd203
5F3C  stx 0x99bc
L5F3F:
5F3F  lda 0x99d0
5F42  beq 0x5f68
5F44  tay 
5F45  lsr a
5F46  cmp #0x10
5F48  bcc 0x5f4c
5F4A  eor #0x1f
L5F4C:
5F4C  ora #0x20
5F4E  sta 0xd201
5F51  sta 0xd203
5F54  ldx #0x5a
5F56  stx 0xd200
5F59  inx 
5F5A  stx 0xd202
5F5D  tya 
5F5E  and #0x01
5F60  ora #0x20
5F62  dec 0x99d0
5F65  jmp 0x628a
L5F68:
5F68  lda 0x99cc
5F6B  beq 0x5f9e
5F6D  cmp #0x10
5F6F  bcc 0x5f74
5F71  and #0x03
5F73  asl a
L5F74:
5F74  ora #0x80
5F76  sta 0xd201
5F79  lsr a
5F7A  sta 0xd203
5F7D  lda #0x70
5F7F  sta 0xd202
5F82  lda #0x00
5F84  sta 0xd208
5F87  sta 0xd200
5F8A  sta 0xd205
5F8D  sta 0xd207
5F90  dec 0x99cc
5F93  beq 0x5f98
5F95  jmp 0xe462
L5F98:
5F98  sta 0xd201
5F9B  sta 0xd203
L5F9E:
5F9E  lda 0x99cd
5FA1  beq 0x5fc8
5FA3  tax 
5FA4  and #0x07
5FA6  ora #0xa0
5FA8  sta 0xd201
5FAB  txa 
5FAC  and #0x0b
5FAE  adc #0x20
5FB0  sta 0xd200
5FB3  dec 0x99cd
5FB6  beq 0x5fc3
5FB8  lda 0x99ce
5FBB  bne 0x5fcd
5FBD  sta 0xd203
5FC0  jmp 0x6288
L5FC3:
5FC3  lda #0x00
5FC5  sta 0xd201
L5FC8:
5FC8  lda 0x99ce
5FCB  beq 0x5fe9
L5FCD:
5FCD  tax 
5FCE  asl a
5FCF  asl a
5FD0  adc 0x99cf
5FD3  sta 0xd202
5FD6  txa 
5FD7  eor #0x87
5FD9  sta 0xd203
5FDC  dec 0x99ce
5FDF  beq 0x5fe4
5FE1  jmp 0x6288
L5FE4:
5FE4  lda #0x00
5FE6  sta 0xd203
L5FE9:
5FE9  lda 0x99c7
5FEC  beq 0x6006
5FEE  tay 
5FEF  asl a
5FF0  sta 0xd201
5FF3  tya 
5FF4  ora #0x10
5FF6  sta 0xd200
5FF9  dec 0x99c7
5FFC  beq 0x6001
5FFE  jmp 0x6288
L6001:
6001  lda #0x00
6003  sta 0xd201
L6006:
6006  lda 0x99bb
6009  beq 0x6037
600B  tax 
600C  asl a
600D  asl a
600E  and #0xfc
6010  sta 0xd200
6013  adc #0x20
6015  sta 0xd202
6018  txa 
6019  and #0x03
601B  asl a
601C  ora #0xa0
601E  sta 0xd201
6021  sta 0xd203
6024  dec 0x99bb
6027  beq 0x602c
6029  jmp 0x6288
L602C:
602C  lda #0x00
602E  sta 0xd201
6031  sta 0xd203
6034  sta 0x99bc
L6037:
6037  lda 0x99bf
603A  beq 0x6056
603C  ora #0x20
603E  sta 0xd201
6041  lda #0x00
6043  sta 0xd203
6046  sta 0x99bc
6049  lda #0x3c
604B  sta 0xd200
604E  dec 0x99bf
6051  beq 0x6056
6053  jmp 0x6288
L6056:
6056  lda 0x99c0
6059  beq 0x6092
605B  cmp #0x40
605D  bcc 0x6072
605F  lda #0x00
6061  sta 0x99c0
6064  sta 0x99b4
6067  sta 0x99a9
606A  sta 0x99ab
606D  sta 0xd208
6070  beq 0x6092
L6072:
6072  tax 
6073  asl a
6074  asl a
6075  sta 0xd200
6078  ldy #0x00
607A  sty 0xd201
607D  iny 
607E  sty 0xd202
6081  txa 
6082  lsr a
6083  lsr a
6084  lsr a
6085  ora #0xa0
6087  sta 0xd203
608A  inc 0x99c0
608D  lda #0x70
608F  jmp 0x628a
L6092:
6092  jsr 0x6384
6095  lda 0x99ab
6098  bne 0x60ae
609A  ldx 0x99ac
609D  beq 0x60d9
609F  sta 0x99ac
60A2  stx 0x99ab
60A5  lda 0x99ad
60A8  sbc #0x08
60AA  sta 0x99ad
60AD  txa 
L60AE:
60AE  ora #0x20
60B0  sta 0xd201
60B3  sta 0xd203
60B6  lda 0x99ad
60B9  lsr a
60BA  lsr a
60BB  sta 0xd200
60BE  adc #0x04
60C0  sta 0xd202
60C3  dec 0x99ad
60C6  dec 0x99ab
60C9  beq 0x60ce
60CB  jmp 0x6288
L60CE:
60CE  lda #0x00
60D0  sta 0xd201
60D3  sta 0xd203
60D6  sta 0x99bc
L60D9:
60D9  lda 0x99b1
60DC  beq 0x60f5
60DE  sta 0xd203
60E1  dec 0x99b3
60E4  lda 0x99b3
60E7  asl a
60E8  sta 0xd202
60EB  dec 0x99b1
60EE  bne 0x60f5
60F0  lda #0x00
60F2  sta 0xd203
L60F5:
60F5  lda 0x99b0
60F8  beq 0x6123
60FA  lda 0x99b2
60FD  ora #0xc0
60FF  sta 0xd201
6102  and #0x01
6104  asl a
6105  ora #0x58
6107  sta 0xd200
610A  dec 0x99b2
610D  bne 0x611a
610F  dec 0x99b0
6112  lda 0x99b0
6115  sta 0x99b2
6118  beq 0x611d
L611A:
611A  jmp 0x6288
L611D:
611D  sta 0xd201
6120  sta 0x99bc
L6123:
6123  lda 0x99bc
6126  beq 0x616c
6128  cmp #0x10
612A  bcc 0x6136
612C  bne 0x6131
612E  inc 0x99be
L6131:
6131  dec 0x99bd
6134  bne 0x6139
L6136:
6136  inc 0x99bd
L6139:
6139  lda #0x05
613B  sta 0xd208
613E  lda #0xa5
6140  sta 0xd201
6143  lda #0x00
6145  sta 0xd203
6148  sta 0xd205
614B  sta 0xd207
614E  lda 0x99be
6151  sta 0xd200
6154  asl a
6155  adc 0x99bd
6158  lsr a
6159  sta 0xd204
615C  dec 0x99bc
615F  beq 0x6164
6161  jmp 0xe462
L6164:
6164  lda #0x00
6166  sta 0xd201
6169  sta 0xd208
L616C:
616C  lda 0x99c8
616F  beq 0x618e
6171  sec 
6172  sbc #0x01
6174  sta 0x99c8
6177  ldx #0x05
6179  stx 0xd200
617C  ldx #0x14
617E  stx 0xd202
6181  and #0x07
6183  ora #0xa0
6185  sta 0xd201
6188  sta 0xd203
618B  jmp 0x6288
L618E:
618E  lda 0x99b4
6191  beq 0x61c4
6193  lsr a
6194  and #0x07
6196  eor #0xa3
6198  sta 0xd201
619B  eor #0x06
619D  sta 0xd203
61A0  lda 0xd20a
61A3  and #0x1f
61A5  adc 0x99b5
61A8  lsr a
61A9  lsr a
61AA  sta 0xd202
61AD  lsr a
61AE  sta 0xd200
61B1  dec 0x99b5
61B4  dec 0x99b4
61B7  beq 0x61bc
61B9  jmp 0x6288
L61BC:
61BC  lda #0x00
61BE  sta 0xd201
61C1  sta 0xd203
L61C4:
61C4  lda 0x99ae
61C7  beq 0x61f6
61C9  cmp #0x50
61CB  bcc 0x61d7
61CD  lda #0x00
61CF  sta 0x99ae
61D2  sta 0xd201
61D5  beq 0x61f6
L61D7:
61D7  lsr a
61D8  lsr a
61D9  clc 
61DA  adc 0x99ae
61DD  sta 0x99ae
61E0  lsr a
61E1  lsr a
61E2  lsr a
61E3  ora #0x40
61E5  sta 0xd201
61E8  lda 0x99af
61EB  sta 0xd200
61EE  sbc #0x40
61F0  sta 0x99af
61F3  jmp 0x6288
L61F6:
61F6  lda 0x99b6
61F9  beq 0x6250
61FB  cmp #0x08
61FD  bcc 0x6215
61FF  asl a
6200  adc #0x78
6202  sta 0xd200
6205  sbc #0x60
6207  tay 
6208  lda #0x4d
620A  sbc 0x99b6
620D  ror a
620E  sta 0xd201
6211  ldx #0x83
6213  bne 0x623d
L6215:
6215  lsr a
6216  ora #0xa0
6218  sta 0xd201
621B  tax 
621C  lda 0x99b7
621F  tay 
6220  lsr a
6221  sta 0xd200
6224  cpx #0xa4
6226  bcs 0x622f
6228  txa 
6229  and #0x8f
622B  tax 
622C  sbc #0x6e
622E  tay 
L622F:
622F  lda 0x99b8
6232  adc #0x08
6234  sta 0x99b8
6237  adc 0x99b7
623A  sta 0x99b7
L623D:
623D  stx 0xd203
6240  sty 0xd202
6243  dec 0x99b6
6246  bne 0x6250
6248  lda #0x00
624A  sta 0xd201
624D  sta 0xd203
L6250:
6250  lda 0x99c5
6253  beq 0x626d
6255  tay 
6256  lsr a
6257  ora #0xa0
6259  sta 0xd201
625C  tya 
625D  eor 0x99c6
6260  sta 0xd200
6263  dec 0x99c5
6266  bne 0x626d
6268  lda #0x00
626A  sta 0xd201
L626D:
626D  ldx 0x99c9
6270  beq 0x6288
6272  dex 
6273  stx 0x99c9
6276  txa 
6277  lsr a
6278  ora #0xc0
627A  sta 0xd201
627D  ldx #0x14
627F  and #0x01
6281  beq 0x6285
6283  ldx #0x11
L6285:
6285  stx 0xd200
L6288:
6288  lda #0x20
L628A:
628A  sta 0xd208
628D  dec 0x99dc
6290  bmi 0x6295
6292  jmp 0x6349
L6295:
6295  lda 0x99d5
6298  sta 0x99dc
629B  lda 0xd20a
629E  cmp #0x20
62A0  bcs 0x62a7
62A2  lda #0x20
62A4  sta 0x99dd
L62A7:
62A7  lsr 0x983f
62AA  bcc 0x62ec
62AC  lda #0x80
62AE  sta 0x983f
62B1  inc 0x99d6
62B4  inc 0x99de
62B7  lda 0x99de
62BA  and #0x03
62BC  bne 0x62e5
62BE  sta 0x99d8
62C1  inc 0x99da
62C4  lda 0x99da
62C7  and #0x10
62C9  lsr a
62CA  lsr a
62CB  adc #0x03
62CD  sta 0x99db
62D0  lda 0xd20a
62D3  and #0x0f
62D5  sta 0x99d7
62D8  inc 0x99df
62DB  lda 0x99df
62DE  and #0x0c
62E0  sta 0x99e0
62E3  lda #0x00
L62E5:
62E5  clc 
62E6  adc 0x99e0
62E9  sta 0x99de
L62EC:
62EC  lda 0x99de
62EF  and #0x03
62F1  tax 
62F2  lda 0x640b, x
62F5  and 0x983f
62F8  bne 0x630d
62FA  lda 0x99d7
62FD  beq 0x6333
62FF  dec 0x99d7
6302  lda 0xd20a
6305  and #0x03
6307  clc 
6308  adc #0x0e
630A  jmp 0x6315
L630D:
630D  lda 0x99d8
6310  and #0x0f
6312  inc 0x99d8
L6315:
6315  tax 
6316  lda 0x99d6
6319  lsr a
631A  and #0x18
631C  clc 
631D  adc 0x640f, x
6320  tay 
6321  lda 0x6421, y
6324  sta 0xd206
6327  lda 0xd20a
632A  and #0x07
632C  clc 
632D  adc 0x99db
6330  sta 0x99d9
L6333:
6333  ldx 0x99de
6336  lda 0x63fb, x
6339  and 0x983f
633C  beq 0x6346
633E  lda 0xd20a
6341  and #0x03
6343  clc 
6344  adc #0x03
L6346:
6346  sta 0x99e1
L6349:
6349  lda 0x99b9
634C  bne 0x6369
634E  lda 0x99dd
6351  sta 0xd204
6354  cmp #0x04
6356  bcc 0x635b
6358  dec 0x99dd
L635B:
635B  lda 0x99e1
635E  beq 0x6363
6360  dec 0x99e1
L6363:
6363  asl a
6364  ora #0x80
6366  sta 0xd205
L6369:
6369  lda 0x99d9
636C  beq 0x6371
636E  dec 0x99d9
L6371:
6371  lsr a
6372  ora #0xc0
6374  sta 0xd207
6377  lda 0x5437
637A  eor #0x02
637C  bne 0x6381
637E  jmp 0xe462
L6381:
6381  jmp 0x542e

;============================================================
proc_6384:
6384  lda 0x99a9
6387  beq 0x63f4
6389  cmp #0x02
638B  bcs 0x63a5
638D  lda #0x00
638F  sta 0xd203
6392  sta 0xd205
6395  sta 0xd207
6398  lda #0xa3
639A  sta 0x99aa
639D  lda 0x99a8
63A0  adc #0x10
63A2  sta 0x99a7
L63A5:
63A5  lda #0x64
63A7  sta 0xd208
63AA  inc 0x99a9
63AD  lda 0x99a7
63B0  sta 0xd204
63B3  lda 0x99aa
63B6  sta 0xd201
63B9  lda 0x99a9
63BC  tax 
63BD  and #0x03
63BF  clc 
63C0  adc 0x99a8
63C3  sta 0xd200
63C6  and #0x01
63C8  beq 0x63cd
63CA  dec 0x99a7
L63CD:
63CD  txa 
63CE  cmp #0x0d
63D0  bcs 0x63d7
63D2  inc 0x99aa
63D5  bne 0x63de
L63D7:
63D7  dec 0x99aa
63DA  cmp #0x1a
63DC  bcs 0x63e3
L63DE:
63DE  pla 
63DF  pla 
63E0  jmp 0xe462
L63E3:
63E3  lda #0x00
63E5  sta 0xd201
63E8  sta 0x99a9
63EB  sta 0x99a6
63EE  sta 0x99bc
63F1  sta 0x99db
L63F4:
63F4  rts 
63F5  .byte 4C B8 7E 38 58 78 A3 A2 B5 5A D3 AA BA EA EE AC
6405  .byte FE AA FF AA A3 A7 41 81 AA AF 00 01 00 01 00 00
6415  .byte 02 02 00 02 02 02 03 04 05 06 07 01 DA EC 7D 92
6425  .byte 64 8A 41 3E 37 3D 70 64 5D 70 8A DD 55 70 37 42
6435  .byte 46 5D 1B 2E A7 E9 6F F9 64 93 4E 42
L6441:
6441  lda 0x990f
6444  bne 0x6499
6446  lda 0x9910
6449  beq 0x6468
644B  lda #0x00
644D  sta 0x9910
6450  sta 0x990d
6453  lda #0x05
6455  sta 0x994f
6458  sta 0x9904
645B  sta 0x9914
645E  lda 0xd20a
6461  and #0x02
6463  tax 
6464  inx 
6465  inx 
6466  bne 0x6493
L6468:
6468  lda 0x990d
646B  sta 0x990e
646E  jsr 0x75b5
6471  bpl 0x64c8
6473  jsr 0x752b
6476  bne 0x64c8
6478  lda 0x98ee
647B  bne 0x6489
647D  lda 0x990e
6480  cmp #0x02
6482  bne 0x6489
6484  lda #0x07
6486  sta 0x99ac
L6489:
6489  lda #0x00
648B  sta 0x994f
648E  sta 0x990d
6491  ldx #0x03
L6493:
6493  stx 0x9906
6496  jmp 0x657d
L6499:
6499  sta 0x9947
649C  lda 0x99c0
649F  beq 0x64a2
L64A1:
64A1  rts 
L64A2:
64A2  lda 0x02a5
64A5  bne 0x64b1
64A7  lda 0x99b0
64AA  bne 0x64a1
64AC  pla 
64AD  pla 
64AE  jmp 0x74bc
L64B1:
64B1  lda 0x9987
64B4  cmp 0x9912
64B7  bne 0x64c0
64B9  lda #0x00
64BB  sta 0x990f
64BE  beq 0x64c8
L64C0:
64C0  lda #0x08
64C2  sta 0x99d5
64C5  jmp 0x668c
L64C8:
64C8  lda 0x9a55
64CB  bne 0x64d6
64CD  lda 0x9914
64D0  sta 0x9915
64D3  lda 0x0278
L64D6:
64D6  sta 0x9914
64D9  ldx #0x00
L64DB:
64DB  cmp 0x6ed5, x
64DE  bne 0x64f6
64E0  lda 0x9a52
64E3  beq 0x64f3
64E5  lda 0x6edd, x
64E8  beq 0x64f3
64EA  bmi 0x64f3
64EC  lda 0x98f6
64EF  cmp #0xc8
64F1  bcs 0x64fb
L64F3:
64F3  jmp 0x657d
L64F6:
64F6  inx 
64F7  cpx #0x08
64F9  bcc 0x64db
L64FB:
64FB  ldx 0x9906
64FE  bne 0x6509
6500  jsr 0x6f21
6503  lda 0x9914
6506  jmp 0x7134
L6509:
6509  lda 0x98f6
650C  tay 
650D  and #0x07
650F  cmp #0x01
6511  bne 0x6533
6513  lda 0x9908
6516  beq 0x655b
6518  and #0x7f
651A  ldx 0x98ee
651D  bne 0x6527
651F  cmp #0x07
6521  beq 0x652e
6523  cmp #0x08
6525  beq 0x652e
L6527:
6527  lda #0x00
6529  sta 0x9908
652C  beq 0x655b
L652E:
652E  lda #0x0d
6530  sta 0x9908
L6533:
6533  lda #0xf0
6535  sta 0x9907
6538  bcc 0x6550
653A  ldx 0x98ee
653D  bne 0x6546
653F  lda 0x9908
6542  cmp #0x0d
6544  beq 0x6550
L6546:
6546  tya 
6547  clc 
6548  adc #0x0f
654A  tay 
654B  dec 0x98f6
654E  bne 0x6553
L6550:
6550  inc 0x98f6
L6553:
6553  lda #0x00
6555  sta 0xa400, y
6558  sta 0xa500, y
L655B:
655B  inc 0x9907
655E  lda 0x9907
6561  cmp #0x18
6563  bcc 0x657a
6565  lda #0x00
6567  sta 0x9907
656A  lda 0xd20a
656D  and #0x01
656F  adc #0x16
6571  sta 0x996f
6574  jsr 0x6f21
6577  jsr 0x6f5a
L657A:
657A  jmp 0x7127
L657D:
657D  stx 0x4d
657F  lda 0x6ee7, x
6582  sta 0x9977
6585  lda 0x6edf, x
6588  sta 0x9947
658B  lda 0x6edd, x
658E  sta 0x98f5
6591  bne 0x65a1
6593  ldy 0x9906
6596  beq 0x659e
6598  sta 0x9977
659B  jmp 0x6509
L659E:
659E  jmp 0x6679
L65A1:
65A1  cpx #0x07
65A3  bne 0x65ab
65A5  ldy #0x17
65A7  ldx #0x16
65A9  bne 0x65d5
L65AB:
65AB  cpx #0x03
65AD  bne 0x65b5
65AF  ldy #0x15
65B1  ldx #0x14
65B3  bne 0x65d5
L65B5:
65B5  ldx #0x07
65B7  lda 0x9914
65BA  and #0x01
65BC  bne 0x65d3
65BE  lda 0x98ee
65C1  bne 0x65cf
65C3  lda 0x990d
65C6  cmp #0x02
65C8  bne 0x65cf
65CA  lda #0x03
65CC  sta 0x994f
L65CF:
65CF  ldy #0x08
65D1  bne 0x65d5
L65D3:
65D3  ldy #0x09
L65D5:
65D5  stx 0x996f
65D8  sty 0x9909
65DB  lda 0x9906
65DE  beq 0x65f1
65E0  lda 0x9904
65E3  bne 0x65f1
65E5  sty 0x996f
65E8  ldx 0x98f5
65EB  bpl 0x65f1
65ED  inx 
65EE  stx 0x994f
L65F1:
65F1  ldy 0x994f
65F4  lda 0x98f5
65F7  bmi 0x662e
65F9  ldx 0x9906
65FC  bne 0x660c
65FE  ldx 0x98ee
6601  bne 0x660c
6603  ldx #0xff
6605  stx 0x98f7
6608  inx 
6609  stx 0x990b
L660C:
660C  lda #0x00
660E  sta 0x9904
6611  lda 0x98f6
6614  cmp #0xd4
6616  bcc 0x6623
6618  lda 0x9a52
661B  bne 0x6623
661D  sta 0x98f5
6620  jmp 0x6686
L6623:
6623  lda #0x08
6625  sta 0x990a
6628  ldx #0x03
662A  lda #0x1c
662C  bne 0x6651
L662E:
662E  ldx 0x990b
6631  beq 0x6635
6633  ldx #0x89
L6635:
6635  dex 
6636  stx 0x98f7
6639  lda 0x994f
663C  sec 
663D  rol a
663E  tax 
663F  cpx #0x02
6641  bcs 0x6645
6643  ldx #0x02
L6645:
6645  lda #0x24
6647  sec 
6648  sbc 0x994f
664B  lsr a
664C  stx 0x994f
664F  ldx #0x00
L6651:
6651  stx 0x98fb
6654  sta 0x98fd
6657  tya 
6658  asl a
6659  asl a
665A  sta 0x995f
665D  lda #0x00
665F  sta 0x9967
6662  sta 0x9906
6665  lda 0x98ee
6668  bne 0x6676
666A  lda 0x990d
666D  cmp #0x02
666F  bne 0x6676
6671  lda #0x07
6673  sta 0x99ac
L6676:
6676  jmp 0x6686
L6679:
6679  lda 0x9914
667C  cmp 0x9915
667F  beq 0x668c
6681  lda #0x06
6683  sta 0x996f
L6686:
6686  jsr 0x6f21
6689  jmp 0x71bc
L668C:
668C  jsr 0x6f21
668F  jmp 0x7183
6692  .byte 01 03 0A 14 88 B9 28 B8 D8 B8 07 08 09 0A 0B 0C
66A2  .byte 02 02 88 B9 8A B9 28 B8 2A B8 06 B9 04 B9 01 01
66B2  .byte FF 00 01 30 31 FF 80 D0

;============================================================
proc_66BA:
66BA  lda 0x9998
66BD  bne 0x6707
66BF  lda 0x9999
66C2  cmp #0x40
66C4  bcs 0x66cb
66C6  inc 0x9999
66C9  bne 0x670a
L66CB:
66CB  ldx 0x9997
66CE  bne 0x66ed
66D0  lda 0x9801
66D3  bmi 0x66e0
66D5  cmp #0x0a
66D7  bcc 0x66e0
66D9  ldx #0x01
66DB  stx 0x9997
66DE  bne 0x66ed
L66E0:
66E0  lda 0x98f6
66E3  cmp #0xac
66E5  bcc 0x6719
66E7  lda 0x14
66E9  bne 0x6719
66EB  beq 0x66fd
L66ED:
66ED  lda 0xd20a
66F0  cmp 0x6691, x
66F3  bcs 0x66e0
66F5  lda 0xd20a
66F8  ora 0xd20a
66FB  and #0x1f
L66FD:
66FD  adc #0x06
66FF  sta 0x9998
6702  lda #0x00
6704  sta 0x9999
L6707:
6707  dec 0x9998
L670A:
670A  inc 0x999a
670D  lda 0x999a
6710  asl a
6711  asl a
6712  asl a
6713  asl a
6714  cmp 0x9999
6717  bcs 0x671c
L6719:
6719  jmp 0x67ea

;============================================================
proc_671C:
671C  lda #0x00
671E  sta 0x999a
6721  lda #0x01
L6723:
6723  tax 
6724  pha 
6725  lda 0x9827, x
6728  clc 
6729  adc #0x01
672B  and #0x0f
672D  sta 0x9827, x
6730  sta 0x9828, x
6733  bne 0x6770
6735  ldy #0x2b
6737  cpx #0x01
6739  bne 0x6757
L673B:
673B  lda 0xb828, y
673E  sta 0xb82c, y
6741  lda 0xb858, y
6744  sta 0xb85c, y
6747  dey 
6748  bpl 0x673b
674A  ldx #0x04
674C  jsr 0x67eb
674F  ldx #0x06
6751  jsr 0x67eb
6754  jmp 0x6770
L6757:
6757  lda 0xb988, y
675A  sta 0xb98c, y
675D  lda 0xb9b8, y
6760  sta 0xb9bc, y
6763  dey 
6764  bpl 0x6757
6766  ldx #0x00
6768  jsr 0x67eb
676B  ldx #0x02
676D  jsr 0x67eb
L6770:
6770  pla 
6771  clc 
6772  adc #0x08
6774  cmp #0x0b
6776  bcc 0x6723
6778  lda 0x982c
677B  sec 
677C  sbc #0x01
677E  and #0x0f
6780  sta 0x982c
6783  sta 0x982d
6786  cmp #0x0f
6788  bne 0x67a7
678A  ldy #0x00
L678C:
678C  lda 0xb8dc, y
678F  sta 0xb8d8, y
6792  lda 0xb90c, y
6795  sta 0xb908, y
6798  iny 
6799  cpy #0x30
679B  bcc 0x678c
679D  ldx #0x0a
679F  jsr 0x67eb
67A2  ldx #0x08
67A4  jsr 0x67eb
L67A7:
67A7  lda 0x9987
67AA  cmp #0x2f
67AC  bcc 0x67b8
67AE  cmp #0xd0
67B0  bcs 0x67b8
67B2  adc 0x9906
67B5  sta 0x9987
L67B8:
67B8  ldy #0x02
L67BA:
67BA  lda 0x99f8, y
67BD  bne 0x67e7
67BF  lda 0x99e8, y
67C2  beq 0x67c9
67C4  lda 0x99ec, y
67C7  bne 0x67e7
L67C9:
67C9  ldx 0x77a1, y
67CC  lda 0x98dc, x
67CF  cpy #0x02
67D1  bne 0x67db
67D3  cmp #0x31
67D5  bcc 0x67e7
67D7  sbc #0x01
67D9  bne 0x67e1
L67DB:
67DB  cmp #0xc9
67DD  bcs 0x67e7
67DF  adc #0x01
L67E1:
67E1  sta 0x98dc, x
67E4  sta 0x98dd, x
L67E7:
67E7  dey 
67E8  bpl 0x67ba
L67EA:
67EA  rts 

;============================================================
proc_67EB:
67EB  lda 0x66a4, x
67EE  sta 0x80
67F0  lda 0x66a5, x
67F3  sta 0x81
67F5  txa 
67F6  lsr a
67F7  lsr a
67F8  tax 

;============================================================
proc_67F9:
67F9  lda 0xd20a
67FC  cmp 0x999c
67FF  bcc 0x6809
6801  lda 0xd20a
6804  cmp 0x66b7, x
6807  bcc 0x681c
L6809:
6809  lda #0x03
680B  ldy #0x00
680D  sta (0x80), y
680F  iny 
6810  sta (0x80), y
L6812:
6812  lda #0x02
6814  ldy #0x30
6816  sta (0x80), y
6818  iny 
6819  sta (0x80), y
681B  rts 
L681C:
681C  lda 0xd20a
681F  cmp #0x18
6821  bcc 0x684c
6823  cmp #0x60
6825  bcc 0x6850
6827  ldy #0x01
L6829:
6829  lda 0xd20a
682C  and #0x03
682E  bne 0x6832
6830  lda #0x03
L6832:
6832  ldx 0xd20a
6835  bpl 0x6839
6837  ora #0x80
L6839:
6839  clc 
683A  adc #0x03
L683C:
683C  sta (0x80), y
683E  dey 
683F  bmi 0x6812
6841  lda 0xd20a
6844  and #0x03
6846  beq 0x6829
6848  lda #0x03
684A  bne 0x683c
L684C:
684C  ldy #0x03
684E  bne 0x6852
L6850:
6850  ldy #0x07
L6852:
6852  ldx #0x03
6854  lda 0xd20a
6857  and #0x80
6859  sta 0x999b
L685C:
685C  lda 0x669c, y
685F  ora 0x999b
6862  sty 0x90
6864  ldy 0x66b3, x
6867  sta (0x80), y
6869  ldy 0x90
686B  dey 
686C  dex 
686D  bpl 0x685c
686F  rts 
L6870:
6870  dec 0x995f
6873  bmi 0x6876
6875  rts 
L6876:
6876  inc 0x995f
6879  jsr 0x70c8
687C  bmi 0x6891
687E  beq 0x6891
6880  lda #0x00
6882  sta 0x9947
6885  lda #0x03
6887  sta 0x98fb
688A  ldx 0x98ee
688D  beq 0x68b2
688F  bne 0x68b5
L6891:
6891  inc 0x9967
6894  lda 0x9967
6897  cmp 0x98fd
689A  bcc 0x68c3
689C  lda #0x00
689E  sta 0x9967
68A1  lda 0x98fb
68A4  ldx 0x98f5
68A7  bpl 0x68bc
68A9  inc 0x98fb
68AC  cmp #0x03
68AE  bcc 0x68c3
68B0  lda #0x00
L68B2:
68B2  sta 0x990a
L68B5:
68B5  lda #0x01
68B7  sta 0x98f5
68BA  bne 0x68c3
L68BC:
68BC  cmp #0x00
68BE  beq 0x68c3
68C0  dec 0x98fb
L68C3:
68C3  inc 0x98fc
68C6  lda 0x98fc
68C9  cmp 0x98fb
68CC  bcc 0x692b
68CE  lda #0x00
68D0  sta 0x98fc
68D3  lda 0x98f6
68D6  clc 
68D7  adc 0x98f5
68DA  cmp #0x04
68DC  bcs 0x68e8
68DE  ldx #0x01
68E0  stx 0x98f5
68E3  ldx #0x06
68E5  stx 0x98fb
L68E8:
68E8  cmp #0xd5
68EA  bcc 0x6920
68EC  ldx 0x9a52
68EF  beq 0x6918
68F1  cmp #0xf8
68F3  bcs 0x6901
68F5  ldx 0x99ca
68F8  bne 0x6920
68FA  ldx #0x80
68FC  stx 0x99ca
68FF  bne 0x6920
L6901:
6901  lda #0xf8
6903  ldx 0x99ca
6906  bne 0x6920
6908  pla 
6909  pla 
690A  ldx #0x03
L690C:
690C  lda 0x76b6, x
690F  sta 0x9813, x
6912  dex 
6913  bpl 0x690c
6915  jmp 0x9312
L6918:
6918  stx 0x990a
691B  stx 0x98f8
691E  lda #0xd4
L6920:
6920  sta 0x98f6
6923  lda 0x990a
6926  beq 0x692b
6928  dec 0x990a
L692B:
692B  lda 0x98f5
692E  bmi 0x694d
6930  jsr 0x75b5
6933  bmi 0x6948
6935  lda #0x00
6937  sta 0x9903
693A  lda #0xfe
693C  sta 0x98ff
693F  sta 0x9900
6942  sta 0x9901
6945  jmp 0x69d3
L6948:
6948  jsr 0x752b
694B  bne 0x6964
L694D:
694D  lda 0x9a3a
6950  beq 0x6955
6952  jmp 0x6a01
L6955:
6955  lda 0x9909
L6958:
6958  sta 0x996f
695B  jsr 0x7127
695E  jsr 0x6f21
6961  jmp 0x6f5a
L6964:
6964  cmp #0xff
6966  bne 0x697c
6968  lda 0x98f6
696B  cmp #0x80
696D  bcs 0x694d
696F  lda 0x98f9
6972  bne 0x694d
6974  jsr 0x6ec9
6977  pla 
6978  pla 
6979  jmp 0x9306
L697C:
697C  sta 0x9908
697F  lda 0x98ee
6982  bne 0x69bc
6984  ldy 0x98f6
6987  ldx 0x9987
698A  cpx 0x9901
698D  bne 0x69a1
698F  cpy 0x9902
6992  bne 0x69a1
6994  inc 0x9903
6997  lda 0x9903
699A  cmp #0x02
699C  bcc 0x69ac
699E  jsr 0x6ec9
L69A1:
69A1  stx 0x9901
69A4  sty 0x9902
69A7  lda #0x00
69A9  sta 0x9903
L69AC:
69AC  lda 0x98fe
69AF  cmp 0x9900
69B2  beq 0x69bc
69B4  sta 0x9900
69B7  lda #0x00
69B9  sta 0x98ff
L69BC:
69BC  lda #0x00
69BE  sta 0x9977
69C1  sta 0x990d
69C4  lda #0xd0
69C6  sta 0x99af
69C9  lda #0x18
69CB  sta 0x99ae
69CE  lda #0x17
69D0  sta 0x996f
L69D3:
69D3  lda #0x06
69D5  sta 0x994f
69D8  lda #0x00
69DA  sta 0x98f5
69DD  sta 0x9947
69E0  sta 0x990c
69E3  ldx 0x98ee
69E6  bne 0x69fe
69E8  lda 0x990d
69EB  cmp #0x02
69ED  bne 0x69fe
69EF  lda 0xd20a
69F2  and #0x0f
69F4  adc #0x28
69F6  sta 0x99ad
69F9  lda #0x07
69FB  sta 0x99ab
L69FE:
69FE  jmp 0x64c8
L6A01:
6A01  lda #0x00
6A03  sta 0x9977
6A06  lda 0x99cc
6A09  cmp #0x14
6A0B  bcs 0x6a12
6A0D  lda #0x1f
6A0F  sta 0x99cc
L6A12:
6A12  lda 0x98f6
6A15  lsr a
6A16  lsr a
6A17  and #0x07
6A19  tax 
6A1A  lda 0x6a20, x
6A1D  jmp 0x6958
6A20  .byte 17 12 11 13 15 09 07 08

;============================================================
proc_6A28:
6A28  lda 0x0206
6A2B  cmp #0x18
6A2D  bcc 0x6a33
6A2F  cmp #0x28
6A31  bcc 0x6a36
L6A33:
6A33  nop 
6A34  nop 
6A35  nop 
L6A36:
6A36  ldx 0x02a3
6A39  lda 0x6b0c, x
6A3C  sta 0x9a4e
6A3F  lda #0x02
6A41  ldy #0x00
L6A43:
6A43  sta 0xb800, y
6A46  sta 0xb83c, y
6A49  sta 0xb938, y
6A4C  dey 
6A4D  bne 0x6a43
6A4F  sty 0x8c
6A51  ldx #0x27
L6A53:
6A53  lda #0xbb
6A55  sta 0xb800, x
L6A58:
6A58  lda 0xd20a
6A5B  and #0x03
6A5D  clc 
6A5E  adc #0x0d
6A60  cmp 0x8c
6A62  beq 0x6a58
6A64  sta 0x8c
6A66  sta 0xba38, x
6A69  lda #0x11
6A6B  sta 0xba60, x
6A6E  lda 0xd20a
6A71  cmp #0x20
6A73  bcs 0x6a79
6A75  lda #0x16
6A77  bne 0x6a7b
L6A79:
6A79  lda #0x11
L6A7B:
6A7B  sta 0xbb78, x
6A7E  dex 
6A7F  bpl 0x6a53
6A81  ldx #0xf0
L6A83:
6A83  lda 0xd20a
6A86  and #0x1f
6A88  cmp #0x04
6A8A  bcc 0x6a90
6A8C  lda #0x11
6A8E  bne 0x6a92
L6A90:
6A90  adc #0x12
L6A92:
6A92  sta 0xba87, x
6A95  dex 
6A96  bne 0x6a83
6A98  lda #0x63
6A9A  sta 0x80
6A9C  lda #0xba
6A9E  sta 0x81
6AA0  ldx #0x00
6AA2  jsr 0x7502
6AA5  jsr 0x930c
6AA8  lda #0x2e
6AAA  sta 0x98ef
6AAD  ldx 0x02a3
6AB0  lda 0x542f, x
6AB3  sta 0x999c
L6AB6:
6AB6  ldx #0x04
L6AB8:
6AB8  lda 0x6696, x
6ABB  clc 
6ABC  adc 0x98ef
6ABF  sta 0x80
6AC1  lda 0x6697, x
6AC4  adc #0x00
6AC6  sta 0x81
6AC8  txa 
6AC9  pha 
6ACA  ldx #0x00
6ACC  jsr 0x67f9
6ACF  pla 
6AD0  tax 
6AD1  dex 
6AD2  dex 
6AD3  bpl 0x6ab8
6AD5  dec 0x98ef
6AD8  dec 0x98ef
6ADB  bpl 0x6ab6
6ADD  lda #0x17
6ADF  sta 0x9a40
L6AE2:
6AE2  jsr 0x6ca0
6AE5  dec 0x9a40
6AE8  bpl 0x6ae2
6AEA  lda 0x02a5
6AED  clc 
6AEE  adc #0xa7
6AF0  sta 0xba80
6AF3  jsr 0x7426
6AF6  ldx #0x03
L6AF8:
6AF8  lda 0x981b, x
6AFB  sta 0x98e9, x
6AFE  dex 
6AFF  bpl 0x6af8
6B01  lda #0x8d
6B03  sta 0x80
6B05  lda #0xba
6B07  sta 0x81
6B09  jmp 0x7439
6B0C  .byte 00 14 25 33 25 33 25 33 CD 1D CE 1E 00 CD 10 CE
6B1C  .byte 11 CD 29 CE 2A 00 C9 26 CA 27 CB 4D CC 4E CD 1F
6B2C  .byte CE 20 00 CD 02 CE 03 C9 08 CA 09 CB 2F CC 30 CD
6B3C  .byte 35 CE 36 00 00 05 0E 1B 0E 1B 0E 1B

;============================================================
proc_6B48:
6B48  ldx 0x02a3
6B4B  ldy 0x6b40, x
6B4E  .byte BF 14 6B E0 00 F0 0A C8 BE 14 6B 9D A0 BB C8 D0
6B5E  .byte EF 4C 54 00

;============================================================
proc_6B62:
6B62  lda 0x9826
6B65  beq 0x6b68
6B67  rts 
L6B68:
6B68  lda 0x98f8
6B6B  beq 0x6b70
6B6D  jmp 0x6c66
L6B70:
6B70  inc 0x9826
6B73  lda 0xd00c
6B76  ora 0xd00d
6B79  and #0x04
6B7B  beq 0x6be6
6B7D  lda 0x98f6
6B80  cmp #0x90
6B82  bcs 0x6be6
6B84  adc #0x14
6B86  tay 
6B87  jsr 0x75a4
6B8A  lda 0x99f8, y
6B8D  bne 0x6be6
6B8F  lda #0x7f
6B91  sta 0x99f8, y
6B94  sty 0x90
6B96  tya 
6B97  tax 
6B98  jsr 0x71e5
6B9B  ldy 0x90
6B9D  lda #0x08
6B9F  sta 0x8c
6BA1  ldx 0x779e, y
6BA4  tya 
6BA5  asl a
6BA6  asl a
6BA7  asl a
6BA8  tay 
L6BA9:
6BA9  lda 0x7804, y
6BAC  sta 0xa600, x
6BAF  iny 
6BB0  inx 
6BB1  dec 0x8c
6BB3  bne 0x6ba9
6BB5  ldy 0x90
6BB7  lda 0x7793, y
6BBA  tax 
6BBB  lsr a
6BBC  sta 0x8c
6BBE  lda #0x00
6BC0  sta 0x99b4
6BC3  lda #0x78
6BC5  sbc 0x8c
6BC7  sta 0x99a8
6BCA  lda #0x01
6BCC  sta 0x99a6
6BCF  sta 0x99a9
6BD2  lda 0x9803
6BD5  sec 
6BD6  sbc #0x08
6BD8  bcs 0x6bdc
6BDA  lda #0x00
L6BDC:
6BDC  sta 0x9803
6BDF  txa 
6BE0  jsr 0x7421
6BE3  jmp 0x6c66
L6BE6:
6BE6  lda 0x990d
6BE9  cmp #0x02
6BEB  bne 0x6bf0
6BED  jsr 0x930f
L6BF0:
6BF0  lda 0xd00c
6BF3  ora 0xd00d
6BF6  and #0x08
6BF8  beq 0x6c66
6BFA  lda 0x98f6
6BFD  cmp #0x84
6BFF  bcs 0x6c66
6C01  lda 0x99a0
6C04  cmp #0x40
6C06  bcc 0x6c66
6C08  lda #0x0c
6C0A  sta 0x98fb
6C0D  sta 0x98f8
6C10  lda #0x17
6C12  sta 0x996f
6C15  sta 0x9909
6C18  lda #0x0f
6C1A  sta 0x99bf
6C1D  lda #0x08
6C1F  sta 0x99a4
6C22  sta 0x99a5
6C25  sta 0x99c0
6C28  lda 0x99a1
6C2B  jsr 0x711c
6C2E  sta 0x99a1
6C31  lda #0x88
6C33  sta 0x98f7
6C36  lda #0x00
6C38  tax 
6C39  stx 0x9947
6C3C  stx 0x9977
6C3F  stx 0x9906
6C42  stx 0x99a2
6C45  stx 0x99a3
6C48  stx 0x990c
6C4B  inx 
6C4C  stx 0x98f5
6C4F  ldy #0x0e
L6C51:
6C51  sta 0xa488, y
6C54  sta 0xa588, y
6C57  dey 
6C58  bne 0x6c51
6C5A  dec 0x02a5
6C5D  lda 0x02a5
6C60  clc 
6C61  adc #0xa7
6C63  sta 0xba80
L6C66:
6C66  sta 0xd01e
6C69  rts 
6C6A  .byte AD 0C D0 8D 37 54 8D 1E D0 4C 40 54 3F 40 40 40
6C7A  .byte 3E 41 43 45 47 3C 64 8C B4 3C 5C 7C 03 04 07 08
6C8A  .byte 0B 0C 03 0D 17 21 04 00 00 04 05 06 08 05 09 07
6C9A  .byte 04 09 06 09 06 08

;============================================================
proc_6CA0:
6CA0  jsr 0x6cba
6CA3  lda #0xbe
6CA5  ldx #0x03
L6CA7:
6CA7  sta (0x80), y
6CA9  iny 
6CAA  lda 0xd20a
6CAD  and #0x01
6CAF  clc 
6CB0  adc #0xbc
6CB2  dex 
6CB3  bpl 0x6ca7
6CB5  lda #0xbf
6CB7  sta (0x80), y
6CB9  rts 

;============================================================
proc_6CBA:
6CBA  lda 0x9a40
6CBD  tay 
6CBE  lsr a
6CBF  lsr a
6CC0  tax 
6CC1  lda 0x6c86, x
6CC4  asl a
6CC5  tax 
6CC6  lda 0x0610, x
6CC9  sta 0x80
6CCB  lda 0x0611, x
6CCE  sta 0x81
6CD0  tya 
6CD1  and #0x03
6CD3  tax 
6CD4  ldy 0x6c8c, x
6CD7  rts 

;============================================================
proc_6CD8:
6CD8  dec 0x9a42
6CDB  beq 0x6cde
L6CDD:
6CDD  rts 

;============================================================
proc_6CDE:
6CDE  lda #0x53
6CE0  sta 0x9a42
6CE3  ldx 0x9a43
6CE6  bne 0x6d46
6CE8  stx 0x98f9
6CEB  lda 0x98f6
6CEE  cmp #0x90
6CF0  bcs 0x6cdd
6CF2  lda 0xd20a
6CF5  cmp #0x18
6CF7  bcs 0x6cdd
L6CF9:
6CF9  lda 0x990c
6CFC  cmp #0x02
6CFE  bcc 0x6d0b
6D00  ldy #0x00
6D02  lda 0xd20a
6D05  and #0x03
6D07  ldx #0x08
6D09  bcs 0x6d2e
L6D0B:
6D0B  lda 0xd20a
6D0E  and #0x1b
6D10  cmp #0x18
6D12  bcs 0x6d0b
6D14  ldy 0x9a46
6D17  beq 0x6d2b
6D19  tax 
6D1A  lda 0xd20a
6D1D  and #0x07
6D1F  ora #0x20
6D21  sta 0x99a8
6D24  txa 
6D25  sty 0x99a6
6D28  sty 0x99a9
L6D2B:
6D2B  ldx 0x9806
L6D2E:
6D2E  sty 0x9a45
6D31  cmp 0x9a41
6D34  beq 0x6cf9
6D36  sta 0x9a41
6D39  stx 0x9a44
6D3C  lda #0x01
6D3E  sta 0x9a47
6D41  ldx #0x04
6D43  stx 0x9a43
L6D46:
6D46  lda 0x9a41
6D49  ora 0x6c8f, x
6D4C  sta 0x9a40
6D4F  cpx #0x02
6D51  bcc 0x6d75
6D53  bne 0x6d7b
6D55  dec 0x9a44
6D58  beq 0x6d75
6D5A  lda 0x9a45
6D5D  beq 0x6d98
6D5F  lda 0xd20a
6D62  and #0x04
6D64  ora 0x9a41
6D67  sta 0x9a40
6D6A  jsr 0x6cba
6D6D  iny 
6D6E  iny 
6D6F  jsr 0x6e38
6D72  jmp 0x6d97
L6D75:
6D75  jsr 0x6ca0
6D78  jmp 0x6d94
L6D7B:
6D7B  jsr 0x6cba
6D7E  ldx #0x04
L6D80:
6D80  lda 0x6c76, x
6D83  sta (0x80), y
6D85  iny 
6D86  dex 
6D87  bpl 0x6d80
6D89  lda 0x9a45
6D8C  beq 0x6d94
6D8E  dey 
6D8F  dey 
6D90  dey 
6D91  jsr 0x6e38
L6D94:
6D94  dec 0x9a43
L6D97:
6D97  rts 
L6D98:
6D98  lda 0x999e
6D9B  bne 0x6d97
6D9D  lda 0x9a47
6DA0  beq 0x6d97
6DA2  lda 0x9a41
6DA5  tay 
6DA6  and #0x03
6DA8  tax 
6DA9  sta 0x8c
6DAB  lda 0xd20a
6DAE  and #0x0f
6DB0  adc 0x6c7f, x
6DB3  sta 0x999f
6DB6  tya 
6DB7  lsr a
6DB8  lsr a
6DB9  lsr a
6DBA  tax 
6DBB  lda 0x6c83, x
6DBE  sta 0x999e
6DC1  sec 
6DC2  sbc 0x98f6
6DC5  bcs 0x6dc9
6DC7  eor #0xff
L6DC9:
6DC9  lsr a
6DCA  sta 0x8d
6DCC  lda 0x999f
6DCF  sec 
6DD0  sbc 0x9987
6DD3  bcs 0x6dd7
6DD5  eor #0xff
L6DD7:
6DD7  lsr a
6DD8  clc 
6DD9  adc 0x8d
6DDB  cmp #0x14
6DDD  bcs 0x6dec
6DDF  lda 0x990c
6DE2  cmp #0x02
6DE4  bcs 0x6dec
6DE6  lda #0x00
6DE8  sta 0x999e
6DEB  rts 
L6DEC:
6DEC  tya 
6DED  lsr a
6DEE  ora 0x8c
6DF0  tax 
6DF1  lda 0x6c94, x
6DF4  sta 0x99be
6DF7  lda #0x0e
6DF9  sta 0x99bd
6DFC  asl a
6DFD  sta 0x99bc
L6E00:
6E00  lda 0xd20a
6E03  and #0x18
6E05  beq 0x6e00
6E07  clc 
6E08  adc #0x38
6E0A  sta 0x99a0
6E0D  lda 0xd20a
6E10  ora #0x8e
6E12  sta 0x9a66
6E15  lda #0x07
6E17  sta 0x99a4
6E1A  sta 0x99a5
6E1D  lda #0x00
6E1F  sta 0x99a2
6E22  sta 0x99a3
6E25  lda 0x9987
6E28  sta 0x991b
6E2B  lda 0x999f
6E2E  jsr 0x732d
6E31  sta 0x99a1
6E34  dec 0x9a47
6E37  rts 

;============================================================
proc_6E38:
6E38  lda #0x01
6E3A  sta 0x8c
6E3C  lda 0xd20a
6E3F  and #0x01
6E41  sta 0x8d
6E43  lda 0x9a40
6E46  and #0x04
6E48  lsr a
6E49  tax 
L6E4A:
6E4A  lda 0x6c7b, x
6E4D  adc 0x8d
6E4F  sta (0x80), y
6E51  iny 
6E52  inx 
6E53  dec 0x8c
6E55  bpl 0x6e4a
6E57  rts 

;============================================================
proc_6E58:
6E58  dec 0x9913
6E5B  bmi 0x6e5e
L6E5D:
6E5D  rts 
L6E5E:
6E5E  lda #0x04
6E60  sta 0x9913
6E63  lda 0x9a2d
6E66  bne 0x6e5d
6E68  lda 0x9905
6E6B  bne 0x6e5d
6E6D  lda 0x9ac5
6E70  bne 0x6e5d
6E72  lda 0x98ee
6E75  bne 0x6e88
6E77  lda 0x98ff
6E7A  bmi 0x6e88
6E7C  cmp #0x02
6E7E  bcc 0x6e88
6E80  lda #0x00
6E82  sta 0x98ff
6E85  jsr 0x6ec9
L6E88:
6E88  lda 0x98f5
6E8B  bne 0x6e93
6E8D  sta 0x9a3a
6E90  jmp 0x6441
L6E93:
6E93  lda 0x98ee
6E96  bne 0x6eb2
6E98  lda 0x98f6
6E9B  cmp 0x99d3
6E9E  beq 0x6eb2
6EA0  sta 0x99d3
6EA3  ldx #0x04
L6EA5:
6EA5  inx 
6EA6  cpx #0x08
6EA8  bcs 0x6eaf
6EAA  cmp 0x63f3, x
6EAD  bcs 0x6ea5
L6EAF:
6EAF  stx 0x99d5
L6EB2:
6EB2  jmp 0x6870
6EB5  .byte A9 08 85 80 A2 07 AC 9F 7F A9 D4 86 82 A2 D2 86
6EC5  .byte 81 85 83 60

;============================================================
proc_6EC9:
6EC9  lda 0x9997
6ECC  cmp #0x04
6ECE  bcs 0x6ed3
6ED0  inc 0x9997
L6ED3:
6ED3  rts 
6ED4  .byte 02 06 07 05 0D 09 0B 0A 0E FF 00 01 01 01 00 FF
6EE4  .byte FF FF 00 00 00 00 00 0A 0A 0A 00 F2 F4 F8 FF

;============================================================
proc_6EF3:
6EF3  ldx 0x9921
6EF6  txa 
6EF7  asl a
6EF8  tay 
6EF9  lda 0x993a, y
6EFC  sta 0x9993
6EFF  ldy #0xff
6F01  sty 0x9994
6F04  iny 
6F05  sty 0x9995
6F08  lda 0x6f1a, x
6F0B  sta 0x9996
6F0E  lda #0xa6
6F10  sta 0x89
6F12  lda #0xa7
6F14  sta 0x8b
6F16  inx 
6F17  jmp 0x6f43
6F1A  .byte 3B 53 6B 83 9B B3 CB

;============================================================
proc_6F21:
6F21  lda 0x9938
6F24  sta 0x9993
6F27  lda 0x98f7
6F2A  sta 0x9994
6F2D  lda 0x98f5
6F30  sta 0x9995
6F33  lda 0x98f6
6F36  sta 0x9996
6F39  lda #0xa4
6F3B  sta 0x89
6F3D  lda #0xa5
6F3F  sta 0x8b
6F41  ldx #0x00
L6F43:
6F43  ldy #0x00
6F45  sty 0x88
6F47  sty 0x8a
L6F49:
6F49  lda 0x996f, x
6F4C  sta 0x998f, y
6F4F  txa 
6F50  clc 
6F51  adc #0x08
6F53  tax 
6F54  iny 
6F55  cpy #0x04
6F57  bcc 0x6f49
6F59  rts 

;============================================================
proc_6F5A:
6F5A  lda #0x00
6F5C  sta 0x85
6F5E  lda 0x998f
6F61  clc 
6F62  adc 0x9990
6F65  ldx #0x04
L6F67:
6F67  asl a
6F68  rol 0x85
6F6A  dex 
6F6B  bne 0x6f67
6F6D  tax 
6F6E  clc 
6F6F  adc #0xff
6F71  sta 0x86
6F73  lda 0x85
6F75  tay 
6F76  adc #0x95
6F78  sta 0x87
6F7A  txa 
6F7B  clc 
6F7C  adc #0x6f
6F7E  sta 0x84
6F80  tya 
6F81  adc #0x94
6F83  sta 0x85
6F85  lda 0x9995
6F88  bmi 0x6f8d
6F8A  lda 0x9994
L6F8D:
6F8D  sta 0x8c
6F8F  ldy #0x00
6F91  sty 0x6fa7
6F94  sty 0x6fac
6F97  lda 0x89
6F99  sta 0x6fa8
6F9C  lda 0x8b
6F9E  sta 0x6fad
6FA1  ldx 0x9996
L6FA4:
6FA4  lda (0x84), y
6FA6  sta 0xa400, x
6FA9  lda (0x86), y
6FAB  sta 0xa500, x
6FAE  cpx 0x8c
6FB0  bcs 0x6fb9
6FB2  inx 
6FB3  iny 
6FB4  cpy #0x10
6FB6  bcc 0x6fa4
6FB8  rts 
L6FB9:
6FB9  cpx 0x9996
6FBC  bne 0x7005
6FBE  jsr 0x7006
6FC1  ldx #0x00
6FC3  stx 0x990b
6FC6  stx 0x990c
6FC9  stx 0x9987
6FCC  stx 0x98f5
6FCF  stx 0x9906
6FD2  stx 0x990a
6FD5  stx 0x98f8
6FD8  stx 0x9901
6FDB  stx 0x9903
6FDE  dex 
6FDF  stx 0x98f7
6FE2  stx 0x9a74
6FE5  stx 0x9900
6FE8  lda #0xd4
6FEA  sta 0x98f6
6FED  lda #0x1c
6FEF  sta 0x99b3
6FF2  lda 0xd20a
6FF5  and #0x07
6FF7  clc 
6FF8  adc #0x08
6FFA  sta 0x99b2
6FFD  sta 0x99b0
7000  lda #0x0f
7002  sta 0x99b1
L7005:
7005  rts 

;============================================================
proc_7006:
7006  ldx #0xff
7008  ldy #0x0a
700A  lda 0x9987
700D  php 
700E  lda #0xbc
7010  plp 
7011  bmi 0x7019
7013  ldx #0x01
7015  ldy #0x00
7017  lda #0x34
L7019:
7019  stx 0x990f
701C  sty 0x9977
701F  sta 0x9912
7022  rts 

;============================================================
proc_7023:
7023  lda 0x99a9
7026  bne 0x7038
7028  lda 0xd20a
702B  ora 0xd20a
702E  and #0x1f
7030  adc #0x30
7032  sta 0x99a8
7035  inc 0x99a9
L7038:
7038  rts 

;============================================================
proc_7039:
7039  lda 0x89
703B  cmp #0xa4
703D  bne 0x704d
703F  lda #0x00
7041  sta 0xd001
7044  lda 0x9987
7047  clc 
7048  adc #0x04
704A  sta 0xd000
L704D:
704D  lda #0x00
704F  ldy 0x9996
7052  ldx #0x10
L7054:
7054  sta (0x8a), y
7056  iny 
7057  dex 
7058  bpl 0x7054
705A  ldy 0x9991
705D  ldx 0x9426, y
7060  ldy 0x9996
7063  sta (0x88), y
7065  iny 
7066  sta (0x88), y
7068  iny 
7069  lda #0x06
706B  sta 0x9918
L706E:
706E  lda 0x9431, x
7071  sta (0x88), y
7073  iny 
7074  inx 
7075  dec 0x9918
7078  bne 0x706e
707A  lda 0x9993
707D  lsr a
707E  lsr a
707F  lsr a
7080  and #0x0c
7082  tax 
7083  lda #0x04
7085  sta 0x9918
L7088:
7088  lda 0x945b, x
708B  sta (0x88), y
708D  iny 
708E  inx 
708F  dec 0x9918
7092  bne 0x7088
7094  ldx #0x00
L7096:
7096  lda 0x946b, x
7099  sta (0x88), y
709B  iny 
709C  inx 
709D  cpx #0x04
709F  bcc 0x7096
70A1  rts 

;============================================================
proc_70A2:
70A2  lda 0x99a9
70A5  ldx #0xff
L70A7:
70A7  inx 
70A8  cmp 0x942d, x
70AB  bcc 0x70a7
70AD  txa 
70AE  adc #0x02
70B0  sta 0x9991
70B3  jmp 0x7172

;============================================================
proc_70B6:
70B6  ldy 0x98f6
70B9  ldx #0x10
70BB  lda #0x00
L70BD:
70BD  sta 0xa400, y
70C0  sta 0xa500, y
70C3  iny 
70C4  dex 
70C5  bpl 0x70bd
70C7  rts 

;============================================================
proc_70C8:
70C8  inc 0x9957
70CB  lda 0x994f
70CE  ldx 0x98f5
70D1  bne 0x70d5
70D3  sec 
70D4  rol a
L70D5:
70D5  ldx #0xff
70D7  cmp 0x9957
70DA  bcs 0x70fe
70DC  inx 
70DD  stx 0x9957

;============================================================
proc_70E0:
70E0  lda 0x9987
70E3  clc 
70E4  adc 0x9947
70E7  ldy 0x990f
70EA  bne 0x70fb
70EC  ldx #0xc3
70EE  ldy 0x98ee
70F1  bne 0x70f5
70F3  ldx #0xc7
L70F5:
70F5  stx 0x98f0
70F8  jsr 0x7105
L70FB:
70FB  sta 0x9987
L70FE:
70FE  txa 
70FF  rts 

;============================================================
proc_7100:
7100  ldx #0xc8
7102  stx 0x98f0

;============================================================
proc_7105:
7105  ldx #0x00
7107  cmp #0x2c
7109  bcs 0x710e
710B  lda #0x2c
710D  inx 
L710E:
710E  cmp 0x98f0
7111  bcc 0x7119
7113  lda 0x98f0
7116  sbc #0x01
7118  inx 
L7119:
7119  cpx #0x00
711B  rts 

;============================================================
proc_711C:
711C  beq 0x7126
711E  bmi 0x7124
7120  lda #0xff
7122  bmi 0x7126
L7124:
7124  lda #0x01
L7126:
7126  rts 

;============================================================
proc_7127:
7127  lda 0x9987
712A  sta 0xd000
712D  clc 
712E  adc #0x08
7130  sta 0xd001
7133  rts 
L7134:
7134  cmp 0x9915
7137  beq 0x7152
7139  lda #0x06
713B  sta 0x996f
713E  sta 0x998f
7141  sta 0x994f
7144  lda #0x10
7146  sta 0x9937
7149  sta 0x9938
714C  jsr 0x7127
714F  jmp 0x6f5a
L7152:
7152  dec 0x9937
7155  bmi 0x7162
7157  dec 0x9938
715A  lda 0x9938
715D  and #0x1f
715F  beq 0x7172
7161  rts 
L7162:
7162  lda #0x32
7164  sta 0x9937
7167  lda 0xd20a
716A  and #0x03
716C  sta 0x997f
716F  sta 0x9991
L7172:
7172  lda #0x06
7174  sta 0x995f
7177  sta 0x994f
717A  lda 0x9938
717D  sta 0x9993
7180  jmp 0x7039

;============================================================
proc_7183:
7183  lda 0x994f
7186  beq 0x7195
7188  dec 0x9967
718B  bpl 0x7195
718D  lda #0x12
718F  sta 0x9967
7192  dec 0x994f
L7195:
7195  jsr 0x70c8
7198  bpl 0x719b
719A  rts 
L719B:
719B  inc 0x995f
719E  lda 0x995f
71A1  cmp #0x03
71A3  bcs 0x71a8
71A5  jmp 0x7127
L71A8:
71A8  lda #0x00
71AA  sta 0x995f
71AD  inc 0x996f
71B0  lda 0x996f
71B3  cmp #0x06
71B5  bcc 0x71bc
71B7  lda #0x00
71B9  sta 0x996f
L71BC:
71BC  lda 0x996f
71BF  sta 0x998f
71C2  jsr 0x7127
71C5  jmp 0x6f5a

;============================================================
proc_71C8:
71C8  lda 0x779e, x
71CB  sta 0x82
71CD  lda #0xa6
71CF  sta 0x83

;============================================================
proc_71D1:
71D1  ldy 0x99e8, x
71D4  ldx 0x7796, y
71D7  ldy #0x00
L71D9:
71D9  lda 0x77b0, x
71DC  sta (0x82), y
71DE  inx 
71DF  iny 
71E0  cpy #0x0c
71E2  bcc 0x71d9
71E4  rts 

;============================================================
proc_71E5:
71E5  ldy 0x779e, x
71E8  ldx #0x10
71EA  lda #0x00
L71EC:
71EC  sta 0xa600, y
71EF  iny 
71F0  dex 
71F1  bne 0x71ec
71F3  rts 

;============================================================
proc_71F4:
71F4  ldy #0x0b
L71F6:
71F6  lda 0x77b0, y
71F9  sta 0x9864, y
71FC  dey 
71FD  bpl 0x71f6
71FF  rts 

;============================================================
proc_7200:
7200  lda 0x9808
7203  sta 0x9809
7206  lda 0x9807
7209  sta 0x9808
L720C:
720C  lda 0xd20a
720F  and #0x03
7211  bne 0x7220
L7213:
7213  lda 0xd20a
7216  and #0x07
7218  cmp #0x05
721A  bcs 0x7213
721C  adc #0x0c
721E  bcc 0x7230
L7220:
7220  lda 0x02a3
7223  and #0x03
7225  asl a
7226  asl a
7227  sta 0x8c
7229  lda 0xd20a
722C  and #0x03
722E  ora 0x8c
L7230:
7230  tax 
7231  lda 0x7242, x
7234  cmp 0x9808
7237  bne 0x723e
7239  cmp 0x9809
723C  beq 0x720c
L723E:
723E  sta 0x9807
7241  rts 
7242  .byte 01 01 04 04 06 06 00 00 03 03 01 04 00 01 04 06
7252  .byte 03 A9 FF 8D 07 98 8D 08 98 8D 09 98 60

;============================================================
proc_725F:
725F  lda 0x02fc
7262  cmp #0x21
7264  beq 0x7267
7266  rts 
L7267:
7267  ldx #0xff
7269  stx 0x02fc
726C  stx 0x732c
726F  inx 
7270  stx 0x022b
L7273:
7273  lda 0x12, x
7275  pha 
7276  inx 
7277  cpx #0x03
7279  bcc 0x7273
727B  lda 0x02c8
727E  pha 
727F  lda 0x02c4
7282  pha 
7283  lda 0x0230
7286  pha 
7287  lda 0x0231
728A  pha 
728B  lda 0x02f4
728E  pha 
728F  jsr 0x733d
7292  lda #0xf2
7294  sta 0x0230
7297  lda #0x72
7299  sta 0x0231
729C  lda #0xe0
729E  sta 0x02f4
72A1  lda #0x94
72A3  sta 0x02c8
72A6  lda #0x2a
72A8  sta 0x02c4
72AB  lda #0x7c
72AD  sta 0x4d
72AF  jsr 0x733d
72B2  lda #0x00
72B4  sta 0xd002
72B7  sta 0xd003
72BA  ldx #0x03
L72BC:
72BC  sta 0xd004, x
72BF  dex 
72C0  bpl 0x72bc
L72C2:
72C2  lda 0x02fc
72C5  cmp #0x21
72C7  bne 0x72c2
72C9  pla 
72CA  sta 0x02f4
72CD  pla 
72CE  sta 0x0231
72D1  pla 
72D2  sta 0x0230
72D5  pla 
72D6  sta 0x02c4
72D9  pla 
72DA  sta 0x02c8
72DD  ldx #0x02
L72DF:
72DF  pla 
72E0  sta 0x12, x
72E2  dex 
72E3  bpl 0x72df
72E5  stx 0x02fc
72E8  inx 
72E9  stx 0x022b
72EC  stx 0x732c
72EF  stx 0x4d
72F1  rts 
72F2  .byte 70 70 70 70 70 70 70 70 70 70 47 04 73 70 07 41
7302  .byte F2 72 00 00 00 30 32 25 33 33 00 30 21 37 33 00
7312  .byte 22 21 32 00 00 00 00 00 00 00 00 34 2F 00 32 25
7322  .byte 33 35 2D 25 0E 00 00 00 00 00 00

;============================================================
proc_732D:
732D  cmp 0x991b
7330  bne 0x7335
7332  lda #0x00
7334  rts 
L7335:
7335  bcs 0x733a
7337  lda #0x01
7339  rts 
L733A:
733A  lda #0xff
733C  rts 

;============================================================
proc_733D:
733D  lda 0x14
L733F:
733F  cmp 0x14
7341  beq 0x733f
7343  rts 

;============================================================
proc_7344:
7344  ldy #0x00
7346  sty 0x8c
7348  tya 
L7349:
7349  sta 0x98dc, y
734C  sta 0x99dc, y
734F  sta 0x9adc, y
7352  sta 0x9bdc, y
7355  sta 0x9cdc, y
7358  iny 
7359  bne 0x7349
735B  dec 0x98f7
L735E:
735E  txa 
735F  cmp 0x7382, y
7362  beq 0x7368
7364  lda #0x10
7366  bne 0x7374
L7368:
7368  iny 
7369  lda 0x8c
736B  clc 
736C  adc #0x05
736E  sta 0x8c
7370  sta 0x9827, x
7373  inx 
L7374:
7374  sta 0x9827, x
7377  inx 
7378  cpx #0x18
737A  bcc 0x735e
737C  lda #0x80
737E  sta 0x983f
7381  rts 
7382  .byte 01 05 09 02 06 0A

;============================================================
proc_7388:
7388  lda #0x00
738A  ldx #0x09
L738C:
738C  sta 0x9a26, x
738F  dex 
7390  bne 0x738c
7392  inx 
7393  stx 0x9a6d
7396  lda #0x0c
7398  sta 0x9a25
739B  rts 

;============================================================
proc_739C:
739C  ldx #0x07
739E  lda #0x00
L73A0:
73A0  sta 0xd000, x
73A3  dex 
73A4  bpl 0x73a0
73A6  sta 0x9a64
73A9  sta 0x9a65
73AC  sta 0x9a68
73AF  sta 0x9a69
73B2  rts 

;============================================================
proc_73B3:
73B3  ldx #0x04
73B5  lda #0x00
L73B7:
73B7  sta 0xd008, x
73BA  dex 
73BB  bpl 0x73b7
73BD  lda #0xa3
73BF  sta 0x81
73C1  ldx #0x05
73C3  bne 0x73cb

;============================================================
proc_73C5:
73C5  lda #0xb8
73C7  sta 0x81
73C9  ldx #0x04
L73CB:
73CB  ldy #0x00
73CD  sty 0x80
73CF  tya 
L73D0:
73D0  sta (0x80), y
73D2  iny 
73D3  bne 0x73d0
73D5  inc 0x81
73D7  dex 
73D8  bne 0x73d0
73DA  rts 
73DB  .byte A9 B0 85 81 A2 0C 20 CB 73 4C 13 54

;============================================================
proc_73E7:
73E7  lda 0x80
73E9  clc 
73EA  adc #0x28
73EC  sta 0x80
73EE  bcc 0x73f2
73F0  inc 0x81
L73F2:
73F2  rts 

;============================================================
proc_73F3:
73F3  lda 0x80
73F5  sec 
73F6  sbc #0x01
73F8  sta 0x80
73FA  bcs 0x73fe
73FC  dec 0x81
L73FE:
73FE  rts 

;============================================================
proc_73FF:
73FF  tax 
7400  beq 0x7410
7402  lda #0x99
7404  cpx #0x63
7406  bcs 0x7410
7408  lda #0x00
740A  sed 
L740B:
740B  adc #0x01
740D  dex 
740E  bne 0x740b
L7410:
7410  cld 
7411  rts 

;============================================================
proc_7412:
7412  sed 
7413  clc 
L7414:
7414  adc 0x981f, x
7417  sta 0x981f, x
741A  lda #0x00
741C  dex 
741D  bpl 0x7414
741F  cld 
7420  rts 

;============================================================
proc_7421:
7421  ldx #0x03
7423  jsr 0x7412

;============================================================
proc_7426:
7426  lda #0xce
7428  sta 0x80
742A  lda #0xba
742C  sta 0x81
742E  ldx #0x03
L7430:
7430  lda 0x981f, x
7433  sta 0x98e9, x
7436  dex 
7437  bpl 0x7430
L7439:
7439  ldy #0x07
743B  ldx #0x03
L743D:
743D  lda 0x98e9, x
7440  pha 
7441  and #0x0f
7443  clc 
7444  adc #0xa7
7446  sta (0x80), y
7448  dey 
7449  pla 
744A  cpx #0x00
744C  beq 0x7460
744E  lsr a
744F  lsr a
7450  lsr a
7451  lsr a
7452  clc 
7453  adc #0xa7
7455  sta (0x80), y
7457  dey 
7458  cpy #0x03
745A  bne 0x745d
745C  dey 
L745D:
745D  dex 
745E  bpl 0x743d
L7460:
7460  rts 

;============================================================
proc_7461:
7461  lda 0x981f
7464  and #0x0f
7466  sta 0x981f
7469  ldx #0x00
L746B:
746B  lda 0x981f, x
746E  cmp 0x981b, x
7471  bcc 0x7485
7473  bne 0x747a
7475  inx 
7476  cpx #0x04
7478  bcc 0x746b
L747A:
747A  ldx #0x03
L747C:
747C  lda 0x981f, x
747F  sta 0x981b, x
7482  dex 
7483  bpl 0x747c
L7485:
7485  rts 

;============================================================
proc_7486:
7486  lda #0x08
7488  sta 0xd01f
748B  lda 0xd01f
748E  and #0x07
7490  rts 

;============================================================
proc_7491:
7491  jsr 0x7486
7494  cmp #0x07
7496  bne 0x7491
7498  rts 

;============================================================
proc_7499:
7499  jsr 0x7486
749C  cmp #0x07
749E  bne 0x74a1
74A0  rts 
L74A1:
74A1  tax 
74A2  pla 
74A3  pla 
74A4  lda #0x00
74A6  sta 0x022f
74A9  jsr 0x733d
74AC  cpx #0x06
74AE  bne 0x74bc
74B0  stx 0x02a6
74B3  jsr 0x7491
74B6  jsr 0x7461
74B9  jmp 0x5476

;============================================================
proc_74BC:
74BC  lda #0x01
74BE  sta 0x02a6
74C1  jsr 0x7491
74C4  jsr 0x7461
74C7  jmp 0x546e

;============================================================
proc_74CA:
74CA  ldx #0x05
L74CC:
74CC  ldy 0x7382, x
74CF  sta 0x9827, y
74D2  dex 
74D3  bpl 0x74cc
74D5  rts 

;============================================================
proc_74D6:
74D6  ldy #0x1f
74D8  .byte BF E2 74 99 42 06 88 10 F7 60 70 70 F0 C4 00 B8
74E8  .byte 94 94 84 84 94 94 84 84 94 94 84 84 84 84 84 84
74F8  .byte 84 84 84 84 84 84 84 41 42 06

;============================================================
proc_7502:
7502  ldy #0x00
7504  sty 0x8c
L7506:
7506  lda 0x8c
7508  beq 0x750f
750A  dec 0x8c
750C  jmp 0x7523
L750F:
750F  lda 0x5c58, x
7512  bne 0x751c
7514  inx 
7515  lda 0x5c58, x
7518  sta 0x8c
751A  bne 0x7522
L751C:
751C  cmp #0xff
751E  beq 0x752a
7520  sta (0x80), y
L7522:
7522  inx 
L7523:
7523  iny 
7524  bne 0x7506
7526  inc 0x81
7528  bne 0x7506
L752A:
752A  rts 

;============================================================
proc_752B:
752B  lda 0x98f8
752E  bne 0x7585
7530  lda 0x98f6
7533  sta 0x991a
7536  lda 0x9987
7539  clc 
753A  adc #0x07
753C  sta 0x9919
753F  jsr 0x7676
7542  bmi 0x7585
7544  ldx 0x98ee
7547  bne 0x755f
7549  cmp #0x3e
754B  bcc 0x755f
754D  cmp #0x49
754F  bcs 0x755f
7551  ldx 0x9a46
7554  beq 0x755b
7556  ldx 0x9a45
7559  beq 0x7585
L755B:
755B  lda #0xff
755D  bne 0x7582
L755F:
755F  ldx 0x990a
7562  bne 0x7585
7564  ldx 0x98ee
7567  bne 0x758b
7569  and #0x7f
756B  cmp #0x04
756D  bcc 0x7585
756F  cmp #0x0d
7571  bcs 0x7585
7573  ldy 0x991a
7576  jsr 0x75a4
7579  ldx 0x66b0, y
L757C:
757C  stx 0x9906
757F  sty 0x98fe
L7582:
7582  ldx #0x01
7584  rts 
L7585:
7585  lda #0x00
7587  sta 0x9906
758A  rts 
L758B:
758B  cmp #0x64
758D  bne 0x7598
758F  ldx 0x02a7
7592  cpx #0x06
7594  bne 0x7585
7596  beq 0x757c
L7598:
7598  ldx #0x08
L759A:
759A  dex 
759B  beq 0x7585
759D  cmp 0x76d2, x
75A0  bne 0x759a
75A2  beq 0x757c

;============================================================
proc_75A4:
75A4  cpy #0x44
75A6  bcs 0x75ab
75A8  ldy #0x01
75AA  rts 
L75AB:
75AB  cpy #0x60
75AD  bcc 0x75b2
75AF  ldy #0x00
75B1  rts 
L75B2:
75B2  ldy #0x02
75B4  rts 

;============================================================
proc_75B5:
75B5  lda #0x00
75B7  sta 0x990d
75BA  lda 0x98f8
75BD  bne 0x7625
75BF  lda 0x990a
75C2  bne 0x7625
75C4  lda 0x98f6
75C7  clc 
75C8  ldx 0x9a52
75CB  bne 0x75d1
75CD  cmp #0xd4
75CF  bcs 0x7628
L75D1:
75D1  adc #0x0c
75D3  sta 0x991a
75D6  and #0x07
75D8  bne 0x7625
75DA  lda 0x9987
75DD  clc 
75DE  adc #0x05
75E0  ldx 0x98ee
75E3  beq 0x75e7
75E5  adc #0x03
L75E7:
75E7  sta 0x9919
75EA  jsr 0x7676
75ED  bmi 0x7625
75EF  ldx 0x98ee
75F2  bne 0x762b
75F4  cmp #0x0d
75F6  bcc 0x7625
75F8  cmp #0x11
75FA  bcs 0x7616
75FC  ldy 0x98f7
75FF  cpy #0xff
7601  bne 0x7625
7603  ldy 0x9801
7606  bpl 0x760c
7608  iny 
7609  sty 0x9801
L760C:
760C  ldy #0x01
760E  sty 0x990b
7611  sty 0x990d
7614  dey 
7615  rts 
L7616:
7616  cmp #0x18
7618  bcc 0x7625
761A  cmp #0x1b
761C  bcs 0x7625
761E  ldy #0x02
7620  sty 0x990d
7623  bne 0x7628
L7625:
7625  ldy #0xff
7627  rts 
L7628:
7628  ldy #0x00
762A  rts 
L762B:
762B  cmp #0x01
762D  bne 0x7646
762F  pla 
7630  pla 
7631  pla 
7632  pla 
7633  lda #0x02
7635  sta 0x98f1
7638  ldx #0x03
L763A:
763A  lda 0x76b2, x
763D  sta 0x9813, x
7640  dex 
7641  bpl 0x763a
7643  jmp 0x9312
L7646:
7646  jsr 0x766a
7649  bne 0x7651
L764B:
764B  sty 0x990d
764E  ldy #0x00
7650  rts 
L7651:
7651  lda 0x02a7
7654  cmp #0x03
7656  bne 0x7667
7658  lda 0x991a
765B  cmp #0xb0
765D  bcc 0x7667
765F  and #0x0f
7661  bne 0x7667
7663  ldy #0x01
7665  bne 0x764b
L7667:
7667  ldy #0xff
7669  rts 

;============================================================
proc_766A:
766A  ldy #0x19
L766C:
766C  cmp 0x76b9, y
766F  beq 0x7675
7671  dey 
7672  bne 0x766c
7674  dey 
L7675:
7675  rts 

;============================================================
proc_7676:
7676  lda 0x991a
7679  sec 
767A  sbc #0x20
767C  lsr a
767D  lsr a
767E  cmp #0x30
7680  bcs 0x76af
7682  and #0x3e
7684  tax 
7685  lsr a
7686  tay 
7687  lda 0x9919
768A  sec 
768B  sbc #0x30
768D  bcc 0x76af
768F  cmp #0xa0
7691  bcs 0x76af
7693  adc #0x10
7695  sec 
7696  sbc 0x9827, y
7699  lsr a
769A  lsr a
769B  clc 
769C  adc 0x0610, x
769F  sta 0x80
76A1  lda 0x0611, x
76A4  adc #0x00
76A6  sta 0x81
76A8  ldy #0x00
76AA  lda (0x80), y
76AC  ldy #0x00
76AE  rts 
L76AF:
76AF  ldy #0xff
76B1  rts 
76B2  .byte 2F 6F 70 73 05 0A 1F 06 9B 9C 9D 92 93 91 8F BD
76C2  .byte 0A 95 96 9E 32 33 39 3A 3B 3C 30 31 A9 AA AB 55
76D2  .byte 56 02 03 27 8D 8E 2E 2F A9 6E 48 A9 EE 48 4C 8E
76E2  .byte 77

;============================================================
proc_76E3:
76E3  pha 
76E4  txa 
76E5  pha 
76E6  ldx 0x02a8
76E9  cpx #0x0d
76EB  bcc 0x7725
76ED  bne 0x7706
76EF  lda #0xd6
76F1  sta 0xd016
76F4  lda #0x24
76F6  sta 0xd017
76F9  lda #0x32
76FB  sta 0xd018
76FE  lda #0x0f
7700  sta 0xd019
7703  sta 0xd40a
L7706:
7706  lda 0x775b, x
7709  cpx #0x0e
770B  sta 0xd01a
770E  bne 0x7761
7710  lda 0x9a65
7713  sta 0xd003
7716  lda 0x9a67
7719  sta 0xd015
771C  lda 0x9a6d
771F  sta 0xd00b
7722  jmp 0x7761
L7725:
7725  lda 0x7781, x
7728  sta 0xd019
772B  lda 0x9827, x
772E  sta 0xd404
7731  sta 0xd40a
7734  lda 0x7774, x
7737  sta 0xd018
773A  lda 0x98dc, x
773D  sta 0xd002
7740  lda 0x9877, x
7743  sta 0xd014
7746  cpx #0x00
7748  bne 0x7761
774A  stx 0xd00b
774D  lda #0xf4
774F  sta 0xd40a
7752  sta 0xd01a
7755  lda 0x9a64
7758  sta 0xd003
775B  lda 0x9a66
775E  sta 0xd015
L7761:
7761  inc 0x02a8
7764  pla 
7765  tax 
7766  pla 
7767  rti 
7768  .byte 62 74 74 74 74 74 72 72 72 C4 C4 C4 44 44 44 94
7778  .byte 94 64 64 54 54 44 44 B4 B4 28 DC DC 7A 7A 2C 2C
7788  .byte 7A 7A 1C 1C 7A 7A 60 7A 7A 1C 62 50 90 70 00 0C
7798  .byte 18 24 30 3C 48 54 5F 1F 3F 08 00 04 04 05 06 07
77A8  .byte 0B 08 0C 00 00 10 30 20 00 00 14 1C 1C 08 1D 1E
77B8  .byte 1C 2A 00 00 00 00 00 00 02 9B 7F 3E 3C 28 10 00
77C8  .byte 00 00 02 03 1F 7E BC 32 60 80 00 00 00 00 40 B2
77D8  .byte 3E 7F BF 04 02 00 00 00 00 00 00 00 40 D9 FE 7C
77E8  .byte 3C 14 08 00 00 00 40 C0 F8 7E 3D 4C 06 01 00 00
77F8  .byte 00 00 02 4D 7C FE FD 20 40 00 00 00 00 00 F7 85
7808  .byte F5 15 15 F7 00 00 F7 95 F5 15 15 17 00 00 F7 15
7818  .byte 15 25 25 27 00 00 00 10 3C 0C 00 00 00 00 00 60
7828  .byte 38 10 00 00 00 04 02 4C 9E 66 70 20 00 00 22 41
7838  .byte 76 EE 44 00 00 00 18 3E 4D 00 00 00 00 00 00 0C
7848  .byte 1E 3B 52 00 00 52 7F 3F 1D 7C D8 00 00 28 3B 1F
7858  .byte 3C 7C F0 B8 00 00 08 30 F0 E0 60 00 00 7C AA 38
7868  .byte 6C 54 7C 00 00 20 18 1C 0E 06 01 00

;============================================================
proc_7874:
7874  dec 0x99e2
7877  bmi 0x787c
7879  jmp 0x7a6a
L787C:
787C  lda #0x04
787E  sta 0x99e2
7881  lda 0x98f5
7884  bpl 0x78ce
7886  ldx #0x02
L7888:
7888  lda 0x99f4, x
788B  beq 0x78c9
788D  ldy 0x77a1, x
7890  lda 0x9947
7893  bne 0x78a1
7895  lda 0x98dc, y
7898  sta 0x991b
789B  lda 0x9987
789E  jsr 0x732d
L78A1:
78A1  sta 0x99e4, x
78A4  clc 
78A5  adc 0x98dc, y
78A8  clc 
78A9  adc 0x99e4, x
78AC  clc 
78AD  adc 0x99e4, x
78B0  clc 
78B1  adc 0x99e4, x
78B4  clc 
78B5  adc 0x99e4, x
78B8  sta 0x98dc, y
78BB  sta 0x98dd, y
78BE  stx 0x99e3
78C1  inc 0x99e3
78C4  lda #0x00
78C6  sta 0x99f4, x
L78C9:
78C9  dex 
78CA  bpl 0x7888
78CC  bmi 0x78db
L78CE:
78CE  lda 0x9906
78D1  bne 0x78de
78D3  ldx #0x02
L78D5:
78D5  sta 0x99f4, x
78D8  dex 
78D9  bpl 0x78d5
L78DB:
78DB  jmp 0x79c7
L78DE:
78DE  ldx 0x98fe
78E1  lda 0x99f8, x
78E4  bne 0x78db
78E6  ldy 0x77a1, x
78E9  lda 0x98dc, y
78EC  pha 
78ED  pha 
78EE  sec 
78EF  sbc #0x04
78F1  ldy #0xff
78F3  cmp 0x9987
78F6  bcs 0x78fa
78F8  ldy #0x01
L78FA:
78FA  tya 
78FB  sta 0x99e4, x
78FE  pla 
78FF  clc 
7900  adc #0x04
7902  sta 0x9919
7905  pla 
7906  sec 
7907  sbc 0x9987
790A  bcs 0x790e
790C  eor #0xff
L790E:
790E  cmp #0x09
7910  bcs 0x78db
7912  lda 0x999e
7915  bne 0x78db
7917  lda 0x779e, x
791A  clc 
791B  adc #0x0e
791D  sta 0x991a
7920  jsr 0x7676
7923  bmi 0x78db
7925  and #0x7f
7927  ldx #0x06
L7929:
7929  cmp 0x77a4, x
792C  beq 0x7934
792E  dex 
792F  bpl 0x7929
7931  jmp 0x79c7
L7934:
7934  cpx #0x05
7936  bcc 0x7945
7938  dex 
7939  dex 
793A  lda 0x9919
793D  sbc #0x04
793F  sta 0x9919
7942  jsr 0x73f3
L7945:
7945  stx 0x91
7947  ldx 0x98fe
794A  lda 0x99e4, x
794D  beq 0x7960
794F  lda #0x00
7951  sta 0x99e4, x
7954  sta 0x99ec, x
7957  sta 0x99e8, x
795A  jsr 0x71c8
795D  ldx 0x98fe
L7960:
7960  inc 0x99f4, x
7963  lda 0x99f4, x
7966  cmp 0x9803
7969  bcc 0x79c7
796B  lda 0xd20a
796E  and #0x0f
7970  adc #0x30
7972  sta 0x99b5
7975  lda #0x16
7977  sta 0x99b4
797A  lda #0x00
797C  sta 0x99f4, x
797F  sta 0x9a64
7982  tay 
7983  ldx 0x91
7985  lda 0x77ab, x
7988  sta 0x99a0
798B  lda 0x9919
798E  sta 0x999f
7991  lda 0x991a
7994  sta 0x999e
7997  lda (0x80), y
7999  and #0x80
799B  beq 0x799f
799D  lda #0x0d
L799F:
799F  sec 
79A0  ldy 0x98fe
79A3  adc 0x77a1, y
79A6  tay 
79A7  lda 0x7774, y
79AA  sta 0x9a66
79AD  ldy #0x00
79AF  lda #0x03
79B1  sta (0x80), y
79B3  cpx #0x03
79B5  bcc 0x79c7
79B7  php 
79B8  iny 
79B9  sta (0x80), y
79BB  plp 
79BC  bne 0x79c7
79BE  lda #0x02
79C0  ldy #0x30
79C2  sta (0x80), y
79C4  iny 
79C5  sta (0x80), y
L79C7:
79C7  dec 0x99e3
79CA  bpl 0x79d1
79CC  ldx #0x02
79CE  stx 0x99e3
L79D1:
79D1  ldx 0x99e3
79D4  lda 0x99f8, x
79D7  beq 0x7a07
79D9  ldy 0x77a1, x
79DC  lsr a
79DD  eor #0x80
79DF  sta 0x9876, y
79E2  sta 0x9877, y
79E5  dec 0x99f8, x
79E8  beq 0x79f3
79EA  lda 0x99f8, x
79ED  cmp #0x04
79EF  bcs 0x7a18
79F1  bcc 0x79ff
L79F3:
79F3  jsr 0x71e5
79F6  ldx 0x99e3
79F9  ldy 0x77a1, x
79FC  lda 0x66b0, x
L79FF:
79FF  sta 0x98dc, y
7A02  sta 0x98dd, y
7A05  bne 0x7a18
L7A07:
7A07  lda 0x99e4, x
7A0A  bne 0x7a26
7A0C  lda 0x99f4, x
7A0F  bne 0x7a18
7A11  lda 0xd20a
7A14  cmp #0x08
7A16  bcc 0x7a1b
L7A18:
7A18  jmp 0x7a6a
L7A1B:
7A1B  jsr 0x9303
7A1E  sta 0x99e4, x
7A21  lda #0x00
7A23  sta 0x99f0, x
L7A26:
7A26  lda 0xd20a
7A29  cmp #0x02
7A2B  bcs 0x7a3a
7A2D  lda #0x00
7A2F  sta 0x99e8, x
7A32  sta 0x99ec, x
7A35  sta 0x99e4, x
7A38  beq 0x7a67
L7A3A:
7A3A  ldy 0x77a1, x
7A3D  lda 0x98dc, y
7A40  clc 
7A41  adc 0x99e4, x
7A44  stx 0x8c
7A46  jsr 0x7100
7A49  php 
7A4A  ldx 0x8c
7A4C  plp 
7A4D  beq 0x7a5c
7A4F  sta 0x8c
7A51  lda 0x99e4, x
7A54  jsr 0x711c
7A57  sta 0x99e4, x
7A5A  lda 0x8c
L7A5C:
7A5C  sta 0x98dc, y
7A5F  sta 0x98dd, y
7A62  jsr 0x9315
7A65  bpl 0x7a6a
L7A67:
7A67  jsr 0x71c8
L7A6A:
7A6A  ldy 0x999e
7A6D  bne 0x7a70
L7A6F:
7A6F  rts 
L7A70:
7A70  dec 0x999d
7A73  bpl 0x7a6f
7A75  cpy #0x90
7A77  bcc 0x7a83
7A79  lda #0x00
7A7B  sta 0x999e
7A7E  sta 0x9a64
7A81  beq 0x7a6f
L7A83:
7A83  lda 0x99a0
7A86  cmp #0x40
7A88  bcc 0x7ad2
7A8A  lda #0x09
7A8C  sta 0x999d
7A8F  dec 0x99a5
7A92  bpl 0x7aa2
7A94  inc 0x999e
7A97  lda 0x99a4
7A9A  sta 0x99a5
7A9D  beq 0x7aa2
7A9F  dec 0x99a4
L7AA2:
7AA2  dec 0x99a3
7AA5  bpl 0x7af9
7AA7  lda 0x99a2
7AAA  lsr a
7AAB  lsr a
7AAC  lsr a
7AAD  lsr a
7AAE  sta 0x99a3
7AB1  inc 0x99a2
7AB4  lda 0x999f
7AB7  clc 
7AB8  adc 0x99a1
7ABB  ldx 0x990c
7ABE  cpx #0x02
7AC0  bcc 0x7af3
7AC2  tax 
7AC3  dex 
7AC4  dex 
7AC5  dex 
7AC6  cpx 0x9987
7AC9  bne 0x7af3
7ACB  ldx #0x00
7ACD  stx 0x99a1
7AD0  beq 0x7af3
L7AD2:
7AD2  eor #0x08
7AD4  sta 0x99a0
7AD7  lda #0x0c
7AD9  ldx 0x9906
7ADC  bne 0x7ae0
7ADE  lda #0x50
L7AE0:
7AE0  sta 0x999d
7AE3  inc 0x999e
7AE6  lda 0xd20a
7AE9  lsr a
7AEA  and #0x02
7AEC  bcc 0x7af0
7AEE  eor #0xff
L7AF0:
7AF0  adc 0x999f
L7AF3:
7AF3  sta 0x999f
7AF6  sta 0x9a64
L7AF9:
7AF9  lda #0x07
7AFB  sta 0x8c
7AFD  ldx 0x99a0
L7B00:
7B00  lda 0x781c, x
7B03  sta 0xa700, y
7B06  inx 
7B07  iny 
7B08  cpy #0x88
7B0A  bcs 0x7b10
7B0C  dec 0x8c
7B0E  bpl 0x7b00
L7B10:
7B10  rts 
7B11  .byte 00 08 38 5C FF FC 20 44 02 10 10 28 48 90 00 00
7B21  .byte 00 00 02 0E 36 3F 0F 1C 34 00 00 00 02 02 04 00
7B31  .byte 00 00 00 08 38 5C FE FC EC 44 04 0E 06 01 00 00
7B41  .byte 00 10 1C 3A FF 3F 04 22 40 08 08 14 12 09 00 00
7B51  .byte 00 00 40 70 6C FC F0 38 2C 00 00 00 40 40 20 00
7B61  .byte 00 00 00 10 1C 3A 7F 3F 37 22 20 70 60 80 00 00
7B71  .byte 00 00 00 00 18 7E FD 7C FE F6 AA 05 00 00 00 00
7B81  .byte 00 00 00 00 00 0D 7E 7E 7C 7C 74 64 22 12 00 00
7B91  .byte 00 00 00 00 00 30 7A 7E 7C 7C 6C 4C 28 10 28 00
7BA1  .byte 00 00 00 00 18 7E BF 3E 7F 6F 55 A0 00 00 00 00
7BB1  .byte 00 00 00 00 00 B0 7E 7E 3E 3E 2E 26 44 48 00 00
7BC1  .byte 00 00 00 00 00 0C 5E 7E 3E 3E 36 32 14 08 14 00
7BD1  .byte 00 03 1F 7F 3F 1B 77 FD EE 6D 7F 37 2F 1C 03 00
7BE1  .byte 00 40 40 26 08 10 02 02 00 40 24 00 00 2A 11 00
7BF1  .byte 00 02 21 13 50 47 8F 0F 1F 1F 0F 0F 03 00 00 00
7C01  .byte 00 C0 F4 FC 6E B6 F7 7F B3 FD F7 F6 6E DC 80 00
7C11  .byte 00 61 00 08 84 44 00 00 04 42 41 04 84 08 10 00
7C21  .byte 00 40 F4 BA DC FE FF FD FE DE E8 F2 C6 0C 00 00
7C31  .byte 00 00 00 80 40 24 08 02 11 12 00 08 10 23 00 00
7C41  .byte 00 03 0F 59 77 EF FD FD FF BF 5B 7F 7F 15 02 00
7C51  .byte 00 A1 12 20 23 08 40 80 80 40 00 10 00 40 84 00
7C61  .byte 00 04 08 00 90 48 08 80 4C 02 08 08 90 20 00 00
7C71  .byte 00 00 C8 F6 7A BA FF FF FA BC BC F8 78 F0 C0 00
7C81  .byte 00 80 08 44 22 00 00 02 01 20 10 00 01 82 20 00
7C91  .byte 00 0C 04 00

;============================================================
proc_7C95:
7C95  dec 0x9a2a
7C98  bmi 0x7c9b
7C9A  rts 
L7C9B:
7C9B  lda 0x9a2d
7C9E  bne 0x7ca3
7CA0  jmp 0x7d50
L7CA3:
7CA3  ldx #0x17
7CA5  stx 0x9a2a
L7CA8:
7CA8  ldx 0x9a2f
7CAB  beq 0x7cb3
7CAD  dec 0x9a2f
7CB0  jsr 0x9303
L7CB3:
7CB3  clc 
7CB4  adc 0x9987
7CB7  bne 0x7cea
7CB9  lda #0xff
7CBB  sta 0x99b9
7CBE  lda 0x98ee
7CC1  beq 0x7ccb
7CC3  jsr 0x9318
7CC6  pla 
7CC7  pla 
7CC8  jmp 0x9312
L7CCB:
7CCB  lda 0x02a5
7CCE  bne 0x7cd5
7CD0  pla 
7CD1  pla 
7CD2  jmp 0x74bc
L7CD5:
7CD5  lda 0x9a2d
7CD8  sta 0x9987
7CDB  jsr 0x7006
7CDE  ldx #0x01
7CE0  stx 0x9a6d
7CE3  dex 
7CE4  stx 0x98f5
7CE7  jmp 0x7388
L7CEA:
7CEA  sta 0x9987
7CED  sta 0x98e8
7CF0  sta 0x9a69
7CF3  sta 0xd000
7CF6  clc 
7CF7  adc #0x08
7CF9  sta 0x9a65
7CFC  sta 0xd001
7CFF  lda 0x9a2e
7D02  cmp #0x30
7D04  bcc 0x7d08
7D06  lda #0x00
L7D08:
7D08  adc #0x02
7D0A  sta 0x9a2e
7D0D  and #0x30
7D0F  tax 
7D10  lda #0x10
7D12  sta 0x8c
7D14  ldy #0xd4
7D16  lda 0x98ee
7D19  beq 0x7d31
7D1B  lda 0x02a7
7D1E  cmp #0x03
7D20  bne 0x7d31
7D22  lda 0x9a69
7D25  sta 0xd002
7D28  lda 0x9a65
7D2B  sta 0xd003
7D2E  ldy 0x98f6
L7D31:
7D31  lda 0x7bd1, x
7D34  sta 0xa400, y
7D37  lda 0x7c01, x
7D3A  sta 0xa500, y
7D3D  lda 0x7c31, x
7D40  sta 0xa600, y
7D43  lda 0x7c61, x
7D46  sta 0xa700, y
7D49  inx 
7D4A  iny 
7D4B  dec 0x8c
7D4D  bne 0x7d31
7D4F  rts 
L7D50:
7D50  lda 0x9a25
7D53  sta 0x9a2a
7D56  lda 0x98f6
7D59  cmp #0xd4
7D5B  beq 0x7d6d
7D5D  ldx 0x9a2b
7D60  bne 0x7d63
L7D62:
7D62  rts 
L7D63:
7D63  lda 0x9a2c
7D66  eor #0x01
7D68  lsr a
7D69  txa 
7D6A  jmp 0x7dbf
L7D6D:
7D6D  lda 0x9a2b
7D70  bne 0x7daf
7D72  ldx 0x990f
7D75  bne 0x7d62
7D77  lda 0x9a27
7D7A  bne 0x7d99
7D7C  lda 0x98ee
7D7F  beq 0x7d87
7D81  lda 0x13
7D83  cmp #0x01
7D85  bcc 0x7d62
L7D87:
7D87  dec 0x9a26
7D8A  bne 0x7d62
7D8C  lda #0x30
7D8E  sta 0x9a26
7D91  lda 0xd20a
7D94  cmp 0x9804
7D97  bcc 0x7d62
L7D99:
7D99  lda #0x00
7D9B  sta 0x9a27
7D9E  lda 0xd20a
7DA1  and #0x07
7DA3  ora #0x01
7DA5  ldx 0x9987
7DA8  bmi 0x7dac
7DAA  sbc #0x08
L7DAC:
7DAC  sta 0x9a2b
L7DAF:
7DAF  cmp 0x9987
7DB2  bne 0x7dbf
7DB4  ldx 0x990f
7DB7  bne 0x7dbf
7DB9  jsr 0x7e53
7DBC  jmp 0x7ca8
L7DBF:
7DBF  ldx #0x00
7DC1  bcs 0x7dd6
7DC3  ldx #0x01
7DC5  inc 0x9a2b
7DC8  bne 0x7ddb
L7DCA:
7DCA  lda 0x9a25
7DCD  cmp #0x08
7DCF  bcc 0x7ddb
7DD1  dec 0x9a25
7DD4  bne 0x7ddb
L7DD6:
7DD6  dec 0x9a2b
7DD9  beq 0x7dca
L7DDB:
7DDB  cpx 0x9a2c
7DDE  beq 0x7de8
7DE0  ldy #0xff
7DE2  sty 0x9a29
7DE5  stx 0x9a2c
L7DE8:
7DE8  tay 
7DE9  clc 
7DEA  adc 0x7c91, x
7DED  sta 0x98e8
7DF0  sta 0x9a69
7DF3  tya 
7DF4  clc 
7DF5  adc 0x7c93, x
7DF8  sta 0x9a65
7DFB  lda 0x99b6
7DFE  bne 0x7e1c
7E00  lda 0xd20a
7E03  cmp #0x10
7E05  bcs 0x7e1c
7E07  asl a
7E08  adc #0x58
7E0A  sta 0x99b7
7E0D  lda #0x01
7E0F  sta 0x99b8
7E12  lda 0xd20a
7E15  and #0x03
7E17  adc #0x09
7E19  sta 0x99b6
L7E1C:
7E1C  dec 0x9a29
7E1F  bpl 0x7e52
7E21  lda #0x06
7E23  sta 0x9a29
7E26  lda 0x9a28
7E29  clc 
7E2A  adc #0x10
7E2C  cmp #0x30
7E2E  bcc 0x7e32
7E30  lda #0x00
L7E32:
7E32  sta 0x9a28
7E35  ldx 0x9a2c
7E38  beq 0x7e3d
7E3A  clc 
7E3B  adc #0x30
L7E3D:
7E3D  tax 
7E3E  ldy #0xd4
L7E40:
7E40  lda 0x7b11, x
7E43  sta 0xa600, y
7E46  lda 0x7b71, x
7E49  sta 0xa700, y
7E4C  iny 
7E4D  inx 
7E4E  cpy #0xe4
7E50  bne 0x7e40
L7E52:
7E52  rts 

;============================================================
proc_7E53:
7E53  ldx #0x00
7E55  stx 0x9a6d
7E58  inx 
7E59  stx 0x99b9
7E5C  dec 0x02a5
7E5F  lda 0x98ee
7E62  bne 0x7e6d
7E64  lda 0x02a5
7E67  clc 
7E68  adc #0xa7
7E6A  sta 0xba80
L7E6D:
7E6D  lda 0x9a25
7E70  cmp #0x0c
7E72  bcs 0x7e77
7E74  inc 0x9a25
L7E77:
7E77  lda 0x9987
7E7A  bpl 0x7e80
7E7C  ldx #0x01
7E7E  bpl 0x7e82
L7E80:
7E80  ldx #0xff
L7E82:
7E82  stx 0x9a2d
7E85  sbc #0x80
7E87  bcs 0x7e8b
7E89  eor #0xff
L7E8B:
7E8B  sta 0x9a2f
7E8E  txa 
7E8F  rts 
7E90  .byte 20 B5 6E 20 3D 73 91 80 A2 03 BD F6 98 91 82 CA
7EA0  .byte 10 F8 88 88 88 B1 80 88 29 01 AA BD 12 56 91 98
7EB0  .byte 60 00 11 0A 15 1F 0E 06 4C 6A 6C 3F 53 67 7F AF
7EC0  .byte C3 3F 4F 63 83 BB 3F 53 83 B7 43 5F BF BF B7 BF
7ED0  .byte BF BF B7 B7 B7 BF BF B7 BF B7 BF B7 BF B7 BF 00
7EE0  .byte 06 0B 0F 0B 0F 0B 0F 06 0B 0F 12 0F 12 0F 12 F5
7EF0  .byte 63

;============================================================
proc_7EF1:
7EF1  dec 0x9a3b
7EF4  bmi 0x7ef7
L7EF6:
7EF6  rts 
L7EF7:
7EF7  lda #0x10
7EF9  ldx 0x9a3d
7EFC  bmi 0x7f00
7EFE  lda #0x38
L7F00:
7F00  sta 0x9a3b
7F03  ldy #0x00
7F05  lda 0x990d
7F08  cmp #0x02
7F0A  bne 0x7f14
7F0C  ldy 0x9911
7F0F  cpy #0x20
7F11  bcs 0x7f14
7F13  iny 
L7F14:
7F14  sty 0x9911
7F17  txa 
7F18  bne 0x7f67
7F1A  cpy #0x20
7F1C  bcs 0x7f25
7F1E  lda 0xd20a
7F21  cmp #0x03
7F23  bcs 0x7ef6
L7F25:
7F25  ldx 0x02a3
L7F28:
7F28  lda 0xd20a
7F2B  and #0x1f
7F2D  cmp 0x7edf, x
7F30  bcc 0x7f28
7F32  cmp 0x7ee7, x
7F35  bcs 0x7f28
7F37  cmp 0x9a3f
7F3A  beq 0x7f25
7F3C  sta 0x9a3f
7F3F  tax 
7F40  lda 0x7ecd, x
7F43  sta 0x9a3e
7F46  clc 
7F47  adc #0x08
7F49  sta 0x9a3c
7F4C  lda 0xd20a
7F4F  and #0x03
7F51  clc 
7F52  adc 0x7ebb, x
7F55  sta 0xd006
7F58  adc #0x02
7F5A  sta 0xd005
7F5D  adc #0x02
7F5F  sta 0xd004
7F62  lda #0xff
7F64  sta 0x9a3d
L7F67:
7F67  clc 
7F68  adc 0x9a3c
7F6B  sta 0x9a3c
7F6E  sec 
7F6F  sbc #0x08
7F71  cmp 0x9a3e
7F74  bne 0x7f7a
7F76  lda #0x00
7F78  beq 0x7f87
L7F7A:
7F7A  clc 
7F7B  adc #0x0c
7F7D  cmp 0x9a3e
7F80  bcs 0x7f8a
7F82  inc 0x9a3c
7F85  lda #0x01
L7F87:
7F87  sta 0x9a3d
L7F8A:
7F8A  ldy 0x9a3c
7F8D  ldx #0x06
L7F8F:
7F8F  cpy 0x9a3e
7F92  bcs 0x7f9a
7F94  lda 0x7eb1, x
7F97  sta 0xa300, y
L7F9A:
7F9A  dey 
7F9B  dex 
7F9C  bpl 0x7f8f
7F9E  rts 
7F9F  .byte 03 00 2C 0A A1 B7 97 9A C6 AA 8D DC 0E C1 D4 AA
7FAF  .byte 99 6F AA 82 9A E5 A9 0F C7 AC A4 33 92 2E 53 CC
7FBF  .byte AE FF 47 DF AE 8C 8B 25 35 3C D1 39 CB A3 E8 8E
7FCF  .byte 19 F0 77 46 9F 01 3C 7B 43 F2 75 61 94 57 63 77
7FDF  .byte DC D3 68 8B 00 37 93 7C CE 02 9B BA BF 56 54 05
7FEF  .byte 8A 75 81 55 AE 0D 52 76 31 8E ED 6F AE D4 02 AA
7FFF  .byte A4 00 00 00 00 00 00 00 00 FF FF FF FF FF FF FF
800F  .byte FF A2 AA AA 8A AA AA A2 08 82 82 96 82 96 82 96
801F  .byte 82 14 14 14 14 14 14 14 14 00 00 00 01 01 0A 2A
802F  .byte 00 AA AA 55 55 55 AA AA 00 00 00 00 40 40 A0 A8
803F  .byte 00 14 14 82 AA 96 96 96 00 40 40 40 40 40 40 C0
804F  .byte 00 00 00 00 AA 55 AA 88 00 55 40 43 4F 4C 4F 43
805F  .byte 43 55 01 C1 F1 CD FD 31 C1 4B 6A 6A 6A 6A 6A 6A
806F  .byte 55 E1 E9 A9 29 A9 29 A9 55 40 54 55 55 56 5A 4A
807F  .byte 0A 0A 0A 0A 0A 0A 0A 0A 0A 55 55 55 55 55 55 55
808F  .byte 55 99 99 99 90 85 55 55 55 98 81 15 55 55 55 55
809F  .byte 55 99 99 99 99 99 99 99 99 00 00 01 05 15 19 59
80AF  .byte 59 00 00 50 54 95 99 99 99 A0 A0 A0 A0 A0 A0 A0
80BF  .byte A0 0A 0A 0A 0A 00 00 00 00 A0 A0 A0 A0 00 00 00
80CF  .byte 00 00 00 00 01 01 05 05 05 01 15 55 55 55 55 55
80DF  .byte 55 55 55 55 55 55 55 55 55 55 55 55 55 56 5A 4A
80EF  .byte 0A 01 15 55 55 55 55 A5 A5 03 03 0F 0C 3C 30 F0
80FF  .byte C0 FF FF 00 00 00 00 00 00 C0 C0 F0 30 3C 0C 0F
810F  .byte 03 03 03 03 03 03 03 03 03 FF FF 03 03 03 03 03
811F  .byte 03 D7 D7 14 14 14 14 14 14 AF AF A0 A0 A0 A0 A0
812F  .byte A0 FA FA 0A 0A 0A 0A 0A 0A 41 55 55 14 41 55 55
813F  .byte 14 00 00 00 00 00 00 AA 08 55 55 55 55 55 55 55
814F  .byte 55 55 69 6A 59 55 55 55 55 55 55 55 55 96 9A 56
815F  .byte 55 55 55 56 58 60 60 60 A0 55 55 05 01 01 01 00
816F  .byte 00 A0 A0 60 68 68 5A 55 55 00 00 00 01 01 05 95
817F  .byte 55 A5 56 55 55 55 55 55 55 55 55 A5 5A 55 55 55
818F  .byte 55 55 55 55 55 A5 55 55 55 55 55 55 55 55 55 95
819F  .byte 56 40 60 54 56 55 55 55 55 00 00 00 00 40 50 58
81AF  .byte 56 7F 6F 54 56 55 55 55 55 FF FF 00 00 40 50 58
81BF  .byte 56 80 60 60 58 58 55 A6 5A 55 55 55 56 6A 6A A0
81CF  .byte 80 55 55 55 A5 A9 AA 2A 02 00 40 40 50 55 55 55
81DF  .byte 55 00 00 00 01 05 55 55 55 7F 57 55 55 56 5A 4A
81EF  .byte 0A 00 00 00 00 00 00 01 04 00 01 C1 D5 D7 FF FC
81FF  .byte F3 50 40 50 40 54 D0 D5 D4 50 55 14 00 00 00 00
820F  .byte 00 01 04 C5 D5 D7 FF FC F3 00 10 40 44 50 D1 D4
821F  .byte D4 55 14 00 00 00 00 00 00 00 0F 3F 3F FF FF 3F
822F  .byte 3F 04 04 10 1C 1F 10 10 14 0F 03 3F FC C3 03 03
823F  .byte 03 FF FC F0 FC FF FF FF FF 04 05 01 00 00 00 00
824F  .byte 00 00 00 44 50 00 00 00 00 FF F3 33 30 3C 0C 0C
825F  .byte 3C CC FC F3 C0 00 00 00 00 06 05 21 80 00 00 00
826F  .byte 00 0F 03 3F FC C3 0B 23 83 05 15 16 09 29 A6 A6
827F  .byte A6 01 65 56 55 65 AA AA AA 40 50 50 A8 6A 9A 9A
828F  .byte 9A A6 A6 A6 26 06 02 00 00 AA AA AA AA AA A8 80
829F  .byte 00 9A 9A 9A 98 80 00 00 00 3C FC FF FF FF 3F 0F
82AF  .byte 03 F0 FC FC FC FC F0 C0 00 00 00 10 54 50 55 15
82BF  .byte 01 00 10 54 54 14 10 00 40 00 00 0A 25 95 95 A5
82CF  .byte A9 0A A6 56 56 56 56 56 55 00 80 60 58 56 56 5A
82DF  .byte 6A AA AA AA 2A 0A 06 10 40 5A AA AA AA AA A8 80
82EF  .byte 00 AA AA AA A8 94 01 14 40 00 00 40 04 00 00 00
82FF  .byte 00 01 10 40 04 00 00 00 00 01 34 40 0C 40 00 00
830F  .byte 00 03 34 C0 0C C0 00 00 00

;============================================================
proc_8318:
8318  clc 
8319  cpy #0x95
831B  .byte 27 20 20 2B A3 2D 2B FA F1 24 7E 26 AC 47 B4 76
832B  .byte AD DF B9 93 16 CA 8E 41 0F 67 3D 1D A8 19 06 C4
833B  .byte E4 46 04 BB 1A 78 2C D3 A3 60 56 00 27 CE B7 E5
834B  .byte D3 7B 84 2E 75 4F 7E 52 83 84 23 7C FE D2 86 62
835B  .byte 6D 2F 17 82 B8 AA 94 7F BA A2 67 A8 C9 99 4B 33
836B  .byte EA 1F C4 CA AF 69 F8 9E 9D 08 E8 6D 67 0D D2 E2
837B  .byte E8 AE 77 89 B1 98 69 77 A2 74 32 59 DF 72 15 E4
838B  .byte C5 3A CD 96 EA C9 FF A4 71 12 4E 98 22 0A 87 68
839B  .byte 0D 6A 0E D0 4C 4C 40 1D 6A D7 0C 4F CB A7 97 9F
83AB  .byte 54 4D 8A DB A8 69 25 5F 8C 17 40 E6 2D 34 44 F6
83BB  .byte CD F8 1D A2 DF E0 3D 20 30 16 08 67 4F 1C 74 B8
83CB  .byte 69 F3 CF 6F B5 AC 76 40 82 0B 8B EE CE 1A F3 D9
83DB  .byte ED B9 6F F0 50 E0 DD 12 97 19 3D 26 64 AA 1A 27
83EB  .byte 16 B5 18 57 8A 2D 50 2D 1E 78 68 9D 74 5E 26 0B
83FB  .byte C2 45 7B A7 DA 2B E1 80 80 C3 55 56 65 22 4A 09
840B  .byte 2B 06 A5 B1 0D AA B6 27 54 00 AA 70 88 13 5F E5
841B  .byte 41 0C 94 71 AA 09 55 10 0D C5 6B C6 75 54 41 50
842B  .byte 01 97 00 48 87 98 2D 84 83 4E 09 55 EC 18 30 E7
843B  .byte 68 00 A8 2C 29 71 7F 01 3F CE F5 2D FD 29 51 00
844B  .byte 43 1B 09 9A 54 2B 67 20 24 7B 35 44 CE 24 84 35
845B  .byte 04 EE 15 04 7F 54 7C 4E 7B 6A 62 05 6C 51 00 74
846B  .byte B8 21 05 4D 37 54 5A 74 54 2D CC 09 63 00 E8 65
847B  .byte 25 C8 D4 D4 24 84 6C 39 A8 AA FA A1 AC A0 A9 A1
848B  .byte 84 64 17 69 60 CC 04 3A 65 71 15 29 61 6A 4C 70
849B  .byte 7B 2A 5E A4 48 2F 0B 2F 67 2A 7E 75 4E 55 17 76
84AB  .byte 2D 50 7F 4C 55 2F 5A 7B AF 42 34 EB 5F 7C 61 E9
84BB  .byte 9B EF 70 04 75 00 C9 18 35 20 2C 24 50 E3 47 0E
84CB  .byte 6F F7 C4 20 35 BF E5 4C 20 E3 E1 89 85 06 77 28
84DB  .byte 20 ED CA 20 43 33 3C 70 F4 04 5D 7F E4 CB B8 E6
84EB  .byte FE A5 D5 4B C8 7E 20 84 54 E7 0C AE 61 AA 5E 52
84FB  .byte CE 2A E3 DC AE
L8500:
8500  jmp (0x867d)
L8503:
8503  lda 0x8bb1, y
8506  eor 0x8fc4, y
8509  sta (0x80), y
850B  iny 
850C  cpy #0x3e
850E  bcc 0x8503
8510  jsr 0x899d

;============================================================
proc_8513:
8513  jsr 0x931b
8516  jsr 0x8eee
8519  nop 
851A  nop 
851B  rts 
851C  .byte 4C 80 80 06 0A 0E 14 1A 20 20 20 6D 09 18 E9 E9

;============================================================
proc_852C:
852C  lda #0x40
852E  sta 0xd40e
8531  lda #0xef
8533  sta 0x0200
8536  lda #0x8b
8538  sta 0x0201
853B  lda #0x45
853D  sta 0x0230
8540  lda #0x8c
8542  sta 0x0231
8545  jsr 0x864a
8548  ldx #0x0f
854A  lda #0xff
L854C:
854C  sta 0x9af2, x
854F  sta 0x9b02, x
8552  dex 
8553  bpl 0x854c
8555  ldx #0x27
L8557:
8557  lda 0xd20a
855A  and #0x03
855C  cmp 0x8c
855E  beq 0x8557
8560  sta 0x8c
8562  clc 
8563  adc #0xeb
8565  sta 0xa400, x
8568  dex 
8569  bpl 0x8557
856B  ldx #0x0b
L856D:
856D  jsr 0x9303
8570  sta 0x9b1e, x
8573  jsr 0x9303
8576  sta 0x9b36, x
8579  txa 
857A  tay 
857B  lda #0x40
857D  cpx #0x06
857F  bcc 0x8587
8581  tya 
8582  sbc #0x06
8584  tay 
8585  lda #0xc0
L8587:
8587  sta 0x9b12, x
858A  lda 0x8d83, y
858D  adc #0x0c
858F  sta 0x9b2a, x
8592  dex 
8593  bpl 0x856d
8595  lda #0x0c
8597  sta 0x8527
859A  ldx #0x16
L859C:
859C  lda 0xd20a
859F  sta 0x9ba8, x
85A2  lda #0x00
85A4  sta 0x9b48, x
85A7  sta 0x9b5f, x
85AA  jsr 0x9303
85AD  sta 0x9b78, x
85B0  jsr 0x9303
85B3  sta 0x9b8f, x
85B6  dex 
85B7  bpl 0x859c
85B9  ldy 0x02a3
85BC  lda 0x851f, y
85BF  sta 0x98ef
L85C2:
85C2  lda 0xd20a
85C5  and #0x3f
85C7  cmp #0x2e
85C9  bcs 0x85c2
85CB  tax 
85CC  lda 0x9b48, x
85CF  bne 0x85c2
85D1  lda 0xd20a
85D4  and #0x3f
85D6  adc #0x30
85D8  ldy 0xd20a
85DB  bpl 0x85df
85DD  adc #0x68
L85DF:
85DF  sta 0x9b48, x
85E2  dec 0x98ef
85E5  bne 0x85c2
85E7  lda #0x18
85E9  sta 0x026f
85EC  sta 0x8529
85EF  lda #0x80
85F1  sta 0x9987
85F4  lda #0x20
85F6  sta 0x98f6
85F9  lda #0x60
85FB  sta 0x996f
85FE  sta 0x9977
8601  lda #0x01
8603  sta 0x98f5
8606  lda #0x08
8608  sta 0x994f
860B  lda #0x00
860D  sta 0x8528
8610  sta 0x98fb
8613  sta 0x9947
8616  sta 0x9957
8619  sta 0x98fc
861C  sta 0x9acb
861F  sta 0x9acc
8622  sta 0x9acd
8625  sta 0x9b44
8628  sta 0x9b43
862B  sta 0x9b45
862E  sta 0x9b47
8631  sta 0x852a
8634  jmp 0x0054
8637  .byte FF

;============================================================
proc_8638:
8638  pla 
8639  pla 
863A  lda 0x80
863C  clc 
863D  adc #0x02
863F  sta 0x867d
8642  lda 0x81
8644  sta 0x867e
8647  jmp 0x8500

;============================================================
proc_864A:
864A  lda #0xa6
864C  sta 0x02c6
864F  lda #0x8a
8651  sta 0x02c4
8654  lda #0xa4
8656  sta 0x02c7
8659  sta 0x852b
865C  lda #0x28
865E  sta 0x02c8
8661  lda #0x1c
8663  sta 0x02c2
8666  lda #0x3a
8668  sta 0x02c3
866B  lda #0x00
866D  sta 0x02c0
8670  sta 0x02c1
8673  rts 
8674  .byte 40 40 40 38 30 30 28 28 67 02 01

;============================================================
proc_867F:
867F  lda #0x55
8681  sta 0xd00c
8684  sta 0xd01e
L8687:
8687  ldy 0x02a3
868A  ldx 0x8674, y
L868D:
868D  dex 
868E  bne 0x868d
8690  jsr 0x9384
8693  jsr 0x9327
8696  jsr 0x86b5
8699  jsr 0x8d89
869C  jsr 0x8ab7
869F  jsr 0x8b7a
86A2  jsr 0x8e75
86A5  jsr 0x8c69
86A8  jmp 0x8687
86AB  .byte C9 18 90 04 C9 28 90 D4 F2 0A

;============================================================
proc_86B5:
86B5  dec 0x9913
86B8  bmi 0x86bb
86BA  rts 
L86BB:
86BB  lda 0x852a
86BE  beq 0x86ff
86C0  ldx #0x1e
86C2  stx 0x9913
86C5  inc 0x852a
86C8  bne 0x86cd
86CA  jmp 0x8d59
L86CD:
86CD  lsr a
86CE  lsr a
86CF  lsr a
86D0  lsr a
86D1  ora #0xa0
86D3  sta 0x8528
86D6  ldy 0x98f6
86D9  tya 
86DA  and #0x02
86DC  beq 0x86e0
86DE  lda #0x6a
L86E0:
86E0  sta 0x02c0
86E3  sta 0x02c1
86E6  cpy #0xf4
86E8  bcs 0x86f4
86EA  lda 0x852a
86ED  and #0x01
86EF  bne 0x86f4
86F1  inc 0x98f6
L86F4:
86F4  jsr 0x889f
86F7  lda #0x60
86F9  sta 0x996f
86FC  jmp 0x884c
L86FF:
86FF  lda #0x0a
8701  sta 0x9913
8704  ldx 0x9acb
8707  cpx #0x04
8709  bcc 0x8712
870B  lda #0x30
870D  sta 0x852a
8710  bne 0x86cd
L8712:
8712  lda 0x88b5, x
8715  sta 0x02c0
8718  sta 0x02c1
871B  lda 0x99c8
871E  bne 0x8747
8720  ldy 0x98f6
8723  cpy #0x21
8725  bcc 0x873d
8727  lda 0x994f
872A  cmp 0x98fb
872D  bcc 0x8732
872F  lda 0x98fb
L8732:
8732  eor #0x1f
8734  lsr a
8735  lsr a
8736  sec 
8737  sbc #0x02
8739  beq 0x873d
873B  bpl 0x873f
L873D:
873D  lda #0x01
L873F:
873F  ora #0xa0
8741  sta 0x8528
8744  jsr 0x889f
L8747:
8747  dec 0x9957
874A  bpl 0x876d
874C  ldy #0x00
874E  lda 0x994f
8751  cmp #0x1f
8753  bcs 0x875b
8755  inc 0x994f
8758  ldy 0x9947
L875B:
875B  lsr a
875C  sta 0x9957
875F  sty 0x9947
8762  tya 
8763  clc 
8764  adc 0x9987
8767  jsr 0x9351
876A  sta 0x9987
L876D:
876D  dec 0x98fc
8770  bpl 0x87b5
8772  ldy #0x00
8774  lda 0x98fb
8777  cmp #0x1f
8779  bcs 0x8781
877B  inc 0x98fb
877E  ldy 0x98f5
L8781:
8781  lsr a
8782  sta 0x98fc
8785  sty 0x98f5
8788  tya 
8789  clc 
878A  adc 0x98f6
878D  ldx #0xd7
878F  cmp #0xd8
8791  bcs 0x87b1
8793  ldx #0x20
8795  cmp #0x20
8797  bcs 0x87b2
8799  lda 0x9977
879C  cmp #0x60
879E  beq 0x87ac
87A0  lda 0x0278
87A3  cmp #0x0f
87A5  bne 0x87b1
87A7  lda #0x60
87A9  sta 0x9977
L87AC:
87AC  lda #0x00
87AE  sta 0x9acb
L87B1:
87B1  txa 
L87B2:
87B2  sta 0x98f6
L87B5:
87B5  jsr 0x88b9
87B8  bpl 0x87c7
87BA  lda 0x9977
87BD  bpl 0x87c4
87BF  lda #0x60
87C1  sta 0x9977
L87C4:
87C4  jmp 0x8801
L87C7:
87C7  stx 0x4d
87C9  lda 0x88c7, x
87CC  sta 0x9977
87CF  ldy 0x994f
87D2  lda 0x88e1, x
87D5  beq 0x87f3
87D7  cmp 0x9947
87DA  beq 0x87eb
87DC  iny 
87DD  iny 
87DE  iny 
87DF  iny 
87E0  cpy #0x1f
87E2  bcc 0x87f0
87E4  ldy #0x1f
87E6  sta 0x9947
87E9  bcs 0x87f0
L87EB:
87EB  cpy #0x00
87ED  beq 0x87f0
87EF  dey 
L87F0:
87F0  sty 0x994f
L87F3:
87F3  lda #0x04
87F5  sta 0x867c
87F8  jsr 0x8875
87FB  inc 0x995f
87FE  inc 0x995f
L8801:
8801  inc 0x995f
8804  lda 0x9977
8807  cmp 0x9aca
880A  beq 0x881b
880C  sta 0x9aca
880F  lda #0x32
8811  sta 0x9913
8814  lda #0xa0
8816  sta 0x9977
8819  bne 0x8836
L881B:
881B  lda 0x995f
881E  lsr a
881F  lsr a
8820  lsr a
8821  lsr a
8822  lsr a
8823  and #0x03
8825  ldx 0x9977
8828  cpx #0x60
882A  bcc 0x882e
882C  and #0x01
L882E:
882E  tax 
882F  lda 0x88b1, x
8832  clc 
8833  adc 0x9977
L8836:
8836  sta 0x996f
8839  dec 0x9ac9
883C  bpl 0x884c
883E  lda #0x06
8840  sta 0x9ac9
8843  ldx #0x01
8845  stx 0x867c
8848  dex 
8849  jsr 0x8875

;============================================================
proc_884C:
884C  ldx 0x996f
884F  ldy 0x98f6
8852  lda #0x10
8854  sta 0x8c
L8856:
8856  lda 0x88e9, x
8859  sta 0xa400, y
885C  lda 0x89a2, x
885F  sta 0xa500, y
8862  inx 
8863  iny 
8864  dec 0x8c
8866  bne 0x8856
8868  lda 0x9987
886B  sta 0xd000
886E  clc 
886F  adc #0x08
8871  sta 0xd001
8874  rts 

;============================================================
proc_8875:
8875  ldy 0x98fb
8878  lda 0x88df, x
887B  beq 0x889e
887D  cmp 0x98f5
8880  beq 0x8896
8882  tya 
8883  clc 
8884  adc 0x867c
8887  tay 
8888  cpy #0x1f
888A  bcc 0x889b
888C  lda 0x88df, x
888F  sta 0x98f5
8892  ldy #0x1f
8894  bcs 0x889b
L8896:
8896  cpy #0x00
8898  beq 0x889b
889A  dey 
L889B:
889B  sty 0x98fb
L889E:
889E  rts 

;============================================================
proc_889F:
889F  tya 
88A0  sec 
88A1  sbc #0x20
88A3  cmp #0x80
88A5  bcc 0x88a9
88A7  lda #0x7f
L88A9:
88A9  lsr a
88AA  lsr a
88AB  ora #0x26
88AD  sta 0x8529
88B0  rts 
88B1  .byte 00 10 20 10 00 80 60 52

;============================================================
proc_88B9:
88B9  lda 0x0278
88BC  ldx #0x07
L88BE:
88BE  cmp 0x88d7, x
88C1  beq 0x88c6
88C3  dex 
88C4  bpl 0x88be
L88C6:
88C6  rts 
88C7  .byte 00 00 00 80 30 30 30 60
L88CF:
88CF  dey 
88D0  sty 0x80
88D2  pla 
88D3  pla 
88D4  jmp 0x8503
88D7  .byte 06 07 05 0D 09 0B 0A 0E FF 00 01 01 01 00 FF FF
88E7  .byte FF 00 00 00 00 08 04 04 28 1B 0F 1F 1F 17 20 00
88F7  .byte 00 00 00 00 00 08 10 10 0A 2F 1F 5F 27 00 00 00
8907  .byte 00 00 00 00 08 08 04 04 17 0F 2F 13 01 00 00 00
8917  .byte 00 00 00 00 00 00 00 00 00 14 1D 2B 1F 0F 0B 10
8927  .byte 00 00 00 00 00 00 00 02 15 1D 2B 1F 0F 03 02 04
8937  .byte 00 00 00 00 00 00 29 3A 56 3F 1F 07 05 02 00 00
8947  .byte 00 00 00 01 01 02 03 09 07 03 1B 27 07 07 04 08
8957  .byte 00 00 00 00 01 01 02 03 01 03 07 0B 03 2F 17 04
8967  .byte 02 00 00 00 04 02 02 03 01 01 03 07 09 03 07 03
8977  .byte 02 00 00 01 02 02 03 05 03 03 01 01 03 07 03 02
8987  .byte 00 00 00 00 00 00 02 03 05 03 01 03 03 05 08 00
8997  .byte 00 00
L8999:
8999  pha 
899A  jmp 0x90d2

;============================================================
proc_899D:
899D  pla 
899E  pla 
899F  jmp 0x8a52
89A2  .byte 00 00 00 00 00 00 00 28 B8 D4 F8 F0 D0 08 00 00
89B2  .byte 00 00 00 00 00 40 A8 B8 D4 F8 F0 C0 40 20 00 00
89C2  .byte 00 00 00 00 94 5C 6A FC F8 E0 A0 40 00 00 00 00
89D2  .byte 00 00 00 10 20 20 14 D8 F0 F8 F8 E8 04 00 00 00
89E2  .byte 00 00 00 10 08 08 50 F4 F8 FA E4 00 00 00 00 00
89F2  .byte 00 00 10 10 20 20 E8 F0 F4 C8 80 00 00 00 00 00
8A02  .byte 00 40 C0 A0 C0 90 E0 C0 80 80 C0 C0 40 20 00 00
8A12  .byte 00 00 40 C0 A0 C0 80 80 C0 C0 A0 80 C0 40 80 00
8A22  .byte 00 40 90 60 A0 E0 E0 C0 C0 E0 90 C0 C0 80 80 00
8A32  .byte 00 40 A0 A0 E0 C0 D0 E0 C0 80 C0 C0 80 80 00 00
8A42  .byte 00 00 00 00 40 C0 A0 E0 F0 D0 C8 A0 10 00 00 00
L8A52:
8A52  lda #0x93
8A54  jmp 0x8999

;============================================================
proc_8A57:
8A57  brk 0x00
8A59  .byte C0 00 00 30 00 10 00 30 00 00 30 04 00 00 30 00
8A69  .byte 00 C1 00 00 00 00 00 04 C0 00 00 00 00 30 00 30
8A79  .byte 00 00 00 00 C0 01 30 00 00 00 00 C4 00 00 00 00
8A89  .byte 00 10 C0 00 00 30 00 40 00 30 00 00 30 00 00 00
8A99  .byte 00 00 00 00 0F FF 00 00 00 00 00 30 FF FF 00 00
8AA9  .byte 00 00 00 3C FF FF 00 00 00 00 30 FC FF FF

;============================================================
proc_8AB7:
8AB7  dec 0x9acc
8ABA  bmi 0x8abd
8ABC  rts 
L8ABD:
8ABD  lda #0x14
8ABF  sta 0x9acc
8AC2  dec 0x9acd
8AC5  bpl 0x8af3
8AC7  lda 0x9391
8ACA  sta 0x8aea
8ACD  lda 0x9392
8AD0  sta 0x8aeb
8AD3  lda #0x08
8AD5  sta 0x9acd
8AD8  inc 0x9ace
8ADB  lda 0x9ace
8ADE  asl a
8ADF  asl a
8AE0  asl a
8AE1  ldy #0x00
L8AE3:
8AE3  and #0x3f
8AE5  tax 
8AE6  lda 0x8a57, x
8AE9  sta 0x8a57, y
8AEC  inx 
8AED  txa 
8AEE  iny 
8AEF  cpy #0x40
8AF1  bcc 0x8ae3
L8AF3:
8AF3  inc 0x9ad1
8AF6  lda 0xd20a
8AF9  bmi 0x8b6a
8AFB  lda 0x9ad1
8AFE  and #0x0f
8B00  tax 
8B01  lda 0x9af2, x
8B04  bpl 0x8b24
8B06  lda 0x9b02, x
8B09  bpl 0x8b54
8B0B  lda 0xd20a
8B0E  and #0x7f
8B10  cmp #0x28
8B12  bcs 0x8b48
8B14  sta 0x9ae2, x
8B17  lda 0xd20a
8B1A  and #0x07
8B1C  sta 0x9ad2, x
8B1F  lda #0x16
8B21  sta 0x9af2, x
L8B24:
8B24  asl a
8B25  tay 
8B26  lda 0x0612, y
8B29  sta 0x80
8B2B  lda 0x0613, y
8B2E  sta 0x81
8B30  ldy 0x9ae2, x
8B33  lda 0x9ad2, x
8B36  and #0x07
8B38  clc 
8B39  adc #0x63
8B3B  sta (0x80), y
8B3D  inc 0x9ad2, x
8B40  dec 0x9af2, x
8B43  lda 0x9b02, x
8B46  bpl 0x8b54
L8B48:
8B48  lda 0xd20a
8B4B  cmp #0x20
8B4D  bcs 0x8b6a
8B4F  lda #0x16
8B51  sta 0x9b02, x
L8B54:
8B54  asl a
8B55  tay 
8B56  lda 0x0612, y
8B59  sta 0x80
8B5B  lda 0x0613, y
8B5E  sta 0x81
8B60  ldy 0x9ae2, x
8B63  lda #0x00
8B65  sta (0x80), y
8B67  dec 0x9b02, x
L8B6A:
8B6A  rts 
8B6B  .byte 20 1B 93 B9 BB 8B C8 C8 C8 91 80 9D 0B D3 60

;============================================================
proc_8B7A:
8B7A  dec 0x9acf
8B7D  bne 0x8bb0
8B7F  lda #0xc8
8B81  sta 0x9acf
8B84  lda 0x9391
8B87  clc 
8B88  adc #0x40
8B8A  sta 0x8ba7
8B8D  lda 0x9392
8B90  adc #0x00
8B92  sta 0x8ba8
8B95  inc 0x9ad0
8B98  lda 0x9ad0
8B9B  asl a
8B9C  asl a
8B9D  asl a
8B9E  ldy #0x00
L8BA0:
8BA0  and #0x1f
8BA2  tax 
8BA3  lda 0x8a97, x
8BA6  sta 0x8a97, y
8BA9  inx 
8BAA  txa 
8BAB  iny 
8BAC  cpy #0x20
8BAE  bcc 0x8ba0
L8BB0:
8BB0  rts 
8BB1  .byte F7 C8 42 52 81 AF B9 73 DB DD 24 85 9B BE 6A EE
8BC1  .byte 21 D9 C9 6F D2 EA 5B 82 74 AE 66 2F 6C 3B 83 75
8BD1  .byte DE 99 6B 7A 0F B8 72 F9 E4 FC F2 07 E2 D9 38 90
8BE1  .byte A8 CA 17 D2 6E C7 14 F7 8D 2D B0 7C 66 0E

;============================================================
proc_8BEF:
8BEF  pha 
8BF0  txa 
8BF1  pha 
8BF2  ldx 0x02a8
8BF5  beq 0x8c17
8BF7  lda 0x9ba7, x
8BFA  sta 0xd019
8BFD  cld 
8BFE  lda 0x9b47, x
8C01  sta 0xd007
8C04  clc 
8C05  adc #0x04
8C07  sta 0xd006
8C0A  lda 0x9b5e, x
8C0D  sta 0xd005
8C10  adc #0x04
8C12  sta 0xd004
8C15  bne 0x8c1d
L8C17:
8C17  lda 0x852b
8C1A  sta 0xd01a
L8C1D:
8C1D  txa 
8C1E  lsr a
8C1F  lsr a
8C20  tax 
8C21  lda 0x9b12, x
8C24  sta 0xd002
8C27  lda 0x9b18, x
8C2A  sta 0xd003
8C2D  lda 0x8528
8C30  beq 0x8c3e
8C32  sta 0xd203
8C35  lda 0xd20a
8C38  and 0x8529
8C3B  sta 0xd202
L8C3E:
8C3E  inc 0x02a8
8C41  pla 
8C42  tax 
8C43  pla 
8C44  rti 
8C45  .byte 70 70 70 C4 00 B8 84 84 84 84 84 84 84 84 84 84
8C55  .byte 84 84 84 84 84 84 84 84 84 84 84 84 84 41 45 8C
8C65  .byte 37 C8 0A AC

;============================================================
proc_8C69:
8C69  lda 0x9826
8C6C  bne 0x8ce8
8C6E  inc 0x9826
8C71  lda 0x852a
8C74  bne 0x8ce8
8C76  lda 0xd00c
8C79  ora 0xd00d
8C7C  and #0x0c
8C7E  beq 0x8cd5
8C80  ldx #0x06
8C82  and #0x08
8C84  beq 0x8c88
8C86  ldx #0x0c
L8C88:
8C88  ldy #0x06
L8C8A:
8C8A  lda 0x98f6
8C8D  clc 
8C8E  adc #0x0c
L8C90:
8C90  dex 
8C91  dey 
8C92  bmi 0x8cd5
8C94  cmp 0x8d83, y
8C97  bcc 0x8c90
8C99  lda 0x9b12, x
8C9C  adc #0x09
8C9E  cmp 0x9987
8CA1  bcc 0x8c8a
8CA3  sbc #0x1c
8CA5  cmp 0x9987
8CA8  bcs 0x8c8a
8CAA  lda #0x00
8CAC  sta 0x9b12, x
8CAF  sta 0x8528
8CB2  lda 0x99c8
8CB5  clc 
8CB6  adc #0x08
8CB8  sta 0x99c8
8CBB  dec 0x8527
8CBE  bne 0x8cd2
8CC0  pla 
8CC1  pla 
8CC2  lda #0x40
8CC4  sta 0xd40e
8CC7  lda #0x00
8CC9  sta 0x8528
8CCC  sta 0xd203
8CCF  jmp 0x9393
L8CD2:
8CD2  jsr 0x8ef3
L8CD5:
8CD5  lda 0xd008
8CD8  ora 0xd009
8CDB  ora 0xd00a
8CDE  ora 0xd00b
8CE1  and #0x03
8CE3  bne 0x8ce9
8CE5  sta 0xd01e
L8CE8:
8CE8  rts 
L8CE9:
8CE9  lda #0x00
8CEB  sta 0x8528
8CEE  lda #0x01
8CF0  sta 0x02a6
8CF3  lda #0x60
8CF5  sta 0x996f
8CF8  jsr 0x884c
8CFB  jsr 0x931b
8CFE  lda #0xff
8D00  sta 0x02a6
8D03  lda #0x00
8D05  sta 0xd203
8D08  sta 0x8c65
8D0B  sta 0x8c66
8D0E  sta 0x8c67
8D11  lda #0x18
8D13  sta 0x8c68
L8D16:
8D16  inc 0x8c66
8D19  lda 0x8c66
8D1C  and #0x3f
8D1E  cmp 0x8c65
8D21  ldx #0x1f
8D23  bcc 0x8d27
8D25  ldx #0x10
L8D27:
8D27  stx 0xd201
8D2A  ldx #0x0c
L8D2C:
8D2C  dex 
8D2D  bne 0x8d2c
8D2F  inc 0x8c67
8D32  bne 0x8d16
8D34  lda 0x8c65
8D37  clc 
8D38  adc #0x0c
8D3A  and #0x1f
8D3C  sta 0x8c65
8D3F  eor #0x90
8D41  sta 0x02c0
8D44  sta 0x02c1
8D47  eor #0x0f
8D49  sta 0x852b
8D4C  sta 0x02c7
8D4F  dec 0x8c68
8D52  bne 0x8d16
8D54  lda #0x00

;============================================================
proc_8D56:
8D56  sta 0x02a6
L8D59:
8D59  pla 
8D5A  pla 
8D5B  dec 0x02a5
8D5E  jsr 0x9318
8D61  jsr 0x931b
8D64  lda #0x40
8D66  sta 0xd40e
8D69  lda #0x00
8D6B  sta 0x8528
8D6E  sta 0xd203
8D71  sta 0xd004
8D74  sta 0xd005
8D77  sta 0xd006
8D7A  sta 0xd007
8D7D  jsr 0x931b
8D80  jmp 0x9312
8D83  .byte 30 50 70 90 B0 D0

;============================================================
proc_8D89:
8D89  dec 0x9b43
8D8C  bmi 0x8d8f
L8D8E:
8D8E  rts 
L8D8F:
8D8F  lda #0x08
8D91  sta 0x9b43
8D94  dec 0x9b44
8D97  ldx 0x9b44
8D9A  bpl 0x8da9
8D9C  lda 0x9b42
8D9F  eor #0x08
8DA1  sta 0x9b42
8DA4  ldx #0x0b
8DA6  stx 0x9b44
L8DA9:
8DA9  lda 0xd20a
8DAC  cmp #0x10
8DAE  bcs 0x8dbc
8DB0  jsr 0x9303
8DB3  sta 0x9b1e, x
8DB6  jsr 0x9303
8DB9  sta 0x9b36, x
L8DBC:
8DBC  lda 0x9b12, x
8DBF  beq 0x8d8e
8DC1  clc 
8DC2  adc 0x9b1e, x
8DC5  ldy #0x01
8DC7  cmp #0x34
8DC9  bcc 0x8dd1
8DCB  ldy #0xff
8DCD  cmp #0xc4
8DCF  bcc 0x8dd7
L8DD1:
8DD1  tya 
8DD2  sta 0x9b1e, x
8DD5  bne 0x8dda
L8DD7:
8DD7  sta 0x9b12, x
L8DDA:
8DDA  txa 
8DDB  cpx #0x06
8DDD  bcc 0x8de1
8DDF  sbc #0x06
L8DE1:
8DE1  tay 
8DE2  lda 0x8d83, y
8DE5  sta 0x8c
8DE7  lda 0x9b36, x
8DEA  clc 
8DEB  adc 0x9b2a, x
8DEE  sta 0x9b2a, x
8DF1  cmp 0x8c
8DF3  ldy #0x01
8DF5  bcc 0x8dff
8DF7  ldy #0xff
8DF9  sbc #0x10
8DFB  cmp 0x8c
8DFD  bcc 0x8e03
L8DFF:
8DFF  tya 
8E00  sta 0x9b36, x
L8E03:
8E03  lda #0x00
8E05  sta 0x80
8E07  lda #0xa6
8E09  cpx #0x06
8E0B  bcc 0x8e0f
8E0D  lda #0xa7
L8E0F:
8E0F  sta 0x81
8E11  txa 
8E12  asl a
8E13  asl a
8E14  eor 0x9b42
8E17  and #0x08
8E19  ldy 0x9b1e, x
8E1C  bpl 0x8e20
8E1E  ora #0x10
L8E20:
8E20  ldy 0x9b2a, x
8E23  tax 
8E24  lda #0x08
8E26  sta 0x8c
L8E28:
8E28  lda 0x8e34, x
8E2B  sta (0x80), y
8E2D  inx 
8E2E  iny 
8E2F  dec 0x8c
8E31  bne 0x8e28
8E33  rts 
8E34  .byte 00 8C 5E 7D 7F 5C 8C 00 00 98 BC FA FE BE 9C 00
8E44  .byte 00 31 7A BE FE 3A 31 00 00 19 3D 5F 7F 7D 39 00
8E54  .byte AD 19 8F F0 17 30 1A 8D 0A D4 9D 0B D3 88 88 88
8E64  .byte B1 80 29 01 AA BD 02 90 99 99 91 60
L8E70:
8E70  sty 0x81
8E72  jmp 0x88cf

;============================================================
proc_8E75:
8E75  dec 0x9b46
8E78  bmi 0x8e7b
8E7A  rts 
L8E7B:
8E7B  lda #0x03
8E7D  sta 0x9b46
8E80  dec 0x9b45
8E83  ldx 0x9b45
8E86  bpl 0x8e98
8E88  lda 0x9b47
8E8B  clc 
8E8C  adc #0x02
8E8E  and #0x06
8E90  sta 0x9b47
8E93  ldx #0x2d
8E95  stx 0x9b45
L8E98:
8E98  cpx #0x17
8E9A  bcs 0x8ec2
8E9C  txa 
8E9D  sec 
8E9E  adc 0x9ba8, x
8EA1  and #0x1f
8EA3  ora #0x80
8EA5  sta 0x9ba8, x
8EA8  txa 
8EA9  asl a
8EAA  asl a
8EAB  asl a
8EAC  adc #0x35
8EAE  tay 
8EAF  stx 0x8c
8EB1  ldx 0x9b47
8EB4  lda 0x8f14, x
8EB7  sta 0xa300, y
8EBA  lda 0x8f15, x
8EBD  sta 0xa301, y
8EC0  ldx 0x8c
L8EC2:
8EC2  lda 0x9b48, x
8EC5  beq 0x8eed
8EC7  clc 
8EC8  adc 0x9b78, x
8ECB  sta 0x9b48, x
8ECE  cmp #0x30
8ED0  bcs 0x8ed7
8ED2  lda #0x01
8ED4  sta 0x9b78, x
L8ED7:
8ED7  cmp #0xc8
8ED9  bcc 0x8ee0
8EDB  lda #0xff
8EDD  sta 0x9b78, x
L8EE0:
8EE0  lda 0xd20a
8EE3  cmp #0x08
8EE5  bcs 0x8eed
8EE7  jsr 0x9303
8EEA  sta 0x9b78, x
L8EED:
8EED  rts 

;============================================================
proc_8EEE:
8EEE  ldy #0x01
8EF0  jmp 0x8e70

;============================================================
proc_8EF3:
8EF3  lda 0xd20a
8EF6  and #0x3f
8EF8  cmp #0x2e
8EFA  bcs 0x8ef3
8EFC  tax 
8EFD  lda 0x9b48, x
8F00  bne 0x8ef3
8F02  lda 0xd20a
8F05  and #0x0f
8F07  adc #0x18
8F09  ldy 0xd20a
8F0C  bmi 0x8f10
8F0E  adc #0xb9
L8F10:
8F10  sta 0x9b48, x
8F13  rts 
8F14  .byte 69 96 43 BC 96 69 C2 3D

;============================================================
proc_8F1C:
8F1C  lda #0x58
8F1E  sta 0x9a53
8F21  lda #0x7a
8F23  sta 0x9a54
8F26  lda #0xdd
8F28  sta 0x80
8F2A  lda #0xa4
8F2C  sta 0x81
8F2E  lda #0x10
8F30  sta 0x98ef
8F33  ldy #0x00
8F35  lda #0x63
8F37  sta (0x80), y
8F39  iny 
8F3A  lda 0x8c
8F3C  cmp #0x68
8F3E  beq 0x8f52
8F40  .byte AF EF 98 29 01 D0 0B AF 0A D2 C9 30 90 04 A9 64
8F50  .byte D0 08 AF 0A D2 29 03 18 69 66 91 80 85 8C C8 C0
8F60  .byte 0F 90 D7 A9 65 91 80 20 3F 93 CE EF 98 D0 C4 A9
8F70  .byte F9 85 80 A9 D1 85 81 A2 01 A9 30 9D E7 90 AD 0A
8F80  .byte D2 29 3F 69 80 9D E5 90 A9 00 9D E9 90 9D E0 90
8F90  .byte 9D E2 90 CA 10 E3 8D E4 90 8D 6E 9A 8D 6C 9A 8D
8FA0  .byte DF 90 20 6B 8B A9 60 8D 6A 9A A9 C0 8D 66 9A EA
8FB0  .byte EA EA A9 03 8D C3 8F 60

;============================================================
proc_8FB8:
8FB8  jsr 0x9101
8FBB  jsr 0x9008
8FBE  jsr 0x9073
8FC1  rts 
8FC2  .byte 02 F5 F7 28 0E 58 80 41 BF 71 B3 9D 5C 28 9A BF
8FD2  .byte E7 E9 23 74 C9 6E 5F EC 59 2B 71 23 76 2D C5 3A
8FE2  .byte 0E 64 DC 3C 7B 73 0E 3D 62 74 EA 2E 5B 5F 4E E4
8FF2  .byte 39 09 A2 CB 9F C2 94 49 3B F6 00 1C B1 24 06 2A
9002  .byte AD 32 00 01 28 29

;============================================================
proc_9008:
9008  dec 0x8fc2
900B  bpl 0x9072
900D  lda #0x1a
900F  sta 0x8fc2
9012  lda 0x98f6
9015  clc 
9016  adc #0x04
9018  sta 0x991a
901B  lda 0x9987
901E  adc #0x04
9020  sta 0x9919
9023  lda #0x01
9025  sta 0x98ef
9028  jsr 0x9333
902B  bmi 0x9072
L902D:
902D  lda (0x80), y
902F  and #0x7f
9031  cmp #0x6a
9033  bcs 0x9042
9035  dec 0x98ef
9038  bmi 0x9072
903A  inc 0x80
903C  bne 0x902d
903E  inc 0x81
9040  bne 0x902d
L9042:
9042  sbc #0x6a
9044  tax 
9045  lda 0x99c8
9048  clc 
9049  adc #0x08
904B  sta 0x99c8
904E  dec 0x8fc3
9051  bne 0x905a
9053  pla 
9054  pla 
9055  pla 
9056  pla 
9057  jmp 0x9393
L905A:
905A  lda 0x80
905C  sec 
905D  sbc 0x9004, x
9060  sta 0x80
9062  bcs 0x9066
9064  dec 0x81
L9066:
9066  lda #0x00
9068  jsr 0x906d
906B  ldy #0x28

;============================================================
proc_906D:
906D  sta (0x80), y
906F  iny 
9070  sta (0x80), y
L9072:
9072  rts 

;============================================================
proc_9073:
9073  lda 0x9826
9076  bne 0x90d1
9078  inc 0x9826
907B  lda 0xd00c
907E  ora 0xd00d
9081  and #0x0c
9083  beq 0x90cb
9085  ldx #0x00
9087  and #0x08
9089  beq 0x908c
908B  inx 
L908C:
908C  lda 0x98f6
908F  cmp #0xc4
9091  bcs 0x90cb
9093  adc #0x0e
9095  cmp 0x90e7, x
9098  bcc 0x90bf
909A  lda #0x1f
909C  sta 0x99d1
L909F:
909F  asl a
90A0  asl a
90A1  cpx #0x00
90A3  bne 0x90aa
90A5  sta 0x9a6a
90A8  bcs 0x90ad
L90AA:
90AA  sta 0x9a66
L90AD:
90AD  lda 0x99d1
90B0  bne 0x909f
90B2  pla 
90B3  pla 
90B4  pla 
90B5  pla 
90B6  dec 0x02a5
90B9  jsr 0x9318
90BC  jmp 0x9312
L90BF:
90BF  lda 0x90e7, x
90C2  cmp #0x30
90C4  beq 0x90cb
90C6  lda #0xff
90C8  sta 0x90e9, x
L90CB:
90CB  jsr 0x939f
90CE  sta 0xd01e
L90D1:
90D1  rts 
L90D2:
90D2  lda #0x2c
90D4  pha 
90D5  jsr 0x8638
90D8  pla 
90D9  pla 
90DA  bmi 0x90cb
90DC  jmp 0x9101
90DF  .byte C7 E0 D7 B8 7D A1 4D 53 91 34 CF 36 17 39 02 06
90EF  .byte 01 03 03 03 02 02 01 01 00 00 0A 07 04 0A 07 04
90FF  .byte 0A 07

;============================================================
proc_9101:
9101  dec 0x90df
9104  bpl 0x9125
9106  ldy 0x8637
9109  lda 0x90a9, y
910C  sta (0x98), y
910E  ldy 0x02a3
9111  lda 0x90f1, y
9114  sta 0x90df
9117  lda 0x90e4
911A  eor #0x01
911C  sta 0x90e4
911F  tax 
9120  dec 0x90e0, x
9123  bmi 0x9126
L9125:
9125  rts 
L9126:
9126  lda 0x90e9, x
9129  bne 0x9170
912B  lda 0x9987
912E  clc 
912F  adc 0x90ed, x
9132  sta 0x991b
9135  lda 0x90e5, x
9138  jsr 0x934e
913B  beq 0x9151
913D  clc 
913E  adc 0x90e5, x
9141  sta 0x90e5, x
9144  lda 0x90ef, x
9147  clc 
9148  adc 0x90f9, y
914B  sta 0x90e0, x
L914E:
914E  jmp 0x91a0
L9151:
9151  txa 
9152  eor #0x01
9154  tay 
9155  lda 0x90e9, y
9158  beq 0x916b
915A  lda 0x9987
915D  clc 
915E  adc #0x08
9160  sbc 0x90e5, y
9163  bcs 0x9167
9165  eor #0xff
L9167:
9167  cmp #0x07
9169  bcc 0x914e
L916B:
916B  lda #0x01
916D  sta 0x90e9, x
L9170:
9170  inc 0x90e2, x
9173  lda 0x90e2, x
9176  lsr a
9177  lsr a
9178  lsr a
9179  lsr a
917A  lsr a
917B  and #0x03
917D  clc 
917E  adc 0x90ef, x
9181  sta 0x90e0, x
9184  lda 0x90e7, x
9187  clc 
9188  adc 0x90e9, x
918B  sta 0x90e7, x
918E  cmp #0x30
9190  bne 0x9197
9192  lda #0x00
9194  sta 0x90e9, x
L9197:
9197  cmp #0xbf
9199  bne 0x91a0
919B  lda #0xff
919D  sta 0x90e9, x
L91A0:
91A0  lda #0x00
91A2  sta 0x80
91A4  cpx #0x01
91A6  beq 0x91b2
91A8  lda 0x90e5
91AB  sta 0x9a68
91AE  lda #0xa6
91B0  bne 0x91ba
L91B2:
91B2  lda 0x90e6
91B5  sta 0x9a64
91B8  lda #0xa7
L91BA:
91BA  sta 0x81
91BC  ldy 0x90e7, x
91BF  inc 0x90eb, x
91C2  lda 0x90eb, x
91C5  and #0x02
91C7  beq 0x91cb
91C9  lda #0x09
L91CB:
91CB  tax 
91CC  tya 
91CD  and #0x01
91CF  asl a
91D0  asl a
91D1  asl a
91D2  sta (0x80), y
91D4  iny 
91D5  lda #0x09
91D7  sta 0x8c
L91D9:
91D9  lda 0x91e5, x
91DC  sta (0x80), y
91DE  inx 
91DF  iny 
91E0  dec 0x8c
91E2  bne 0x91d9
91E4  rts 
91E5  .byte 01 5A BC 3C 5A 81 42 00 00 00 80 5A 3D 3C 5A 42
91F5  .byte 24 00 00 1A 55 8F F0 FE 4C 97 4C 89 A6 A2 F0 32
9205  .byte 21 49 0D 81 AF 86 BE D2 3F CC C2 E7 C6 12 58 2E
9215  .byte 87 CC 47 2C A8 26 57 98 C8 62 A9 D2 5F 6A 41 6C
9225  .byte BF FE E0 88 22 CA 46 E8 AA 2D F2 33 15 C4 71 1C
9235  .byte 4A 62 CD 88 29 0A E9 74 88 38 71 E0 35 79 68 1F
9245  .byte C4 A4 F7 4F 1D 88 80 ED A9 AC 66 4B 9A 1B 88 D2
9255  .byte EC 57 7E A3 FD 0D 2C 59 59 6E F1 79 39 38 D9 03
9265  .byte 14 D7 AB 4F 84 DD A7 C4 FA A6 BF B9 C9 64 F2 72
9275  .byte 0F C3 A3 64 03 C5 81 DC 12 DA 8C CF DC 6C 04 C0
9285  .byte 08 18 62 80 68 8F 89 34 BB 0A 42 B1 1E 5E 0E 73
9295  .byte 55 3E F7 C2 8D 1D 7E BD B2 AC 48 82 8C 14 EB 7A
92A5  .byte 4C B7 AA D4 80 D1 A1 2F 6E 82 86 B5 E0 ED 78 2E
92B5  .byte 58 32 61 1A B8 9F 8E B5 63 56 A6 0B 29 94 EE 6B
92C5  .byte 63 20 50 00 60 91 AB F6 6D AB 8C E7 71 D6 34 EA
92D5  .byte 12 BD F1 F4 66 89 38 D4 4C 26 69 83 70 29 79 2C
92E5  .byte 76 A0 3B C2 4B 14 ED D1 AB 60 74 C0 18 29 BB 3E
92F5  .byte D2 B8 AA E2 14 06 48 11 F3 C7 73

;============================================================
proc_9300:
9300  jmp 0x38ef

;============================================================
proc_9303:
9303  jmp 0x4cbd
L9306:
9306  jmp 0x1b02
9309  .byte 4C 13 85

;============================================================
proc_930C:
930C  jmp 0x3b30

;============================================================
proc_930F:
930F  jmp 0x4d83
L9312:
9312  jmp 0x37ab

;============================================================
proc_9315:
9315  jmp 0x45ed

;============================================================
proc_9318:
9318  jmp 0x3964

;============================================================
proc_931B:
931B  jmp 0x733d
931E  .byte 4C 88 73 4C CA 74

;============================================================
proc_9324:
9324  jmp 0x73b3

;============================================================
proc_9327:
9327  jmp 0x7499
932A  .byte 4C 58 6E 4C A5 28 4C 95 7C

;============================================================
proc_9333:
9333  jmp 0x7676

;============================================================
proc_9336:
9336  jmp 0x739c
9339  .byte 4C E3 54

;============================================================
proc_933C:
933C  jmp 0x7412

;============================================================
proc_933F:
933F  jmp 0x73e7
9342  .byte 4C F3 73 4C D1 71

;============================================================
proc_9348:
9348  jmp 0x70b6
934B  .byte 4C 23 70

;============================================================
proc_934E:
934E  jmp 0x732d

;============================================================
proc_9351:
9351  jmp 0x7100
9354  .byte 4C 1C 71 4C E0 70

;============================================================
proc_935A:
935A  jmp 0x73ff
935D  .byte 4C F4 71
L9360:
9360  jmp 0x5cec
9363  .byte 4C 6E 54 4C 5A 6F 4C 39 70 4C A2 70 4C F3 6E 4C
9373  .byte BC 74 4C C5 73 4C 95 54 4C 83 71 4C 21 6F 4C 53
9383  .byte 7E

;============================================================
proc_9384:
9384  jmp 0x725f
9387  .byte 4C 2C 85 4C 7F 86 4C 57 8A 4C 18 83
L9393:
9393  jmp 0x375b
9396  .byte 4C 00 72 4C 1C 8F 4C B8 8F

;============================================================
proc_939F:
939F  jmp 0x2a44
93A2  .byte 52 99 7A 5C F8 D9 A8 79 C7 70 F4 D8 A4 39 E5 CE
93B2  .byte D6 51 E9 6F 89 84 E6 F9 56 E6 32 33 F0 0E C0 AE
93C2  .byte 37 31 C6 00 AD B1 DD E4 77 6A 8F EF A3 0D 17 58
93D2  .byte C6 E2 90 7F 00 15 89 1C A1 53 F7 82 F9 20 9F 61
93E2  .byte 6D E6 4F 98 B8 0B 35 82 24 7B 5A DF 9A F0 2D 9A
93F2  .byte B9 3B BB 09 6D F7 96 5D FB FD 86 3D 0E A6 FF FF
9402  .byte FF FF FF FF FF 7F 7F 3E 0C 30 78 F8 F8 FC FC FF
9412  .byte FF FF FF FF 00 14 1C 3E BD 5A 3E 3C 78 7C 7C 38
9422  .byte 54 92 20 00 00 06 0C 12 18 1E 24 13 0D 06 00 00
9432  .byte 00 12 1E 2D 1E 00 00 14 1E 3E 1C 00 00 0A 1E 1F
9442  .byte 0E 00 00 12 1E 2D 1E 00 12 1E 2D 3F 12 00 0C 1E
9452  .byte 21 12 0C 00 12 2D 3F 12 0C 0C 5C 9E 7E 0C 1C 5E
9462  .byte BE 0C 1C DE 3E 0C 5C BE 3E 3E 3E 6D 00 00 00 00
9472  .byte 00 00 10 20 20 37 3F 1F 2E 24 24 12 00 00 00 00
9482  .byte 00 00 20 40 41 37 1F 1E 0E 14 14 0A 00 00 00 00
9492  .byte 00 00 40 20 31 17 1F 1F 0E 0C 08 04 00 00 00 00
94A2  .byte 00 00 00 20 51 17 1F 1F 0E 1C 12 10 00 00 00 00
94B2  .byte 00 00 10 28 0B 1F 1F 0F 1E 19 11 20 00 00 00 00
94C2  .byte 00 10 08 10 17 1F 0F 07 0E 0A 0A 05 00 00 00 00
94D2  .byte 00 02 03 05 03 01 0B 17 07 02 06 09 00 00 00 00
94E2  .byte 00 00 00 00 00 07 0F 0F 3F 5F 4D 26 00 00 00 00
94F2  .byte 00 00 01 03 33 4F 07 0E 16 04 08 00 00 00 00 00
9502  .byte 00 00 04 0B 37 07 07 0F 0E 10 00 00 00 00 00 00
9512  .byte 00 00 04 0E 16 0E 0F 07 0F 12 01 01 00 00 00 00
9522  .byte 00 00 08 1C 2D 1F 1F 0F 06 0A 09 10 00 00 00 00
9532  .byte 00 00 08 1C 2D 1F 1F 0F 07 02 02 04 00 00 00 00
9542  .byte 00 00 10 38 5B 3F 3F 1F 0E 0A 12 01 00 00 00 00
9552  .byte 00 00 08 1C 2D 1F 1F 0F 0D 0A 0A 04 00 00 00 00
9562  .byte 00 00 08 1C 2C 1F 1F 0D 0E 05 05 08 00 00 00 00
9572  .byte 00 02 03 05 03 01 03 07 07 02 05 04 00 00 00 00
9582  .byte 00 00 00 14 1C 2A 3F 1F 07 03 02 04 00 00 0A 0F
9592  .byte 15 0E 07 1F 07 04 08 00 00 00 00 00 00 00 00 00
95A2  .byte 00 00 00 28 3D 57 3F 0F 1F 24 04 08 00 00 00 00
95B2  .byte 00 00 00 02 03 05 03 01 03 03 03 05 00 00 00 00
95C2  .byte 00 02 03 05 03 01 03 03 05 04 08 00 00 00 00 00
95D2  .byte 00 01 01 03 03 01 03 17 2F 07 0F 03 00 00 01 01
95E2  .byte 03 03 09 07 03 1B 27 07 07 04 08 00 00 00 02 03
95F2  .byte 07 07 03 0B 07 03 07 07 37 0F 02 01 00 00 00 00
9602  .byte 00 00 20 70 68 70 F0 E0 F0 48 80 80 00 00 00 00
9612  .byte 00 00 10 38 B4 F8 F8 F0 60 50 90 08 00 00 00 00
9622  .byte 00 00 10 38 B4 F8 F8 F0 E0 40 40 20 00 00 00 00
9632  .byte 00 00 08 1C DA FC FC F8 70 50 48 80 00 00 00 00
9642  .byte 00 00 10 38 B4 F8 F8 F0 B0 50 50 20 00 00 00 00
9652  .byte 00 00 10 38 34 F8 F8 B0 70 A0 A0 10 00 00 00 00
9662  .byte 00 40 C0 A0 C0 80 C0 E0 E0 40 A0 20 00 00 00 00
9672  .byte 00 00 00 28 38 54 FC F8 E0 C0 40 20 00 00 50 F0
9682  .byte A8 70 E0 F8 E0 20 10 00 00 00 00 00 00 00 00 00
9692  .byte 00 00 00 14 BC EA FC F0 F8 24 20 10 00 00 00 00
96A2  .byte 00 00 08 04 04 EC FC F8 74 24 24 48 00 00 00 00
96B2  .byte 00 00 04 02 82 EC F8 78 70 28 28 50 00 00 00 00
96C2  .byte 00 00 02 04 8C E8 F8 F8 70 30 10 20 00 00 00 00
96D2  .byte 00 00 00 04 8A E8 F8 F8 70 38 48 08 00 00 00 00
96E2  .byte 00 00 08 14 D0 F8 F8 F0 78 98 88 04 00 00 00 00
96F2  .byte 00 08 10 08 E8 F8 F0 E0 70 50 50 A0 00 00 00 00
9702  .byte 00 40 C0 A0 C0 80 D0 E8 E0 40 60 90 00 00 00 00
9712  .byte 00 00 00 00 00 E0 F0 F0 FC FA B2 64 00 00 00 00
9722  .byte 00 00 80 C0 CC F2 E0 70 68 20 10 00 00 00 00 00
9732  .byte 00 00 20 D0 EC E0 E0 F0 70 08 00 00 00 00 00 00
9742  .byte 00 00 00 40 C0 A0 C8 F0 E0 E0 E0 B0 00 00 20 40
9752  .byte 20 40 C0 A0 E0 F0 D0 C8 A0 20 10 00 00 00 00 00
9762  .byte 00 40 C0 E0 C0 80 80 C0 C0 C0 E0 00 00 00 40 C0
9772  .byte E0 C0 90 E0 C0 80 80 C0 C0 40 20 00 00 00 80 80
9782  .byte C0 90 20 C0 C0 80 80 00 80 80 40 00 00 4D 52 36
9792  .byte 6D DB FD 24 92 8E 5B D6 45 DA AF 69 D2 A5 01 DD
97A2  .byte 65 79 93 46 64 99 73 0C CF 9F 7B 2D B5 B1 B5 DC
97B2  .byte 50 F0 A8 AB 80 01 47 54 46 53 02 40 69 83 49 64
97C2  .byte 1E 3C 3C A3 A9 8D BF 39 9B 66 92 F0 37 6F 9C F7
97D2  .byte 36 AA CC DA 5C E8 B2 CB 41 82 40 46 51 6C 1C A0
97E2  .byte 8A 45 E3 7D 2D 5A F6 22 91 E2 1A F2 E4 98 40 0A
97F2  .byte C3 87 42 46 1E 5C D9 D3 4E CC 06 46 63 C7 1A 1A
9802  .byte 00 1A 1A 1A 1A 1A 1A 1A 1A 1A 1A 1A 1A 1A 1A 1A
9812  .byte 1A 1A 1A 1A 1A 01 80 1A 1A 00 00 00 00 00 00 00
9822  .byte 00 1A 1A 1A 1A 10 05 05 10 10 0A 0A 10 10 0F 0F
9832  .byte 10 10 10 10 10 10 10 10 10 10 10 10 10 80 1A 1A
9842  .byte 1A 1A 1A 1A 1A 1A 1A 1A 1A 1A 1A 1A 1A 1A 1A 1A
9852  .byte 1A 1A 1A 1A 1A 1A 1A 1A 1A 1A 1A 1A 1A 1A 1A 1A
9862  .byte 1A 1A 1A 1A 1A 1A 1A 1A 1A 1A 1A 1A 1A 1A 1A 1A
9872  .byte 1A 1A 1A 1A 1A 1A 1A 1A 1A 1A 1A 1A 1A 1A 1A 1A
9882  .byte 1A 1A 1A 1A 1A 1A 1A 00 00 00 00 00 00 00 00 00
9892  .byte 00 00 00 00 00 00 00 00 00 00 00 00 00 00 00 00
98A2  .byte 00 00 00 00 00 00 00 00 00 00 00 00 00 00 00 00
98B2  .byte 00 00 00 00 00 00 00 00 00 00 00 00 00 00 00 00
98C2  .byte 00 00 00 00 00 00 00 00 00 00 00 00 00 00 00 00
98D2  .byte 00 00 00 00 00 00 00 00 00 00 00 00 00 00 00 00
98E2  .byte 00 00 00 00 00 00 00 00 00 00 00 00 00 FE C7 00
98F2  .byte 00 00 00 00 74 FF 00 00 00 00 00 00 00 00 00 00
9902  .byte 00 00 00 00 00 00 00 00 00 00 00 00 00 00 00 00
9912  .byte 00 50 01 01 00 01 00 00 00 00 00 00 00 00 00 00
9922  .byte 00 00 00 00 00 00 00 00 00 00 00 00 00 00 00 00
9932  .byte 00 00 00 00 00 10 10 00 00 00 00 00 00 00 00 00
9942  .byte 00 00 00 00 00 01 00 00 00 00 00 00 00 03 00 00
9952  .byte 00 00 00 00 00 04 00 00 00 00 00 00 00 02 00 00
9962  .byte 00 00 00 00 00 0E 00 00 00 00 00 00 00 00 00 00
9972  .byte 00 00 00 00 00 00 00 00 00 00 00 00 00 01 00 00
9982  .byte 00 00 00 00 00 3C 00 00 00 00 00 00 00 00 00 01
9992  .byte 3C 10 FF 00 74 00 00 00 00 80 0A 00 00 00 00 00
99A2  .byte 00 00 00 00 00 00 00 00 00 00 00 00 00 00 00 00
99B2  .byte 00 00 00 00 00 00 00 00 00 00 00 00 00 00 00 00
99C2  .byte 00 00 00 00 00 00 00 00 00 00 00 00 00 00 00 00
99D2  .byte 00 00 00 00 00 00 00 00 00 00 00 00 00 00 00 00
99E2  .byte 00 00 00 00 00 00 00 00 00 00 00 00 00 00 00 00
99F2  .byte 00 00 00 00 00 00 00 00 00 00 00 00 00 00 00 00
9A02  .byte 00 00 00 00 00 00 00 00 00 00 00 00 00 00 00 00
9A12  .byte 00 00 00 00 00 00 00 00 00 00 00 00 00 00 00 00
9A22  .byte 00 00 00 00 00 00 00 00 00 00 00 00 00 00 00 00
9A32  .byte 00 00 00 00 00 00 00 00 00 00 00 00 00 00 FF 00
9A42  .byte 00 00 00 00 00 00 00 00 00 00 00 00 24 02 C1 3C
9A52  .byte 00 00 00 00 00 00 00 00 00 00 00 00 00 00 00 00
9A62  .byte 00 00 00 00 00 00 00 00 00 00 00 00 00 00 00 00
9A72  .byte 00 00 00 00 00 00 00 00 00 00 00 00 00 00 00 00
9A82  .byte 00 00 00 00 00 00 00 00 00 00 00 00 00 00 00 00
9A92  .byte 00 00 00 00 00 00 00 00 00 00 00 00 00 00 00 00
9AA2  .byte 00 00 00 00 00 00 00 00 00 00 00 00 00 00 00 00
9AB2  .byte 00 00 00 00 00 00 00 00 00 00 00 00 00 00 00 00
9AC2  .byte 00 00 00 00 00 00 00 00 00 00 00 00 00 00 00 00
9AD2  .byte 00 00 00 00 00 00 00 00 00 00 00 00 00 00 00 00
9AE2  .byte 00 00 00 00 00 00 00 00 00 00 00 00 00 00 00 00
9AF2  .byte 00 00 00 00 00 00 00 00 00 00 00 00 00 00 00 00
9B02  .byte 00 00 00 00 00 00 00 00 00 00 00 00 00 00 00 00
9B12  .byte 00 00 00 00 00 00 00 00 00 00 00 00 00 00 00 00
9B22  .byte 00 00 00 00 00 00 00 00 00 00 00 00 00 00 00 00
9B32  .byte 00 00 00 00 00 00 00 00 00 00 00 00 00 00 00 00
9B42  .byte 00 00 00 00 00 00 00 00 00 00 00 00 00 00 00 00
9B52  .byte 00 00 00 00 00 00 00 00 00 00 00 00 00 00 00 00
9B62  .byte 00 00 00 00 00 00 00 00 00 00 00 00 00 00 00 00
9B72  .byte 00 00 00 00 00 00 00 00 00 00 00 00 00 00 00 00
9B82  .byte 00 00 00 00 00 00 00 00 00 00 00 00 00 00 00 00
9B92  .byte 00 00 00 00 00 00 00 00 00 00 00 00 00 00 00 00
9BA2  .byte 00 00 00 00 00 00 00 00 00 00 00 00 00 00 00 00
9BB2  .byte 00 00 00 00 00 00 00 00 00 00 00 00 00 00 00 00
9BC2  .byte 00 00 00 00 00 00 00 00 00 00 00 00 00 00 00 00
9BD2  .byte 00 00 00 00 00 00 00 00 00 00 00 00 00 00 00 00
9BE2  .byte 00 00 00 00 00 00 00 00 00 00 00 00 00 00 00 00
9BF2  .byte 00 00 00 00 00 00 00 00 00 00 00 00 00 00 00 00
9C02  .byte 00 00 00 00 00 00 00 00 00 00 00 00 00 00 00 00
9C12  .byte 00 00 00 00 00 00 00 00 00 00 00 00 00 00 00 00
9C22  .byte 00 00 00 00 00 00 00 00 00 00 00 00 00 00 00 00
9C32  .byte 00 00 00 00 00 00 00 00 00 00 00 00 00 00 00 00
9C42  .byte 00 00 00 00 00 00 00 00 00 00 00 00 00 00 00 00
9C52  .byte 00 00 00 00 00 00 00 00 00 00 00 00 00 00 00 00
9C62  .byte 00 00 00 00 00 00 00 00 00 00 00 00 00 00 00 00
9C72  .byte 00 00 00 00 00 00 00 00 00 00 00 00 00 00 00 00
9C82  .byte 00 00 00 00 00 00 00 00 00 00 00 00 00 00 00 00
9C92  .byte 00 00 00 00 00 00 00 00 00 00 00 00 00 00 00 00
9CA2  .byte 00 00 00 00 00 00 00 00 00 00 00 00 00 00 00 00
9CB2  .byte 00 00 00 00 00 00 00 00 00 00 00 00 00 00 00 00
9CC2  .byte 00 00 00 00 00 00 00 00 00 00 00 00 00 00 00 00
9CD2  .byte 00 00 00 00 00 00 00 00 00 00 00 00 00 00 00 00
9CE2  .byte 00 00 00 00 00 00 00 00 00 00 00 00 00 00 00 00
9CF2  .byte 00 00 00 00 00 00 00 00 00 00 00 00 00 00 00 00
9D02  .byte 00 00 00 00 00 00 00 00 00 00 00 00 00 00 00 00
9D12  .byte 00 00 00 00 00 00 00 00 00 00 00 00 00 00 00 00
9D22  .byte 00 00 00 00 00 00 00 00 00 00 00 00 00 00 00 00
9D32  .byte 00 00 00 00 00 00 00 00 00 00 00 00 00 00 00 00
9D42  .byte 00 00 00 00 00 00 00 00 00 00 00 00 00 00 00 00
9D52  .byte 00 00 00 00 00 00 00 00 00 00 00 00 00 00 00 00
9D62  .byte 00 00 00 00 00 00 00 00 00 00 00 00 00 00 00 00
9D72  .byte 00 00 00 00 00 00 00 00 00 00 00 00 00 00 00 00
9D82  .byte 00 00 00 00 00 00 00 00 00 00 00 00 00 00 00 00
9D92  .byte 00 00 00 00 00 00 00 00 00 00 00 00 00 00 00 00
9DA2  .byte 00 00 00 00 00 00 00 00 00 00 00 00 00 00 00 00
9DB2  .byte 00 00 00 00 00 00 00 00 00 00 00 00 00 00 00 00
9DC2  .byte 00 00 00 00 00 00 00 00 00 00 00 00 00 00 00 00
9DD2  .byte 00 00 00 00 00 00 00 00 00 00 00 00 00 00 00 00
9DE2  .byte 00 00 00 00 00 00 00 00 00 00 00 00 00 00 00 00
9DF2  .byte 00 00 00 00 00 00 00 00 00 00 00 00 00 00 00 00
9E02  .byte 00 00 00 00 00 00 00 00 00 00 00 00 00 00 00 00
9E12  .byte 00 00 00 00 00 00 00 00 00 00 00 00 00 00 00 00
9E22  .byte 00 00 00 00 00 00 00 00 00 00 00 00 00 00 00 00
9E32  .byte 00 00 00 00 00 00 00 00 00 00 00 00 00 00 00 00
9E42  .byte 00 00 00 00 00 00 00 00 00 00 00 00 00 00 00 00
9E52  .byte 00 00 00 00 00 00 00 00 00 00 00 00 00 00 00 00
9E62  .byte 00 00 00 00 00 00 00 00 00 00 00 00 00 00 00 00
9E72  .byte 00 00 00 00 00 00 00 00 00 00 00 00 00 00 00 00
9E82  .byte 00 00 00 00 00 00 00 00 00 00 00 00 00 00 00 00
9E92  .byte 00 00 00 00 00 00 00 00 00 00 00 00 00 00 00 00
9EA2  .byte 00 00 00 00 00 00 00 00 00 00 00 00 00 00 00 00
9EB2  .byte 00 00 00 00 00 00 00 00 00 00 00 00 00 00 00 00
9EC2  .byte 00 00 00 00 00 00 00 00 00 00 00 00 00 00 00 00
9ED2  .byte 00 00 00 00 00 00 00 00 00 00 00 00 00 00 00 00
9EE2  .byte 00 00 00 00 00 00 00 00 00 00 00 00 00 00 00 00
9EF2  .byte 00 00 00 00 00 00 00 00 00 00 00 00 00 00 00 00
9F02  .byte 00 00 00 00 00 00 00 00 00 00 00 00 00 00 00 00
9F12  .byte 00 00 00 00 00 00 00 00 00 00 00 00 00 00 00 00
9F22  .byte 00 00 00 00 00 00 00 00 00 00 00 00 00 00 00 00
9F32  .byte 00 00 00 00 00 00 00 00 00 00 00 00 00 00 00 00
9F42  .byte 00 00 00 00 00 00 00 00 00 00 00 00 00 00 00 00
9F52  .byte 00 00 00 00 00 00 00 00 00 00 00 00 00 00 00 00
9F62  .byte 00 00 00 00 00 00 00 00 00 00 00 00 00 00 00 00
9F72  .byte 00 00 00 00 00 00 00 00 00 00 00 00 00 00 00 00
9F82  .byte 00 00 00 00 00 00 00 00 00 00 00 00 00 00 00 00
9F92  .byte 00 00 00 00 00 00 00 00 00 00 00 00 00 00 00 00
9FA2  .byte 00 00 00 00 00 00 00 00 00 00 00 00 00 00 00 00
9FB2  .byte 00 00 00 00 00 00 00 00 00 00 00 00 00 00 00 00
9FC2  .byte 00 00 00 00 00 00 00 00 00 00 00 00 00 00 00 00
9FD2  .byte 00 00 00 00 00 00 00 00 00 00 00 00 00 00 00 00
9FE2  .byte 00 00 00 00 00 00 00 00 00 00 00 00 00 00 00 00
9FF2  .byte 00 00 00 00 00 00 00 00 00 00 00 00 00 00
