; da65 V2.18 - Fedora 2.19-12.fc42
; Created:    2026-10-04 00:02:26
; Input file: rt_code.bin
; Page:       1


        .setcpu "6502"

L0000           := $0000
L0010           := $0010
L0050           := $0050
L0054           := $0054
L00A7           := $00A7
L0244           := $0244
L0802           := $0802
L0820           := $0820
L0823           := $0823
L0A2A           := $0A2A
L1010           := $1010
L1022           := $1022
L1630           := $1630
L1751           := $1751
LA01C           := $A01C
LA839           := $A839
LAAB7           := $AAB7
LAF52           := $AF52
LC004           := $C004
LC0C0           := $C0C0
LC8C8           := $C8C8
LCAED           := $CAED
LCD00           := $CD00
LD814           := $D814
LE1E3           := $E1E3
LE45C           := $E45C
LE462           := $E462
LECD0           := $ECD0
LF0E8           := $F0E8
LF8FC           := $F8FC
        .byte   $20
L1B01:  .byte   $52
L1B02:  .byte   $AF
        .byte   $87
        sta     $8D,y
        .byte   $1B
        .byte   $AF
        inc     $98,x
        sta     L1B01
        lda     L9A45
        beq     L1B1A
        ldx     #$02
        stx     L9A52
        bne     L1B1E
L1B1A:  jsr     v50_7200
        tax
L1B1E:  .byte   $8E
L1B1F:  .byte   $A7
        .byte   $02
        nop
        nop
        nop
        jsr     v09_733D
        lda     #$40
        sta     $D40E
        .byte   $AF
        .byte   $A7
        .byte   $02
        cmp     #$05
        beq     L1B3B
        lda     #$00
        sta     $D404
        jsr     v11_74CA
L1B3B:  jsr     v10_7388
        .byte   $AF
        .byte   $03
        tya
        sec
        sbc     #$40
        bcs     L1B48
        lda     #$00
L1B48:  sta     L9803
        lda     #$0F
        sta     L9A67
        sta     L9A6B
        jsr     L3628
        .byte   $AF
        ora     L8D99,y
        pha
        txs
        .byte   $AF
        .byte   $1A
        sta     L498E,y
        txs
        jsr     v09_733D
        jsr     L3566
        ldx     #$00
        lda     #$01
L1B6C:  sta     $B8F0,x
        sta     $B800,x
        dex
        bne     L1B6C
        ldx     $02A7
        lda     L1EBE,x
        sta     $02C8
        sta     $D01A
        lda     #$01
        sta     L98EE
        jsr     L38EF
        ldx     #$16
        lda     #$04
L1B8D:  sta     $0648,x
        dex
        bpl     L1B8D
        lda     #$10
        jsr     v11_74CA
        lda     #$80
        sta     $02F4
        .byte   $AF
        .byte   $A7
        .byte   $02
        cmp     #$05
        bne     L1BC0
        jsr     L1F93
        jsr     v45_852C
        lda     #$C0
        sta     $D40E
        jsr     L3566
        jsr     v12_73B3
        lda     #$00
        sta     $12
        sta     $13
        sta     $14
        jmp     v46_867F

L1BC0:  jsr     L3A82
        .byte   $AF
        .byte   $A7
        .byte   $02
        cmp     #$03
        bne     L1BD3
        jsr     L2660
        jsr     L1F87
        jmp     L1BDD

L1BD3:  cmp     #$06
        bne     L1BDD
        jsr     L1FAB
        jsr     v51_8F1C
L1BDD:  jsr     L3566
        jsr     L3654
        jsr     v12_73B3
        ldy     #$70
        ldx     #$FF
        stx     L98F7
        inx
        stx     L9A73
        stx     L9A72
        stx     L9A46
        stx     L9905
        stx     L9A3A
        stx     L9904
        stx     L9910
        stx     L990B
        stx     L9947
        stx     L9977
L1C0C:  stx     L9A34
        stx     L9A35
        stx     L9A36
        stx     L9A38
L1C18:  stx     L9A39
        stx     L9A32
L1C1E:  stx     L9A33
        inx
        stx     L98F5
        ldx     #$2A
        jsr     L452E
        lda     L9A52
        bne     L1C55
        .byte   $AF
        .byte   $A7
        .byte   $02
        cmp     #$03
        bne     L1C52
        lda     #$F4
L1C38:  sta     $0200
        lda     #$49
        .byte   $8D
L1C3E:  ora     ($02,x)
        lda     #$70
        sta     $0644
        lda     #$44
        sta     $0645
        lda     #$84
        sta     $0657
        jmp     L1D16

L1C52:  jmp     L1D07

L1C55:  ldx     #$FF
        stx     L991C
        inx
        stx     L991D
        stx     L991F
        stx     L9A79
        stx     L9A75
        stx     $D405
        stx     L9A81
        stx     L9A80
        stx     L9A7E
        stx     L9921
        stx     L9A74
        inx
        stx     L9A82
        stx     L9920
        ldx     #$06
L1C82:  lda     #$00
        sta     L9980,x
        sta     L9970,x
        sta     L9929,x
        sta     L9930,x
        tay
        cpx     #$06
        beq     L1C9D
        iny
        lda     $D20A
        and     #$7F
        adc     #$40
L1C9D:  sta     L9988,x
        tya
        sta     L9948,x
        lda     #$80
        sta     L9960,x
        sta     L9922,x
        jsr     L33B5
        lda     #$06
        sta     L9950,x
        stx     L9921
        jsr     L3388
        ldx     L9921
        dex
        bpl     L1C82
        lda     #$0F
        sta     $D404
        sta     L9A7F
        ldx     #$00
        jsr     L33B5
        lda     #$E7
        sta     $0230
        lda     #$41
        sta     $0231
        lda     #$A3
        sta     $0200
        lda     #$49
        sta     $0201
        ldx     #$40
        ldy     #$7B
        lda     #$07
        jsr     LE45C
        lda     #$78
        sta     L9987
        lda     #$C4
        sta     L98F6
        jsr     L33C9
        jmp     L1E0D

        sty     $04
        eor     ($42,x)
        .byte   $06
L1CFF:  sei
        lda     L0010
        and     #$FE
        jmp     L4C69

L1D07:  lda     #$84
        sta     $065C
        lda     #$56
        sta     $0200
        lda     #$49
        sta     $0201
L1D16:  jsr     v09_733D
        ldy     #$04
L1D1B:  .byte   $BF
L1D1C:  .byte   $FA
        .byte   $1C
        sta     $065E,y
        dey
        bpl     L1D1B
        ldy     #$27
        lda     #$00
L1D28:  sta     $BBC0,y
        dey
        bpl     L1D28
        lda     $02A7
        bne     L1D77
        lda     #$A4
        sta     L9A5A
        adc     #$04
        sta     L9A5E
        lda     #$76
        .byte   $8D
L1D40:  eor     $8D9A,y
        eor     $8D9A,x
        pla
        txs
        sta     L9A64
        ldx     #$01
        stx     L9A6E
        stx     L9A63
        stx     L9A62
        dex
        stx     L9A55
        stx     L9A5B
        lda     #$72
        sta     L9A6A
        lda     #$1C
        sta     L9A66
        jsr     L4DB7
        lda     #$A5
        sta     L9A53
        lda     #$7A
        sta     L9A54
        jmp     L1E01

L1D77:  cmp     #$03
        bne     L1DB8
        ldx     #$FA
        stx     $BB91
        inx
        stx     $BB92
        lda     #$B0
        sta     L9ABE
        sta     L9ABF
        lda     #$00
        sta     L9AC5
        sta     L9ABD
        sta     L9AC0
        sta     L9AC1
        sta     L9AA9
        lda     #$0C
        sta     L9AAB
        lda     #$44
        sta     $02C2
        lda     #$0F
        sta     $02C3
        lda     #$52
        sta     L9A54
        lda     #$50
        sta     L9A53
        bne     L1E01
L1DB8:  cmp     #$04
        bne     L1DE5
        lda     #$00
        sta     L1ECC
        sta     L9A6E
        sta     L9A6C
        lda     #$1C
        sta     L9A6A
        lda     #$A6
        sta     L9A66
        lda     #$A2
        sta     L9A68
        sta     L9A64
        lda     #$7A
        sta     L9A54
        lda     #$78
        sta     L9A53
        bne     L1E01
L1DE5:  cmp     #$06
        beq     L1E01
        jsr     L46D3
        lda     #$B0
        .byte   $8D
        .byte   $53
L1DF0:  txs
        lda     #$7A
        sta     L9A54
        lda     #$00
        sta     L9A1C
        sta     L9A6E
        sta     L9A6C
L1E01:  .byte   $AF
        .byte   $53
        txs
        sta     L9987
        .byte   $AF
        .byte   $54
        txs
        sta     L98F6
L1E0D:  lda     #$06
        sta     L98FB
        lda     #$15
        sta     L9909
        sta     $D01E
        lda     #$30
        .byte   $8D
L1E1D:  bmi     $1DB9
L1E1F:  lda     #$C0
        sta     L9A31
        lda     #$C0
        sta     $D40E
        lda     #$00
        sta     $12
L1E2D:  sta     $13
        sta     $14
L1E31:  lda     L9800
        asl     a
        asl     a
        ldx     $02A7
        sbc     L1EB7,x
        bcs     L1E40
        lda     #$00
L1E40:  tax
L1E41:  dex
        bpl     L1E41
        jsr     v44_725F
        jsr     v13_7499
        jsr     v14_6E58
        lda     L9A52
        beq     L1E61
        jsr     L3F9D
        jsr     L31DA
        jsr     L340F
        .byte   $20
L1E5C:  .byte   $EB
        rol     $314C,x
        .byte   $1E
L1E61:  jsr     L28BC
        jsr     L2870
        lda     $02A7
        cmp     #$03
        beq     L1E99
        jsr     v16_7C95
        lda     $02A7
        beq     L1E90
        cmp     #$04
        beq     L1EAE
        cmp     #$01
        beq     L1E84
        jsr     v52_8FB8
        jmp     L1E31

L1E84:  jsr     L473B
        jsr     L4285
        jsr     L48C2
        jmp     L1E31

L1E90:  jsr     L4A6D
        jsr     L4CC7
        jmp     L1E31

L1E99:  jsr     L2713
        jsr     L21A8
        jsr     L246E
        jsr     L27A9
        jsr     L26BE
        jsr     L285F
        jmp     L1E31

L1EAE:  jsr     L1ECE
        jsr     L1F10
        jmp     L1E31

L1EB7:  php
        jsr     L0820
        brk
        clc
        php
L1EBE:  plp
        stx     $C6
        tax
        rol     a
        plp
        sei
L1EC5:  rol     $C361,x
        brk
        .byte   $62
        .byte   $62
        .byte   $85
L1ECC:  .byte   $66
L1ECD:  txs
L1ECE:  dec     L1ECC
        bne     L1EFA
        lda     $D20A
        ora     #$80
        sta     L1ECC
        lda     L1ECD
        adc     #$08
        and     #$18
        sta     L1ECD
        tax
        ldy     #$00
L1EE8:  lda     L1F52,x
        sta     $A6AC,y
        lda     L1F72,y
        sta     $A7AC,y
        inx
        iny
        cpy     #$08
        bcc     L1EE8
L1EFA:  rts

L1EFB:  lda     L49F3
        sta     L1E31
        rts

L1F02:  ldy     #$FF
        iny
        bmi     L1EFB
        lda     $A000,y
        eor     $A080,y
        nop
        nop
        rts

L1F10:  lda     L9826
        bne     L1F50
        inc     L9826
        jsr     L2A44
        lda     $D00C
L1F1E:  .byte   $0D
L1F1F:  ora     $29D0
        .byte   $0C
        beq     L1F4D
        lda     L98F6
        cmp     #$C0
        .byte   $B0
L1F2B:  and     ($8D,x)
        asl     $68D0,x
        pla
        jsr     v09_733D
        lda     #$41
        sta     $065F
        lda     #$42
        sta     $0660
        lda     #$06
        sta     $0661
        lda     #$00
        sta     L98EE
        ldx     #$05
        jmp     L1B1E

L1F4D:  sta     $D01E
L1F50:  rts

L1F51:  .byte   $32
L1F52:  brk
        brk
        brk
        bpl     L1F57
L1F57:  bit     L0000
        brk
        brk
        brk
        brk
        bpl     L1F9F
        php
        brk
        brk
        brk
        brk
        brk
        php
        rti

        bpl     L1F69
L1F69:  brk
        brk
        brk
        brk
L1F6D:  rti

        .byte   $04
        jsr     L0000
L1F72:  ror     L7E3C,x
        .byte   $FF
        .byte   $FF
        .byte   $FF
        ror     L9D3C,x
L1F7B:  ldx     #$D0
L1F7D:  lda     L20D6,x
        sta     L8317,x
        dex
        bne     L1F7D
        rts

L1F87:  ldx     #$C8
L1F89:  lda     L1FB6,x
        sta     L8317,x
        dex
        bne     L1F89
        rts

L1F93:  lda     L938E
        sta     L1FA2
        lda     L938F
        sta     L1FA3
L1F9F:  ldx     #$60
L1FA1:  .byte   $BD
L1FA2:  .byte   $A1
L1FA3:  .byte   $1F
        sta     L8318,x
        dex
        bpl     L1FA1
        rts

L1FAB:  ldx     #$58
L1FAD:  lda     L207F,x
        sta     L8318,x
        dex
        bpl     L1FAD
L1FB6:  rts

        brk
        jsr     L9A28
        ror     a
        .byte   $6B
        ror     a
        txs
        brk
        brk
        txa
        tay
        ldy     #$B8
        tay
        ldy     #$00
        brk
        brk
        brk
        brk
        asl     a
        rol     a
        .byte   $22
        brk
        brk
        brk
        plp
        tax
        tax
        tax
        tax
        brk
        plp
        tax
        tax
        tax
        tax
        tax
        tax
        asl     a
        rol     a
        ldy     #$00
        brk
        brk
        brk
        brk
        tax
        asl     a
        brk
        brk
        brk
        brk
        brk
        brk
        tax
        tay
        ldy     #$00
        brk
        brk
        brk
        brk
        ldx     #$A8
        txa
        brk
        brk
        brk
        brk
        brk
        dey
        asl     a
        .byte   $82
        .byte   $80
        brk
        brk
        brk
        brk
        brk
        brk
        plp
        tax
        tax
        tax
        tax
        tax
        brk
L2010:  brk
        brk
        php
        jsr     L0A2A
        .byte   $02
        plp
        txa
        ldx     #$20
        .byte   $80
        brk
        brk
        brk
L201F:  brk
L2020:  brk
        brk
        brk
        brk
        .byte   $82
        tay
        ldy     #$00
        ldx     #$2A
        asl     a
        rol     L2A2A
        txa
        .byte   $02
        dey
        ldx     $A9
        sbc     #$A9
        ldx     $8A
        brk
        brk
        brk
        brk
        brk
        dey
        ldx     #$A0
        .byte   $05
L2040:  bpl     $2082
        .byte   $50
L2043:  eor     $15,x
        ora     L0000
        bvc     L204D
        ora     ($05,x)
        eor     L0054,x
L204D:  bvc     L204F
L204F:  ora     L0010
        rti

        .byte   $53
        eor     $15,x
        ora     L0000
        bvc     L205D
        ora     ($C5,x)
        eor     L0054,x
L205D:  bvc     L205F
L205F:  ora     L0010
        .byte   $43
        .byte   $5F
        eor     $15,x
        ora     L0000
        bvc     L206D
        cmp     ($F5,x)
L206B:  eor     L0054,x
L206D:  bvc     L206F
L206F:  ora     $1F
        .byte   $7F
        .byte   $5F
        eor     $15,x
        ora     L0000
        bvc     L206D
        sbc     L55F5,x
        .byte   $54
        bvc     L207F
L207F:  .byte   $FF
        .byte   $FC
        beq     L2043
L2083:  cpy     #$C0
        .byte   $FC
        .byte   $FF
        .byte   $FF
        brk
        brk
        brk
        brk
        brk
        brk
        .byte   $FF
        .byte   $FF
        .byte   $3F
        .byte   $0F
        .byte   $03
        .byte   $03
        .byte   $03
        .byte   $3F
        .byte   $FF
        .byte   $FF
        .byte   $15
L2099:  ora     ($15),y
        ora     $15,x
        ora     $FF,x
        .byte   $FF
        ora     $AF
        sbc     $A5,x
        lda     $A5
        .byte   $FF
        .byte   $FF
        asl     a
        asl     a
        plp
        plp
        ldy     #$A0
        .byte   $FF
        .byte   $FF
        .byte   $AB
        .byte   $8B
        .byte   $AB
        .byte   $AB
        .byte   $AB
        .byte   $AB
        .byte   $FF
        ora     ($11,x)
        eor     $14,x
        eor     L0054
        eor     $14
        rti

        .byte   $44
        ora     L0054,x
        ora     ($05),y
        eor     (L0054),y
        .byte   $03
        asl     a
        asl     a
        .byte   $02
        .byte   $02
        .byte   $02
        .byte   $02
        asl     a
        cpy     #$A0
        ldy     #$80
        .byte   $80
        .byte   $80
        .byte   $80
L20D6:  ldy     #$0F
        .byte   $3F
        .byte   $3F
        .byte   $3C
        .byte   $3C
        .byte   $3C
        .byte   $3F
        .byte   $0F
        .byte   $03
        .byte   $0F
        .byte   $0F
        .byte   $03
        .byte   $03
        .byte   $03
        .byte   $0F
        .byte   $0F
        .byte   $3F
        .byte   $3F
        brk
        .byte   $0F
        .byte   $3F
        .byte   $3C
        .byte   $3F
        .byte   $3F
        .byte   $3F
        .byte   $3F
        brk
        .byte   $0F
        .byte   $0F
        brk
        .byte   $3F
        .byte   $3F
        .byte   $3C
        .byte   $3C
        .byte   $3C
        .byte   $3F
        .byte   $3F
        brk
        brk
        brk
        .byte   $3F
        .byte   $3F
        .byte   $3C
        .byte   $3F
        .byte   $3F
        brk
        .byte   $3F
        .byte   $3F
        .byte   $0F
        .byte   $3F
        .byte   $3C
        .byte   $3F
        .byte   $3F
        .byte   $3C
        .byte   $3F
        .byte   $0F
        .byte   $3F
        .byte   $3F
        brk
        brk
        brk
        .byte   $03
        .byte   $03
        .byte   $03
L2117:  .byte   $0F
        .byte   $3F
        .byte   $3C
        .byte   $0F
        .byte   $3F
        .byte   $3C
        .byte   $3F
        .byte   $0F
        .byte   $0F
L2120:  .byte   $3F
        .byte   $3C
        .byte   $3F
        .byte   $0F
        brk
        .byte   $0F
        .byte   $0F
        brk
        brk
        brk
        .byte   $0C
        .byte   $0F
L212C:  .byte   $0F
        .byte   $0F
L212E:  .byte   $3C
        brk
        brk
        brk
        brk
        .byte   $3C
        .byte   $FF
        .byte   $FF
        .byte   $3C
        brk
        brk
        brk
        bmi     L212C
        beq     L212E
        bmi     L217C
        .byte   $3F
        .byte   $3F
        .byte   $0F
L2143:  .byte   $0F
L2144:  .byte   $03
        brk
        brk
        .byte   $7C
        .byte   $FF
        .byte   $F3
        .byte   $3F
        cpy     #$FF
        .byte   $3C
        brk
        .byte   $7C
        .byte   $FC
        .byte   $FC
        bmi     L2144
        .byte   $C0
L2155:  brk
        brk
        .byte   $F0
L2158:  .byte   $FC
        .byte   $3C
        .byte   $3C
        .byte   $3C
        .byte   $FC
        .byte   $FC
        beq     L2120
        cpy     #$C0
        cpy     #$C0
        cpy     #$F0
        beq     L2158
L2168:  .byte   $FC
        .byte   $3C
L216A:  .byte   $FC
        beq     L216D
L216D:  .byte   $FC
L216E:  .byte   $FC
        beq     L216D
        .byte   $3C
        .byte   $FC
        beq     L21B1
        .byte   $FC
        beq     L2168
L2178:  beq     L216A
        .byte   $FC
        .byte   $FC
L217C:  beq     L216E
        beq     L217C
L2180:  .byte   $FC
        brk
        beq     L2180
        .byte   $3C
        .byte   $FC
        beq     L2178
L2188:  beq     L218A
L218A:  beq     L2188
L218C:  .byte   $3C
        .byte   $FC
        beq     L218C
L2190:  .byte   $FC
        .byte   $3C
        .byte   $3C
        beq     L2155
L2195:  cpy     #$C0
        .byte   $F0
L2198:  .byte   $FC
        .byte   $3C
        beq     L2198
        .byte   $3C
        .byte   $FC
        beq     L2190
        .byte   $FC
        .byte   $3C
        .byte   $FC
        .byte   $FC
        .byte   $3C
        .byte   $FC
        .byte   $F0
L21A7:  .byte   $39
L21A8:  lda     L9A3A
        bne     L21E0
        lda     $0284
        .byte   $F0
L21B1:  rol     $AD
        cmp     $9A
        beq     L21E0
L21B7:  dec     L98F6
        lda     L9AC4
        eor     #$20
        beq     L21C3
        lda     #$0A
L21C3:  sta     L9977
        lda     #$06
        sta     L996F
        jsr     v42_6F21
        jsr     v34_6F5A
        lda     #$0F
        sta     L9913
        bne     L21E0
        lda     L9AC5
        beq     L21E3
        jmp     L22B5

L21E0:  .byte   $4C
L21E1:  .byte   $5A
        .byte   $22
L21E3:  lda     L98F5
        bne     L21E0
        inc     L21A7
        lda     L21A7
        and     #$07
        bne     L21E0
        lda     L98F6
        adc     #$0C
        sta     L991A
        lda     #$32
        sta     L9919
        jsr     v17_7676
        bmi     L225A
        lda     L9987
        sec
        sbc     #$28
        bcc     L225A
        cmp     #$A0
        bcs     L225A
        lsr     a
        lsr     a
        sta     L9919
        ldx     #$00
        stx     $8C
        stx     L98EF
        inx
        stx     $8D
L221F:  .byte   $AD
        .byte   $19
L2221:  sta     $6518,y
        sty     $28C9
        bcc     L2233
        lda     L98EF
        ora     #$01
        sta     L98EF
        bne     L223A
L2233:  inc     $8C
        jsr     L23D0
        beq     L2266
L223A:  lda     L9919
        sec
        sbc     $8D
        bcs     L224C
        lda     L98EF
        ora     #$02
        sta     L98EF
        bne     L2253
L224C:  inc     $8D
        jsr     L23D0
        beq     L2266
L2253:  lda     L98EF
        cmp     #$03
        bne     L221F
L225A:  lda     #$00
        sta     L9AC5
        sta     L9AC8
        sta     L9AA9
        rts

L2266:  tya
        asl     a
        asl     a
        adc     #$30
        sta     L9919
        tya
        clc
        adc     $80
        tax
        sta     $94
        lda     $81
        adc     #$00
        sta     $95
        txa
        ldy     #$0B
L227E:  cmp     L23E2,y
        beq     L2286
        dey
        bne     L227E
L2286:  sty     L9AC3
        ldx     #$20
        lda     L9919
        clc
        adc     #$01
        cpy     #$06
        bcc     L2299
        sbc     #$0A
        .byte   $A2
L2298:  brk
L2299:  sta     L9AC8
        stx     L9AC4
        ldx     #$01
        stx     L9AC5
        stx     L9AC6
        ldy     L98F6
        inc     L98F6
        lda     #$00
        sta     $A400,y
        sta     $A500,y
L22B5:  lda     L9AC8
        sta     L991B
        lda     L9987
        jsr     v26_732D
        beq     L22F5
        sta     L9947
        bpl     L22CC
        lda     #$0A
        bne     L22CE
L22CC:  lda     #$00
L22CE:  sta     L9977
        dec     L9AC6
        bpl     L22F4
        lda     #$04
        sta     L9AC6
        jsr     v42_6F21
        jsr     v41_7183
        lda     L9AC8
        cmp     L9987
        bne     L22F4
        lda     #$06
        sta     L996F
        sta     L998F
        jmp     v34_6F5A

L22F4:  rts

L22F5:  lda     L9987
        sta     $D000
        clc
        adc     #$08
        sta     $D001
        dec     L9AC6
        beq     L2307
        rts

L2307:  lda     #$AA
        sta     L9AC6
        lda     L9AC7
        eor     #$10
        sta     L9AC7
        and     #$10
        bne     L232E
        lda     L99CE
        bne     L232C
        .byte   $AD
        asl     a
L231F:  .byte   $D2
        and     #$07
        adc     #$06
        .byte   $8D
L2325:  .byte   $CF
        sta     $07A9,y
        sta     L99CE
L232C:  lda     #$00
L232E:  ora     L9AC4
        tax
        ldy     L98F6
        lda     #$10
        sta     $8C
L2339:  lda     L23EE,x
        sta     $A400,y
        lda     L242E,x
        sta     $A500,y
        inx
        iny
        dec     $8C
        bne     L2339
        inc     L9AA9
        lda     L9AA9
        cmp     #$04
        bcc     L237C
        ldy     #$00
        sty     L9AA9
        lda     ($94),y
        cmp     #$F4
        bne     L2373
        tya
        sta     ($94),y
        iny
        sta     ($94),y
        dec     L9AAB
        beq     L237D
        lda     #$08
        sta     L99C8
        jmp     L21B7

L2373:  sbc     #$02
        sta     ($94),y
        adc     #$00
        iny
        sta     ($94),y
L237C:  rts

L237D:  pla
        pla
        jmp     L375B

L2382:  ldy     #$01
        jsr     L23A1
        ldy     L9ABE
        ldx     #$10
L238C:  sta     $A600,y
        sta     $A700,y
        iny
        dex
        bne     L238C
        lda     #$FC
        sta     $02C2
        sta     $02C3
        jmp     v43_7E53

L23A1:  sty     $90
        txa
        tay
        ldx     #$27
        cpy     #$06
        bcc     L23AC
        inx
L23AC:  stx     $8D
        ldx     #$03
        jsr     L2835
        ldy     $90
        bne     L23BE
        lda     $81
        sec
        sbc     #$14
        sta     $81
L23BE:  ldy     #$2C
        lda     #$00
L23C2:  sta     ($80),y
        dey
        bmi     L23CF
        cpy     $8D
        bne     L23C2
        .byte   $A0
L23CC:  .byte   $04
        bne     L23C2
L23CF:  rts

L23D0:  tay
        lda     ($80),y
        cmp     #$F4
        beq     L23E1
        cmp     #$F6
        beq     L23E1
        cmp     #$F8
        beq     L23E1
        cmp     #$FA
L23E1:  rts

L23E2:  .byte   $E2
        and     $3C
        .byte   $44
        .byte   $83
        txa
L23E8:  .byte   $D2
        sbc     $28
        bmi     L2460
        .byte   $91
L23EE:  brk
        brk
        brk
        brk
        brk
        jsr     L1010
        .byte   $36
L23F7:  .byte   $3F
        .byte   $1F
        .byte   $2F
        and     $24
        .byte   $12
        brk
        brk
        brk
        brk
        brk
        brk
        bpl     L2425
        jsr     L3F37
        .byte   $1F
        rol     L2424
        .byte   $12
        brk
        brk
        brk
        brk
        brk
        brk
        brk
        brk
        brk
        php
        ora     L1F1F
        .byte   $17
        ora     a:$02
        brk
        brk
        brk
        brk
        brk
        brk
L2424:  brk
L2425:  php
        ora     L1F1F
        .byte   $17
        ora     $0201
        brk
L242E:  brk
        brk
        brk
        brk
        brk
        brk
L2434:  brk
        brk
        bpl     L23E8
        sed
        sed
        inx
        bcs     L247D
        brk
        brk
        brk
        brk
        brk
        brk
        brk
        brk
        bpl     L23F7
        sed
        sed
        inx
        bcs     L23CC
        rti

        brk
        brk
        brk
        brk
        brk
        brk
        .byte   $04
        php
        php
        jmp     (LF8FC)

        .byte   $F4
        ldy     $24
        pha
        brk
        brk
        brk
L2460:  brk
        brk
        brk
        php
        .byte   $04
        .byte   $04
        cpx     LF8FC
        .byte   $74
        bit     $24
        pha
        brk
L246E:  lda     L99B9
        beq     L2476
        jmp     v16_7C95

L2476:  dec     L9AC0
        bmi     L247C
        rts

L247C:  .byte   $AD
L247D:  lda     $F09A,x
        .byte   $03
        jmp     L253D

        lda     #$27
        sta     L9AC0
        lda     L9AC1
        beq     L24D1
        sta     L991B
        ldy     #$00
        lda     ($92),y
        bne     L249D
        sta     L9AC1
        jmp     L2564

L249D:  lda     L9ABF
        jsr     v26_732D
        clc
        adc     L9ABF
        sta     L9ABF
        lda     L9AC2
        sta     L991B
        lda     L9ABE
        jsr     v26_732D
        bne     L24C7
        ldx     L9ABF
        cpx     L9AC1
        bne     L24C7
        lda     #$08
        sta     L9ABD
        bne     L253D
L24C7:  clc
        adc     L9ABE
        sta     L9ABE
        jmp     L2569

L24D1:  lda     $D20A
        and     #$FC
        cmp     #$A0
        bcs     L24D1
        adc     #$30
        sta     L9919
L24DF:  lda     $D20A
        cmp     #$50
        bcs     L2502
        and     #$03
        beq     L24DF
        tax
        lda     L25B4,x
        sta     L991A
        jsr     v17_7676
        bmi     L2569
        cmp     #$F4
        beq     L2522
        cmp     #$F6
        beq     L2522
        cmp     #$F8
        beq     L2522
L2502:  lda     L9ABE
        bmi     L251A
        lda     L9ABF
        cmp     #$80
        beq     L2569
        bcc     L2515
        dec     L9ABF
        bne     L2569
L2515:  inc     L9ABF
        bne     L2569
L251A:  dec     L9ABE
        dec     L9ABE
        bne     L2569
L2522:  lda     L9919
        sbc     #$04
        sta     L9AC1
        lda     L991A
        sbc     #$0C
        sta     L9AC2
        lda     $80
        sta     $92
        lda     $81
        sta     $93
        jmp     L2569

L253D:  cmp     #$02
        bne     L2561
        ldy     #$00
        lda     ($92),y
        beq     L255C
        clc
        adc     #$02
        sta     ($92),y
        iny
        adc     #$01
        sta     ($92),y
        cmp     #$FB
        bcs     L255C
        lda     #$04
        sta     L9ABD
        bne     L2561
L255C:  lda     #$00
        sta     L9AC1
L2561:  dec     L9ABD
L2564:  lda     #$64
        sta     L9AC0
L2569:  ldy     L9ABD
        ldx     L25A5,y
        ldy     L9ABE
        lda     #$10
        sta     $8C
L2576:  .byte   $BD
L2577:  clv
        and     $99
        brk
        ldx     $C8
        inx
        dec     $8C
        bne     L2576
        ldy     L9ABD
        ldx     L25AD,y
        ldy     L9ABE
        lda     #$10
        sta     $8C
L258F:  lda     L25F8,x
        sta     $A700,y
        iny
        inx
        dec     $8C
        bne     L258F
        lda     L9ABF
        sta     $D002
        sta     $D003
        rts

L25A5:  brk
        bpl     L25C8
        bmi     L25DA
        jsr     L0010
L25AD:  brk
        bpl     L2600
        rti

        bmi     L25D3
        .byte   $10
L25B4:  brk
        bne     L2577
        .byte   $B0
L25B8:  brk
        .byte   $1C
        .byte   $3A
        adc     ($7F),y
        adc     $6B,x
        adc     $6B,x
        adc     $6B,x
        adc     $3F,x
        brk
        brk
        brk
L25C8:  brk
        brk
        .byte   $1C
        .byte   $3A
        adc     ($7F),y
        adc     #$F6
        nop
        inc     $EA,x
L25D3:  lsr     $3C,x
        brk
        brk
        brk
        brk
        brk
L25DA:  asl     L391D,x
        .byte   $7F
        adc     $7A,x
        inc     $EC,x
        .byte   $D4
        sei
        brk
        brk
        brk
        brk
        brk
        brk
        asl     L381D,x
        .byte   $7C
        .byte   $74
        sei
        .byte   $F4
        cpx     L78D4
        brk
        brk
        brk
        brk
L25F8:  brk
        brk
        .byte   $04
        asl     $0A00
        .byte   $14
        asl     a
L2600:  .byte   $14
        asl     a
        .byte   $14
        asl     a
        brk
        brk
        brk
        brk
        brk
        brk
        brk
        .byte   $04
        asl     $1600
        php
        .byte   $14
        php
        .byte   $14
        plp
        brk
        brk
        brk
        brk
        brk
        brk
        brk
        .byte   $02
        asl     L0000
        asl     a
        .byte   $04
        php
        bpl     L264B
        brk
        brk
        brk
        brk
        brk
        brk
        brk
        brk
        .byte   $02
        .byte   $07
        .byte   $03
        .byte   $0B
        .byte   $07
        asl     a
        bpl     L265B
        brk
        brk
        brk
        brk
        brk
        brk
        brk
        brk
        .byte   $02
        .byte   $07
L263D:  .byte   $03
        .byte   $0B
        .byte   $07
        .byte   $0B
        .byte   $13
        .byte   $2B
        ora     ($01,x)
        ora     ($01,x)
        brk
        brk
        brk
        brk
L264B:  .byte   $02
        asl     $02
        php
        ora     $09
        ora     ($2B),y
        .byte   $03
        .byte   $03
        .byte   $03
        ora     ($01,x)
L2658:  asl     $06
        .byte   $05
L265B:  ora     $04
        .byte   $04
        .byte   $03
        .byte   $03
L2660:  ldx     #$00
        stx     L9AAE
        stx     L9AAF
        stx     L9AB0
        stx     L9AAC
        stx     L9A83
        stx     L9A84
        lda     #$08
        sta     L9AAD
        ldx     #$0B
L267B:  lda     $D20A
        sta     L9A85,x
        lda     $D20A
        and     #$0F
        adc     #$02
        sta     L9A91,x
        lda     #$00
        sta     L9A9D,x
        sta     L9AB1,x
        dex
        bpl     L267B
        ldx     $02A3
        lda     L2658,x
        beq     L26BD
        sta     L98EF
L26A1:  lda     $D20A
        and     #$0F
        cmp     #$0B
L26A8:  bcs     L26A1
        tax
        lda     L9AB1,x
        bne     L26A1
        inc     L9AB1,x
        ldy     #$00
        jsr     L23A1
        dec     L98EF
        bne     L26A1
L26BD:  rts

L26BE:  dec     L9AAE
        bne     L270F
        lda     #$80
        sta     L9AAE
        dec     L9AAF
        bpl     L270F
        lda     #$02
        sta     L9AAF
        dec     L9AB0
        bpl     L26DC
        lda     #$0B
        sta     L9AB0
L26DC:  ldy     L9AB0
        lda     L9AB1,y
        bne     L270F
        lda     L9A91,y
        cmp     #$02
        bcs     L270F
        adc     #$01
        sta     L9A91,y
        ldx     #$00
        jsr     L2835
        ldx     L9A91,y
        cpx     #$02
        bcc     L2706
        lda     $D20A
        and     #$0F
        adc     #$01
        sta     L9A91,y
L2706:  ldy     L270F,x
        lda     ($80),y
        and     #$7F
        sta     ($80),y
L270F:  rts

        ora     (L0000,x)
        .byte   $F2
L2713:  lda     L99B9
        bne     L271D
        dec     L9A84
        bmi     L271E
L271D:  rts

L271E:  lda     #$20
        sta     L9A84
        dec     L9A83
        .byte   $10
L2727:  ora     $A9
        .byte   $0B
        sta     L9A83
L272D:  ldx     L9A83
        lda     L9AB1,x
        bne     L277C
        dec     L9A9D,x
        bpl     L277C
        lda     L9A91,x
        sta     L9A9D,x
        ldy     L9A83
        ldx     #$02
        jsr     L2835
        lda     $D20A
        and     #$01
        cpy     #$06
        bcc     L2753
        adc     #$01
L2753:  tax
        lda     L277D,x
        ldy     #$00
        sta     ($80),y
        ldy     L9A83
        ldx     #$01
        jsr     L2835
        lda     L9A85,y
        clc
        adc     #$01
        and     #$03
        sta     L9A85,y
        cpy     #$06
        bcc     L2774
        adc     #$03
L2774:  tax
        lda     L2781,x
        ldy     #$00
        sta     ($80),y
L277C:  rts

L277D:  adc     $6E
        bvs     L27F4
L2781:  ror     $6D
        .byte   $67
        adc     L6D67
        .byte   $67
        .byte   $6D
L2789:  ror     $963A
        ldx     $72,y
        stx     L9246
        lsr     L4A7E,x
        .byte   $C2
L2795:  ldy     $B4
        ldy     $B4,x
        cpy     $C4
        ldy     $A4
        ldy     $B4,x
        cpy     $C4
L27A1:  .byte   $14
        bpl     L27B4
        .byte   $0C
        .byte   $0C
        .byte   $0B
        .byte   $0B
        asl     a
L27A9:  dec     L9AAC
        bpl     L27F8
        lda     #$64
        ldx     L9AC5
        .byte   $F0
L27B4:  ora     ($4A,x)
        sta     L9AAC
        lda     L99B9
        bne     L27F8
        dec     L9AAD
        bpl     L27F8
        ldx     $02A3
        lda     L27A1,x
        sta     L9AAD
        ldy     #$0B
L27CE:  lda     L98F6
        sec
        sbc     L9AC5
        cmp     L2795,y
        bne     L27F5
        lda     L9987
        adc     #$1F
        cmp     L2789,y
        bcc     L27F5
        sbc     #$30
        cmp     L2789,y
        bcs     L27F5
        jsr     L27F9
        bpl     L27F3
        jmp     L2382

L27F3:  txa
L27F4:  tay
L27F5:  dey
        bpl     L27CE
L27F8:  rts

L27F9:  tya
        tax
        lda     L9AB1,y
        bne     L2832
        ldx     #$00
        jsr     L2835
        tya
        tax
        ldy     #$00
L2809:  lda     ($80),y
        bpl     L2815
        iny
        cpy     #$02
        bcc     L2809
        lda     #$FF
        rts

L2815:  ora     #$80
        sta     ($80),y
        lda     L2833,y
        sta     L9A91,x
        cpy     #$01
        bne     L2829
        lda     #$38
        sta     L99D0
L2828:  rts

L2829:  lda     L99CD
        clc
        adc     #$10
        sta     L99CD
L2832:  rts

L2833:  ora     (L0000,x)
L2835:  cpy     #$06
        bcc     L283D
        inx
        inx
        inx
L283C:  inx
L283D:  sty     $8C
        tya
        asl     a
        adc     $8C
        tay
        lda     L3E5A,y
        clc
        adc     L2857,x
        .byte   $85
L284C:  .byte   $80
        lda     L3E5B,y
        adc     #$14
        sta     $81
        ldy     $8C
        rts

L2857:  .byte   $03
        .byte   $02
        brk
        brk
        brk
L285C:  .byte   $02
        .byte   $04
        brk
L285F:  lda     L9826
        bne     L286D
        inc     L9826
        jsr     L2A44
        sta     $D01E
L286D:  rts

L286E:  .byte   $44
L286F:  .byte   $05
L2870:  lda     L98F6
        cmp     #$D4
        bne     L28A4
        lda     L9987
        clc
        adc     #$03
        adc     L9977
        lsr     a
        lsr     a
        cmp     L286E
        beq     L28A4
        sta     L286E
        sec
        sbc     #$0C
        cmp     #$28
        bcs     L28A4
        tax
        lda     $BBC0,x
        bne     L289B
        lda     #$5F
        bne     L28A1
L289B:  cmp     #$62
        bcs     L28A4
        adc     #$01
L28A1:  sta     $BBC0,x
L28A4:  rts

L28A5:  ldy     L286F
        jmp     L499A

L28AB:  .byte   $FC
L28AC:  ora     $090B
        .byte   $07
        .byte   $07
        .byte   $07
        asl     $06
L28B4:  asl     a:L0000
        php
        brk
        brk
        .byte   $0E
        .byte   $02
L28BC:  dec     L9A36
        bmi     L28C2
        rts

L28C2:  ldy     $02A3
        lda     L28AC,y
        ldy     $02A7
        clc
        adc     L28B4,y
        sta     L9A36
        inc     L9A39
        lda     L9A39
        and     $D20A
        eor     L9A38
        sta     L9A38
        lda     L9A30
        sta     L9919
        lda     L9A31
        adc     #$16
        sta     L991A
        jsr     L4C7A
        sta     L9A37
        ldx     L28AB
        cpx     #$28
        bcc     L2901
        ldx     #$27
        stx     L28AB
L2901:  lda     $BBC0,x
        beq     L2931
        txa
        asl     a
        asl     a
        adc     #$2C
        sta     L991B
        lda     L9A30
        jsr     v26_732D
        sta     L9A32
        lda     #$C0
        sta     L991B
        lda     L9A31
        jsr     v26_732D
        .byte   $8D
L2923:  .byte   $33
        txs
        lda     L9A36
        clc
        adc     #$03
        sta     L9A36
L292E:  jmp     L2997

L2931:  dec     L28AB
        lda     $13
        asl     a
        asl     a
        sta     $8C
        lda     L9A37
        sbc     $8C
        bcs     L2943
        lda     #$00
L2943:  cmp     L9A38
        bcs     L2974
        lda     L9A38
        and     #$2F
        beq     L2994
        and     #$0F
        bne     L2997
        lda     L98F6
        sta     L991B
        lda     L991A
        jsr     v26_732D
        sta     L9A33
        lda     L9987
        sta     L991B
        lda     L9A30
        jsr     v26_732D
        sta     L9A32
        jmp     L2997

L2974:  lda     #$C0
        sta     L991B
        lda     L9A31
        jsr     v26_732D
        sta     L9A33
        lda     $D20A
        beq     L298E
        .byte   $C9
L2988:  .byte   $07
        bcs     L2997
        jsr     L4CBD
L298E:  sta     L9A32
        jmp     L2997

L2994:  jsr     L2A37
L2997:  lda     L9A30
        clc
        adc     L9A32
        cmp     #$28
        bcc     L2994
        cmp     #$D8
        bcs     L2994
        sta     L9A30
        lda     L9A31
        clc
        adc     L9A33
        cmp     #$C1
        bcs     L2994
        cmp     #$18
        bcc     L2994
        sta     L9A31
        dec     L9A35
        bpl     L2A04
        lda     L9A37
        lsr     a
        lsr     a
        lsr     a
        lsr     a
        lsr     a
        sta     L9A35
        dec     L9A34
        bpl     L29D7
        lda     #$0B
        sta     L9A34
        bne     L2A04
L29D7:  ldy     L9A34
        lda     L2AC3,y
        cmp     #$30
        bne     L2A04
        lda     L9A31
        cmp     #$C0
        bcc     L2A04
        lda     L9A30
        sbc     #$2C
        lsr     a
        lsr     a
        cmp     #$28
        bcs     L2A04
        tax
        lda     $BBC0,x
        beq     L2A04
        cmp     #$5F
        bne     L29FF
        lda     #$01
L29FF:  sbc     #$01
        sta     $BBC0,x
L2A04:  ldy     L9A34
        ldx     L2AC3,y
        lda     #$10
        sta     $8C
        ldy     L9A31
        lda     #$00
L2A13:  sta     $A300,y
        iny
        sta     $A300,y
        iny
        lda     L2ACF,x
        inx
        dec     $8C
        bpl     L2A13
        lda     #$00
        sta     $A300,y
        .byte   $AD
        .byte   $30
L2A2A:  txs
        ldx     #$03
L2A2D:  sta     $D004,x
        clc
        adc     #$02
        dex
        bpl     L2A2D
        rts

L2A37:  jsr     L4CBD
        sta     L9A32
        jsr     L4CBD
        sta     L9A33
        rts

L2A44:  lda     L9A3A
        bne     L2AC2
        lda     $D008
        ora     $D009
        ora     $D00A
        ora     $D00B
        and     #$03
        beq     L2AC2
        lda     L9A31
        clc
        adc     #$0E
        cmp     L98F6
        bcs     L2AC2
        lda     L9A54
        sbc     #$03
        sta     L991B
        lda     L98F6
        sta     L991A
        jsr     v26_732D
        bne     L2A79
        lda     #$FF
L2A79:  sta     L98F5
        lda     L9A53
        sta     L9919
        sta     L991B
        ldy     #$00
        sty     L9967
        sty     L98FB
        sty     L9905
        lda     L9987
        jsr     v26_732D
        sta     L9947
        bmi     L2A9D
        ldy     #$0A
L2A9D:  sty     L9977
        lda     #$09
        sta     L996F
        sta     L9909
        lda     #$18
        sta     L98FD
        jsr     L4C7A
        eor     #$FF
        asl     a
        asl     a
        asl     a
        and     #$03
        adc     #$02
        sta     L994F
        inc     L9A3A
        jsr     v24_70B6
L2AC2:  rts

L2AC3:  brk
        bpl     L2AE6
        bmi     L2B08
        bvc     L2B2A
        bvc     L2B0C
        bmi     L2AEE
        .byte   $10
L2ACF:  ora     ($01,x)
        .byte   $02
        .byte   $02
        .byte   $04
        .byte   $04
        php
        php
        bmi     L2B51
        sed
        sei
        sei
        bpl     L2ADE
L2ADE:  brk
        .byte   $02
        .byte   $04
        .byte   $04
        .byte   $04
        php
        php
        php
L2AE6:  bpl     L2AF8
        bmi     L2B62
        sed
        sei
        plp
        brk
L2AEE:  brk
        .byte   $04
        php
        php
        php
        php
        php
        bpl     L2B07
        .byte   $10
L2AF8:  bpl     L2B2A
        sei
        sei
        sed
        rts

        brk
        bpl     L2B11
        bpl     L2B13
        bpl     L2B15
        bpl     L2B17
L2B07:  .byte   $10
L2B08:  bpl     L2B1A
        sec
        .byte   $7C
L2B0C:  .byte   $7C
        .byte   $7C
        sec
        .byte   $20
        .byte   $10
L2B11:  bpl     L2B23
L2B13:  bpl     L2B25
L2B15:  php
        php
L2B17:  php
        php
        .byte   $0C
L2B1A:  asl     L1F1E,x
        asl     L0000
        rti

L2B20:  jsr     L2020
L2B23:  bpl     L2B35
L2B25:  bpl     L2B2F
        php
        .byte   $0C
        .byte   $1E
L2B2A:  .byte   $1F
        asl     a:$14,x
        brk
L2B2F:  .byte   $80
        .byte   $80
        rti

        rti

        .byte   $20
        .byte   $20
L2B35:  bpl     L2B47
        .byte   $0C
        asl     L1E1F,x
        asl     a:$08,x
        brk
L2B3F:  .byte   $01
L2B40:  lda     #$CC
        sta     $02C8
        ldx     #$01
L2B47:  stx     $02A6
        dex
        stx     L2CE6
        jsr     v09_733D
L2B51:  lda     #$FF
        sta     $02A6
        ldx     #$2E
        .byte   $A0
L2B59:  .byte   $4F
        lda     #$07
        jsr     LE45C
        jsr     v12_73B3
L2B62:  ldx     #$00
        stx     $02C0
        stx     $02C1
        lda     L9987
        cmp     L9988
        bcs     L2B73
        inx
L2B73:  lda     #$0F
        sta     $02C0,x
        lda     #$3E
        sta     L98F6
        lda     L9987
        sta     $D000
        clc
        adc     #$08
        sta     $D001
        sta     L9988
        ldy     L98F6
        ldx     #$00
L2B91:  lda     L31AF,x
        sta     $A400,y
        lda     L31BC,x
        sta     $A500,y
        iny
        inx
        cpx     #$0D
        bcc     L2B91
        jsr     L1F02
        lda     #$04
        sta     $D208
        lda     #$AF
        sta     $D201
        ldx     #$30
        stx     $8C
L2BB4:  stx     $D204
        ldx     $8C
L2BB9:  ldy     #$CF
L2BBB:  dey
        bne     L2BBB
        lda     $D20A
        and     #$09
        and     $8C
        sta     $D200
        dex
        bne     L2BB9
        lda     $8C
        and     #$03
        bne     L2BDA
        lda     $02C8
        sec
        sbc     #$11
        sta     $02C8
L2BDA:  dec     $8C
        ldx     $8C
        bne     L2BB4
        stx     $D201
        ldx     #$05
        lda     #$0F
        sta     $02C8
L2BEA:  sta     L2F0F,x
        dex
        bpl     L2BEA
        jsr     v39_73C5
        lda     #$40
        sta     $D40E
        jsr     v18_739C
        ldx     #$02
        lda     #$00
        sta     $022F
        sta     L9BC0
        sta     L9BC1
L2C08:  sta     L9BDD,x
        dex
        .byte   $10
L2C0D:  .byte   $FA
        ldx     #$17
L2C10:  sta     L9BFE,x
        sta     L9C8E,x
        dex
        bpl     L2C10
        lda     #$AA
        sta     L9BC2
        lda     #$18
        sta     L9BC3
        lda     #$70
        sta     $A300
        sta     $A301
        sta     $A302
        sta     $A303
        ldy     #$04
        lda     #$0A
        sta     $8C
L2C37:  lda     #$CE
        sta     $A300,y
        iny
        ldx     $8C
        lda     L30F5,x
        sta     $A300,y
        iny
        lda     L30F6,x
        sta     $A300,y
        iny
        ldx     #$1D
        lda     #$0E
L2C51:  sta     $A300,y
        iny
        dex
        bpl     L2C51
        dec     $8C
        dec     $8C
        bpl     L2C37
        lda     #$41
        sta     $A300,y
        lda     #$00
        sta     $0230
        sta     $A301,y
        lda     #$A3
        sta     $0231
        sta     $A302,y
        sta     $0231
        lda     #$1D
        sta     $0200
        lda     #$2F
        sta     $0201
        lda     #$C0
        sta     $D40E
        lda     #$3D
        sta     $022F
        lda     #$00
        sta     $02A6
        sta     L2E4D
        sta     L2E4E
        sta     $02C4
        sta     $02C5
        sta     $02C6
L2C9E:  ldx     #$0A
        ldy     #$00
L2CA2:  dey
        bne     L2CA2
        dex
        bne     L2CA2
        jsr     L2F82
        lda     L2CE6
        bne     L2CBD
        .byte   $AF
        inc     $98,x
        cmp     #$F0
        beq     L2CEF
        jsr     L2D98
        jmp     L2C9E

L2CBD:  lda     $13
        beq     L2C9E
        ldx     #$FF
        stx     $02A6
        inx
        stx     $D207
        ldx     $02A3
        cpx     #$07
        bcs     L2CD4
        inc     $02A3
L2CD4:  jmp     v40_5495

L2CD7:  .byte   $C7
        .byte   $D2
        .byte   $A3
        .byte   $07
        eor     (L0000,x)
        .byte   $A3
L2CDE:  .byte   $22
        .byte   $2F
        rol     L3335
        brk
        .byte   $1D
L2CE5:  .byte   $B5
L2CE6:  .byte   $62
L2CE7:  ora     ($03,x)
        ora     $07
        ora     #$11
        .byte   $13
        .byte   $15
L2CEF:  lda     #$E0
        sta     $02F4
        jsr     v09_733D
        ldx     #$06
L2CF9:  lda     L2CD7,x
        sta     $A3A9,x
        dex
        bpl     L2CF9
        inc     L2CE6
        ldx     #$06
L2D07:  lda     L2CDE,x
        sta     $A3D4,x
        dex
        bpl     L2D07
        lda     #$38
        sta     $A3E9
        .byte   $AF
        lda     $02
        cpx     #$09
        bcs     L2D21
        adc     #$01
        sta     $02A5
L2D21:  ldx     $02A3
        lda     L2CE7,x
        sta     L2CE5
        ldx     L991D
        beq     L2D38
L2D2F:  sed
        clc
        adc     L2CE5
        sta     L2CE5
        cld
L2D38:  ldx     #$09
        lsr     a
        lsr     a
        lsr     a
        lsr     a
        beq     L2D47
        clc
        adc     #$10
        sta     $A3E2,x
        inx
L2D47:  lda     L2CE5
        and     #$0F
        clc
        adc     #$10
        .byte   $9D
L2D50:  .byte   $E2
        .byte   $A3
        sed
        lda     #$99
        sec
        sbc     L9825
        sta     L981A
        lda     #$99
        sbc     L9824
        sta     L9819
        cld
L2D65:  jsr     L392E
        sed
        lda     L2CE5
        sec
        sbc     #$01
        sta     L2CE5
        cld
        bne     L2D65
        ldx     #$03
L2D77:  lda     L9813,x
        sta     $A3DC,x
        dex
        bpl     L2D77
        jsr     v18_739C
        lda     #$00
        sta     $14
        sta     $13
        jmp     L2C9E

L2D8C:  pha
        ldx     L2B3F
        ldy     L31C9
        jmp     L2E15

        bpl     L2D8C
L2D98:  dec     L2E4D
        bpl     L2E14
        .byte   $AF
        .byte   $C3
        .byte   $9B
        lsr     a
        lsr     a
        lsr     a
        lsr     a
        sta     L2E4D
        inc     L2E4E
        .byte   $AF
        lsr     L292E
        ora     ($F0,x)
        .byte   $3A
        jsr     L2E1D
        .byte   $AF
        asl     a
        .byte   $D2
        and     #$03
        tay
        ora     #$74
        sta     L991B
        lda     L9987
        jsr     v26_732D
        clc
        adc     L9987
        sta     L9987
        sta     $D000
        sta     $D002
        tya
        eor     #$83
        sta     L991B
        lda     L9988
        jsr     v26_732D
        clc
        adc     L9988
        sta     L9988
        sta     $D001
        sta     $D003
        ldx     #$00
        ldy     L98F6
        tya
        sta     $02C3
        .byte   $49
L2DF5:  .byte   $FF
        sta     $02C2
        inc     L98F6
L2DFC:  lda     L3191,x
        sta     $A400,y
        sta     $A500,y
        lda     L31A0,x
        sta     $A600,y
        sta     $A700,y
L2E0E:  iny
        inx
        cpx     #$0F
        bcc     L2DFC
L2E14:  rts

L2E15:  stx     L0244
        jmp     L308C

        bne     L2E15
L2E1D:  ldy     $02A3
        ldx     L2F15,y
        ldy     #$05
L2E25:  lda     #$FF
        sta     $8D
        lda     L2F0F,y
        cmp     L2EDF,x
        beq     L2E45
        eor     L2EDF,x
        and     #$F0
        beq     L2E3C
        lda     #$10
        sta     $8D
L2E3C:  lda     $8D
        clc
        adc     L2F0F,y
        sta     L2F0F,y
L2E45:  dex
        dey
        bpl     L2E25
        sta     $02C8
        rts

L2E4D:  .byte   $57
L2E4E:  ldx     $A9
        brk
        sta     $02A8
        lda     $02A6
        bne     L2E79
        sta     $D208
        ldx     L9BC0
        cpx     #$25
        bcc     L2E7C
        lda     L9BC4
        clc
        adc     L9BC5
        adc     L9BC6
        lsr     a
        lsr     a
        .byte   $09
L2E70:  .byte   $80
        sta     $D207
        adc     #$B9
        .byte   $8D
        .byte   $06
L2E78:  .byte   $D2
L2E79:  jmp     LE462

L2E7C:  dec     L9BC1
        bpl     L2EC7
        inc     L9BC3
        lda     L9BC3
        lsr     a
        lsr     a
        sta     L9BC1
        ldy     #$06
L2E8E:  lda     L3101,x
        sta     $D200,y
        lda     L9BC2
        sta     $D201,y
        txa
        clc
        adc     #$24
        tax
        dey
        dey
        bpl     L2E8E
        lda     L9BC2
        sec
        sbc     #$03
        cmp     #$A3
        bcs     L2EAF
        lda     #$AA
L2EAF:  sta     L9BC2
        cpx     #$B4
        bcc     L2EC4
        lda     #$00
        sta     $D201
L2EBB:  sta     $D203
        sta     $D205
        sta     $D207
L2EC4:  .byte   $EE
        .byte   $C0
L2EC6:  .byte   $9B
L2EC7:  jmp     LE462

L2ECA:  .byte   $80
        cpy     #$00
        rti

        bpl     L2E70
L2ED0:  bne     L2F22
        cpx     #$90
        bvs     L2EC6
L2ED6:  bmi     L2ED8
L2ED8:  rts

        bcs     L2EBB
        rti

L2EDC:  brk
        asl     $0C
L2EDF:  brk
        .byte   $02
        .byte   $04
        asl     $08
        asl     a
        brk
        .byte   $02
        .byte   $22
        .byte   $34
        lsr     $58
        brk
        .byte   $02
        .byte   $72
        sty     $86
        tya
        brk
        .byte   $02
        ldx     #$B4
        dec     $D8
        clc
        rol     $34
        .byte   $42
        bvc     L2EFD
L2EFD:  dey
        stx     $A4,y
        .byte   $B2
        cpy     #$00
        clv
        dec     $D4
        .byte   $E2
        beq     L2F09
L2F09:  clc
        .byte   $44
        dey
        cpy     $38
        .byte   $74
L2F0F:  cmp     #$D8
        and     $28
        .byte   $F7
        .byte   $91
L2F15:  ora     $0B
        ora     ($17),y
        ora     L2923,x
        .byte   $2F
        pha
        txa
        pha
        tya
        pha
L2F22:  ldx     $02A8
        lda     L2F0F,x
        sta     $D40A
        sta     $D01A
        lda     L2CE6
        beq     L2F40
        cpx     #$04
        bcc     L2F40
        lda     $14
        lsr     a
        sta     $D016
        jmp     L2F76

L2F40:  lda     L2F0F,x
        ldy     L9BC7,x
        beq     L2F4E
        lda     L9BC4
        ora     L2ECA,x
L2F4E:  sta     $D016
        lda     L2F0F,x
        .byte   $BC
L2F55:  cmp     $F09B
        asl     $AD
        cmp     $9B
        ora     L2ED0,x
L2F5F:  sta     $D017
        lda     L2F0F,x
        .byte   $BC
L2F66:  .byte   $D3
        .byte   $9B
        beq     L2F70
        lda     L9BC6
        ora     L2ED6,x
L2F70:  sta     $D018
        inc     $02A8
L2F76:  pla
        tay
        pla
        tax
        pla
        rti

L2F7C:  pha
        lda     #$62
        jmp     L2D8C

L2F82:  ldx     #$02
L2F84:  lda     L9BDD,x
        bne     L2F9A
        lda     $D20A
        cmp     #$40
        bcs     L2F9A
        lda     L9BC4,x
        cmp     #$02
        beq     L2F9A
        dec     L9BC4,x
L2F9A:  txa
        asl     a
        asl     a
        asl     a
        tay
        lda     #$08
        sta     $8C
L2FA3:  lda     L9BFE,y
        beq     L2FAB
        jmp     L3037

L2FAB:  iny
        dec     $8C
        bne     L2FA3
        lda     L9BDD,x
        beq     L2FB9
        lda     #$00
        beq     L2FFA
L2FB9:  lda     $D20A
        and     #$7F
        sta     L9BE0,x
L2FC1:  lda     $D20A
        and     #$1F
        cmp     #$19
        bcs     L2FC1
        sta     L9BE3,x
        lda     #$0F
        sta     L9BC4,x
        lda     #$00
        sta     $8D
L2FD6:  ldy     L2EDC,x
        lda     #$06
        sta     $8C
L2FDD:  lda     $D20A
        cmp     #$A0
        bcs     L2FE6
        lda     #$00
L2FE6:  sta     L9BC7,y
        ora     $8D
        sta     $8D
        iny
        dec     $8C
        bne     L2FDD
        lda     $8D
        beq     L2FD6
        txa
        clc
        adc     #$01
L2FFA:  sta     L9BDD,x
        txa
        asl     a
        asl     a
        asl     a
        tay
        lda     #$08
        sta     $8C
L3006:  lda     L9BE0,x
        sta     L9BFE,y
L300C:  lda     L9BE3,x
        sta     L9C16,y
        lda     L9BDD,x
        sta     L9BE6,y
L3018:  beq     L3026
        jsr     L30EA
        sta     L9C5E,y
        jsr     L30EA
        sta     L9C76,y
L3026:  lda     L9C5E,y
        sta     L9C2E,y
        lda     L9C76,y
        sta     L9C46,y
        iny
        dec     $8C
        bne     L3006
L3037:  dex
        bmi     L303D
        jmp     L2F84

L303D:  lda     #$17
        sta     L9BDC
L3042:  ldx     L9BDC
        lda     L9BE6,x
        sta     L9BD9
        bne     L3058
        dec     L9C8E,x
        bpl     L3087
        txa
        adc     #$02
        sta     L9C8E,x
L3058:  lda     L9BFE,x
        beq     L3087
        clc
        adc     L9C2E,x
        sta     L9BFE,x
        sta     L9BDA
        bpl     L3070
L3069:  lda     #$00
        sta     L9BFE,x
        beq     L3087
L3070:  lda     L9C16,x
        clc
        adc     L9C46,x
        sta     L9C16,x
        cmp     #$1E
        bcs     L3069
        sta     L9BDB
        inc     L9C46,x
        jsr     L308D
L3087:  dec     L9BDC
        bpl     L3042
L308C:  rts

L308D:  lda     #$00
        sta     $81
        lda     L9BDB
        cmp     #$1E
        bcs     L30E0
        ldy     #$05
L309A:  asl     a
        rol     $81
        dey
        bne     L309A
        sta     $80
        lda     L9BDA
        and     #$7F
        lsr     a
        lsr     a
        clc
        adc     $80
        sta     $80
        bcc     L30B2
        inc     $81
L30B2:  .byte   $A9
L30B3:  brk
        clc
        adc     $80
        sta     $80
        lda     #$B8
        adc     $81
        sta     $81
        lda     L9BDA
        and     #$03
        tax
        stx     $8C
        lda     L9BD9
L30CA:  cpx     #$03
        beq     L30D3
        inx
        asl     a
        asl     a
        bcc     L30CA
L30D3:  ldx     $8C
        sta     $8C
        lda     ($80),y
        and     L30E1,x
        ora     $8C
        sta     ($80),y
L30E0:  rts

L30E1:  .byte   $3F
        .byte   $CF
        .byte   $F3
        .byte   $FC
L30E5:  lda     #$93
        jmp     L2F7C

L30EA:  lda     $D20A
        and     #$07
L30EF:  sec
        sbc     #$04
        beq     L30EA
        rts

L30F5:  .byte   $04
L30F6:  clv
        php
        clv
        bpl     L30B3
        brk
        clv
        .byte   $1C
        clv
        .byte   $14
        clv
L3101:  .byte   $3C
        and     $2F,x
        plp
        and     L402F
        .byte   $3C
        and     $2D,x
        .byte   $2F
        and     $48,x
        rti

        .byte   $3C
        jmp     L4048

        pha
        and     L352F,y
        rti

        jmp     L4039

        pha
        rti

        pha
        jmp     L4C55

        eor     $55,x
        eor     $55,x
        eor     ($4C),y
        pha
        .byte   $3C
        rti

        pha
        .byte   $5B
        eor     $51,x
        rti

        .byte   $44
        eor     ($60),y
        .byte   $5B
        eor     ($6C),y
        ror     $60
        rts

        eor     $48,x
        jmp     L6C5B

        .byte   $55
L313E:  .byte   $5B
        rts

        .byte   $5B
        rts

        jmp     (L7272)

        .byte   $72
        .byte   $72
        .byte   $72
        .byte   $72
        rts

        .byte   $5B
        eor     ($48),y
        jmp     L6C51

        ror     $5B
        eor     ($51),y
        .byte   $5B
        adc     L606C,y
        .byte   $80
        adc     L726C,y
        rts

        eor     $5B,x
        jmp     (L6080)

        jmp     (L6C72)

        .byte   $72
        .byte   $80
        .byte   $80
        .byte   $80
        .byte   $80
        dey
        dey
        dey
        bcc     L30EF
        adc     L6C60,y
        adc     L90A2,y
        .byte   $80
        jmp     (L8072)

        ldx     #$99
        bcc     L313E
        lda     $AD99
        bcc     L31F4
        .byte   $80
        sta     L90B6,y
        sta     L99AD,y
        lda     L81B6
        sta     ($81,x)
        .byte   $89
        .byte   $89
        .byte   $89
L3191:  brk
        brk
        brk
        .byte   $12
        asl     L1E2D,x
        .byte   $0C
        .byte   $1C
        asl     $081C,x
        brk
        brk
        brk
L31A0:  brk
        rol     $77,x
        .byte   $7F
        .byte   $7F
        .byte   $7F
        .byte   $7F
        .byte   $7F
        rol     L3E3E,x
        .byte   $1C
        .byte   $1C
        php
        php
L31AF:  asl     a
        asl     $0F1D,x
        lsr     $BCB8,x
        .byte   $7C
        ror     L783A,x
        sei
        .byte   $4C
L31BC:  bvc     L3236
        clv
        beq     L323B
        ora     L3E3D,x
        ror     L1E5C,x
        .byte   $1E
        .byte   $32
L31C9:  .byte   $C3
L31CA:  .byte   $07
        asl     $05
        .byte   $04
        .byte   $04
        .byte   $03
        .byte   $03
        .byte   $02
L31D2:  .byte   $03
        .byte   $0C
        .byte   $14
        .byte   $1C
        .byte   $1C
        .byte   $1C
        .byte   $20
        .byte   $20
L31DA:  dec     L9920
        bmi     L31E0
L31DF:  rts

L31E0:  lda     #$02
        sta     L9920
L31E5:  dec     L9921
        ldx     L9921
        bpl     L3221
        jsr     L33C9
        lda     L98F5
        .byte   $D0
L31F4:  .byte   $14
        ldy     L98F6
        cpy     #$C6
        bcs     L3201
        .byte   $8D
L31FD:  .byte   $74
        txs
        beq     L3209
L3201:  lda     L9A74
        bne     L3209
        inc     L9A74
L3209:  ldx     #$06
        stx     L9921
        lda     L9A74
        cmp     #$04
        bcs     L3221
        lda     L9988,x
        beq     L31E5
        bne     L3242
        lda     L9988,x
        beq     L322C
L3221:  lda     L9930,x
        beq     L3245
        cmp     $13
        bne     L323D
        lda     #$00
L322C:  sta     L9930,x
        jsr     L4CBD
        sta     L9988,x
L3235:  .byte   $A9
L3236:  .byte   $80
        jsr     L33B5
        .byte   $4C
L323B:  eor     $32
L323D:  lda     L9988,x
        beq     L31DF
L3242:  jmp     L329B

L3245:  lda     L9929,x
        beq     L3250
        dec     L9929,x
        jmp     L34A1

L3250:  lda     $D20A
        bne     L325D
L3255:  ldx     L9921
        jsr     L4CBD
        bne     L3285
L325D:  ldy     $02A3
        cmp     L31D2,y
        bcs     L3288
        lda     L9987
        sta     L991B
        lda     L9988,x
        jsr     v26_732D
        beq     L3255
        ldx     L9921
        cpx     #$00
        bne     L3285
        ldy     L98F6
        cpy     #$40
        bcc     L3285
        tay
        jsr     v28_711C
L3285:  sta     L9948,x
L3288:  lda     L9988,x
        ldy     #$01
        cmp     #$32
        bcc     L3297
        cmp     #$BE
        bcc     L329B
        ldy     #$FF
L3297:  tya
        sta     L9948,x
L329B:  lda     L9948,x
        cmp     L9922,x
        beq     L32B4
        sta     L9922,x
        lda     #$06
        sta     L9970,x
        sta     L9950,x
        sta     L9960,x
        jmp     L32F9

L32B4:  lda     L9950,x
        beq     L32C6
        dec     L9968,x
L32BC:  bpl     L32C6
        lda     #$0C
        sta     L9968,x
        dec     L9950,x
L32C6:  inc     L9958,x
        lda     L9950,x
        cmp     L9958,x
        bcc     L32D2
        rts

L32D2:  lda     #$00
        sta     L9958,x
        jsr     L3388
        inc     L9960,x
        lda     L9960,x
        cmp     #$05
        bcs     L32E5
        rts

L32E5:  lda     #$00
        sta     L9960,x
        inc     L9970,x
        lda     L9970,x
        cmp     #$06
        bcc     L32F9
        lda     #$00
        sta     L9970,x
L32F9:  jsr     v37_6EF3
        jsr     v34_6F5A
        ldx     L9921
        lda     L9930,x
        bne     L3369
        lda     L9988,x
        clc
        adc     #$08
        sta     L9919
        lda     L34DF,x
        adc     #$08
        sta     L991A
        jsr     v17_7676
        bmi     L3369
        jsr     L336A
        bmi     L3369
        lda     #$01
        sta     $8C
L3326:  ldy     #$02
L3328:  lda     ($80),y
        clc
        adc     #$0A
        sta     ($80),y
        dey
        bpl     L3328
        jsr     v21_73E7
L3335:  dec     $8C
        bpl     L3326
        ldx     L9921
        lda     #$04
        jsr     L33B5
        .byte   $BD
        pha
L3343:  sta     $5420,y
        .byte   $93
        sta     L9948,x
        lda     $D20A
        and     #$07
        ora     #$60
        sta     L99A8
        lda     #$01
        sta     L99A9
        lda     $13
        ldy     $02A3
        clc
        adc     L31CA,y
        bne     L3366
        lda     #$01
L3366:  sta     L9930,x
L3369:  rts

L336A:  cmp     #$52
        bcc     L3385
        cmp     #$55
        bcs     L3385
        sbc     #$51
        adc     #$26
        sta     $8C
        lda     $80
        sbc     $8C
        sta     $80
        bcs     L3382
        dec     $81
L3382:  lda     #$00
        rts

L3385:  lda     #$FF
        rts

L3388:  lda     #$00
        ldy     L9948,x
        bpl     L3391
        lda     #$0A
L3391:  sta     L9978,x
        tya
L3395:  clc
        adc     L9988,x
        sta     L9988,x
        ldy     L33C2,x
        sta     L989A,y
        .byte   $99
        .byte   $9B
L33A4:  tya
        sta     L989C,y
        clc
        adc     #$08
        sta     L98B0,y
        sta     L98B1,y
        sta     L98B2,y
        rts

L33B5:  ldy     L33C2,x
        sta     L98C6,y
        sta     L98C7,y
        sta     L98C8,y
        rts

L33C2:  brk
        .byte   $03
        asl     $08
        .byte   $0C
        .byte   $0F
        .byte   $12
L33C9:  lda     L98F6
        sec
        sbc     #$36
        bcs     L33D3
        lda     #$00
L33D3:  lsr     a
        lsr     a
        lsr     a
        cmp     L991C
        bne     L33DC
        rts

L33DC:  sta     L991C
        tax
        tay
        lsr     a
        lsr     a
        clc
        adc     #$04
        sta     L99D5
        cpx     #$15
        bcs     L33FD
        lda     #$0F
L33EF:  cpx     #$15
        .byte   $B0
L33F2:  asl     $9D
        sta     $98
        inx
        bne     L33FE
L33F9:  cpy     #$15
        bcc     L3402
L33FD:  rts

L33FE:  cpy     #$15
        bcs     L3406
L3402:  sta     L9884,y
        dey
L3406:  cmp     #$01
        bcc     L33EF
        sbc     #$01
        jmp     L33EF

L340F:  lda     L9826
        beq     L3415
        rts

L3415:  inc     L9826
        lda     $D00C
        ora     $D00D
        and     #$0C
        beq     L3491
        lda     #$08
        clc
        adc     L98F6
        ldx     #$06
L342A:  cmp     L34DF,x
        bcs     L3432
        dex
        bne     L342A
L3432:  lda     L98F5
        beq     L344F
        bpl     L3491
        cpx     #$00
        beq     L3453
L343D:  jsr     L3495
        cmp     #$11
        bcc     L344F
        sta     $8C
        dex
        jsr     L3495
        cmp     $8C
        bcc     L344F
        inx
L344F:  cpx     #$00
        bne     L3458
L3453:  pla
        pla
        jmp     L2B40

L3458:  lda     L9930,x
        bne     L3491
        lda     #$1A
        sta     L9929,x
        lda     L9987
        .byte   $8D
L3466:  .byte   $1B
        sta     $88BD,y
        sta     $A0,y
        jsr     v26_732D
        bne     L3475
        jsr     L4CBD
L3475:  bpl     L3479
        ldy     #$0A
L3479:  sta     L9948,x
        tya
        sta     L9978,x
        ldx     L9910
        bne     L3491
        stx     L98F5
        inx
        stx     L9910
        lda     #$1F
        sta     L99CB
L3491:  sta     $D01E
        rts

L3495:  lda     L9988,x
        sec
        sbc     L9987
        bcs     L34A0
        eor     #$FF
L34A0:  rts

L34A1:  lda     L9929,x
        and     #$02
        bne     L34B1
        lda     L9948,x
        jsr     v28_711C
        jsr     L3395
L34B1:  lda     L9929,x
        asl     a
        asl     a
        asl     a
        and     #$10
        ldy     L9978,x
        beq     L34C1
        clc
        adc     #$20
L34C1:  sta     $8C
        ldy     L34DF,x
        ldx     $8C
        lda     #$10
        sta     $8C
L34CC:  lda     L34E6,x
        sta     $A600,y
        lda     L3526,x
        sta     $A700,y
        inx
        iny
        dec     $8C
        bne     L34CC
        rts

L34DF:  .byte   $3A
        .byte   $52
        ror     a
        .byte   $82
        txs
        .byte   $B2
        dex
L34E6:  brk
        brk
        brk
        rti

        .byte   $23
        .byte   $17
        .byte   $17
        asl     $060C
        asl     a
        asl     a
        .byte   $12
        .byte   $12
        ora     (L0000,x)
        brk
        bpl     L351C
        .byte   $27
        .byte   $2F
        .byte   $2F
        .byte   $1C
        clc
        .byte   $1C
        asl     a
        asl     a
        ora     #$08
        .byte   $04
        brk
        brk
        brk
        brk
        brk
        brk
        ora     ($73,x)
        .byte   $BF
        .byte   $7F
        .byte   $7C
        .byte   $9C
        bit     L4424
        .byte   $04
        php
        brk
        brk
        brk
        brk
        ora     ($39,x)
        .byte   $5F
L351C:  .byte   $7F
        rol     L360E,x
        .byte   $44
        php
        php
        bpl     L3525
L3525:  brk
L3526:  brk
        brk
        brk
        brk
        .byte   $80
        dec     $FEFD
        .byte   $3E
L352F:  and     L2434,y
        .byte   $22
        jsr     L0010
        brk
        brk
        brk
        .byte   $80
        .byte   $9C
        .byte   $FA
        inc     L707C,x
        jmp     (L1022)

        bpl     L354C
        brk
        brk
        brk
        brk
        brk
        .byte   $02
        cpy     $E8
L354C:  inx
        bvs     L357F
        rts

        bvc     L35A2
        pha
        pha
        .byte   $80
        brk
        brk
        php
        cpy     $E4
        .byte   $F4
        .byte   $F4
        sec
        clc
        sec
        bvc     L35B1
        bcc     L3573
        jsr     L0000
L3566:  lda     #$00
        sta     L9A4D
        sta     L9A4C
L356E:  lda     L9A49
        sec
        .byte   $ED
L3573:  jmp     L909A

        .byte   $04
        cmp     #$20
        bcs     L3585
        lda     L9A4D
        .byte   $09
L357F:  ora     ($8D,x)
        eor     $A99A
        .byte   $20
L3585:  sta     L991A
        lda     L9A4C
        lsr     a
        lsr     a
        sta     L9A4B
        lda     L9A48
        sec
        sbc     L9A4C
        bcc     L359D
        cmp     #$30
        bcs     L35A7
L359D:  lda     L9A4D
        ora     #$02
L35A2:  sta     L9A4D
        lda     #$30
L35A7:  sta     L9919
        lda     L9A4C
        lsr     a
        sta     L9A4A
L35B1:  jsr     v17_7676
        bmi     L35D1
        lda     L98EE
        beq     L35CD
        lda     $80
        sec
        sbc     #$00
        sta     $82
        lda     $81
        sbc     #$14
        sta     $83
        lda     ($82),y
        jmp     L35CF

L35CD:  lda     #$01
L35CF:  sta     ($80),y
L35D1:  lda     L9919
        cmp     #$CE
        bcc     L35E7
        lda     #$CE
        sta     L9919
        lda     L9A4D
        ora     #$04
        sta     L9A4D
        bne     L35F1
L35E7:  adc     #$04
        sta     L9919
        dec     L9A4A
        bpl     L35B1
L35F1:  lda     L991A
        cmp     #$E0
        bcc     L3602
        lda     L9A4D
        ora     #$08
        sta     L9A4D
        bne     L360F
L3602:  adc     #$08
        sta     L991A
        dec     L9A4B
        bmi     L360F
        .byte   $4C
        .byte   $90
L360E:  .byte   $35
L360F:  lda     L9A4D
        cmp     #$0F
        bne     L3617
        rts

L3617:  lda     L9A4C
        clc
        adc     #$14
        sta     L9A4C
        bcs     L3625
        jmp     L356E

L3625:  jmp     L0054

L3628:  lda     #$3F
        sta     L99D4
        ldx     #$2C
        lda     #$00
L3631:  sta     L99A6,x
        dex
        bpl     L3631
        jsr     v12_73B3
        jsr     v18_739C
        jsr     v09_733D
        jsr     L3654
        lda     #$C4
        sta     $02C8
        sta     $D01A
        lda     #$7A
        sta     $02C6
        .byte   $8D
        clc
L3652:  bne     $36B4
L3654:  .byte   $AF
        .byte   $A7
        .byte   $02
        asl     a
        asl     a
        tax
        ldy     #$00
L365C:  lda     L3669,x
        sta     $02C4,y
        inx
        iny
        cpy     #$04
        bcc     L365C
        rts

L3669:  .byte   $9C
        .byte   $54
        stx     $3F
        sed
        .byte   $1F
        .byte   $44
        .byte   $BF
        .byte   $5C
        .byte   $8F
        sty     $44
        .byte   $DC
        .byte   $F4
        lsr     $0F
        .byte   $FF
        .byte   $44
        bit     $56
        txa
        brk
        brk
        ldy     $DC
        .byte   $9E
        sty     $42
L3685:  and     #$20
        and     #$59
        and     #$69
        .byte   $39
L368C:  .byte   $BF
L368D:  rts

L368E:  jsr     L1F7B
        lda     #$02
        sta     $02C7
        lda     #$C4
        sta     $02C4
        lda     #$28
        sta     $02C6
        lda     #$60
        sta     $02C8
        sta     $D01A
        lda     #$00
        sta     $80
        lda     #$A4
        sta     $81
        lda     #$18
        sta     L98EF
        lda     #$00
L36B7:  sta     $8C
        ldy     #$1F
L36BB:  ldx     $8C
L36BD:  lda     L374B,x
        cmp     #$FF
        beq     L36CC
        ora     #$80
        sta     ($80),y
        iny
        inx
        bne     L36BD
L36CC:  tya
        sec
        sbc     #$24
        tay
        bcs     L36BB
        jsr     v21_73E7
        lda     $8C
        eor     #$08
        dec     L98EF
        bne     L36B7
        lda     #$16
        sta     L98EF
        lda     #$00
        sta     L368D
L36E9:  lda     L368D
        cmp     L368C
        bcs     L36FD
        sed
        adc     #$01
        sta     L368D
        cld
        dec     L98EF
        bne     L36E9
L36FD:  rts

L36FE:  lda     #$00
        pha
        lda     #$53
        pha
        lda     #$3C
        sta     L99D2
        lda     #$C0
        sta     $96
        lda     #$BB
        sta     $97
L3711:  lda     $96
        sec
        sbc     #$28
        sta     $96
        lda     $97
        sbc     #$00
        sta     $97
        jsr     v09_733D
        jsr     v09_733D
        ldy     #$27
L3726:  lda     ($96),y
        and     #$7F
        sta     ($96),y
        dey
        bpl     L3726
        dec     L98EF
        bpl     L3711
        ldx     #$03
        ldy     #$17
L3738:  lda     L9813,x
        clc
        adc     #$63
        sta     ($96),y
        dey
        sec
        sbc     #$10
        sta     ($96),y
        dey
        dex
        bpl     L3738
        rts

L374B:  adc     L6F6E
        brk
        adc     L6F6E
        .byte   $FF
        bvs     L37C6
        .byte   $72
        brk
        bvs     L37CA
        .byte   $72
        .byte   $FF
L375B:  lda     #$01
        sta     L9A46
        inc     L98ED
        lda     $02A7
        cmp     #$03
        bne     L3776
        lsr     $12
        ror     $13
        ror     $14
        lsr     $12
        ror     $13
        ror     $14
L3776:  lda     $13
        jsr     v30_73FF
        cmp     #$19
        bcc     L3781
        lda     #$19
L3781:  sta     L368C
        lda     $14
        lsr     a
        jsr     v30_73FF
        sta     L981A
        sed
        lda     #$99
        sec
        sbc     L981A
        sta     L981A
        ldx     $02A7
        lda     L3685,x
        sbc     L368C
        bcs     L37A4
        lda     #$00
L37A4:  sta     L9819
        cld
        jsr     L392E
L37AB:  jsr     L3628
        lda     L9A52
        beq     L37E9
        lda     #$00
        ldx     #$14
L37B7:  sta     L989A,x
        sta     L98B0,x
        dex
        bpl     L37B7
        jsr     v18_739C
        ldx     #$93
        .byte   $A0
L37C6:  rts

        lda     #$07
        .byte   $20
L37CA:  .byte   $5C
        cpx     $A2
        brk
        txa
L37CF:  sta     $B800,x
        inx
        cpx     #$90
        bcc     L37CF
        sta     L99C9
        lda     #$40
        sta     $D40E
        lda     #$42
        sta     $0230
        lda     #$06
        sta     $0231
L37E9:  jsr     v09_733D
        lda     #$41
        sta     $065F
        lda     #$42
        sta     $0660
        lda     #$06
        sta     $0661
        .byte   $AF
        .byte   $87
        sta     L488D,y
        txs
        .byte   $AF
        brk
        .byte   $1B
        stx     L9987
        .byte   $AF
        inc     $98,x
        sta     L9A49
        .byte   $AF
        ora     ($1B,x)
        stx     L98F6
        sta     L99D3
        lda     #$00
        sta     L98EE
        .byte   $20
        .byte   $66
L381D:  and     $AD,x
        lsr     $9A
        beq     L3829
        jsr     L368E
        jmp     L3834

L3829:  jsr     L3995
        lda     #$00
        sta     $02C8
        sta     $D01A
L3834:  jsr     v10_7388
        lda     #$07
        sta     L99D5
        ldx     #$00
        stx     L9AC5
        stx     L9A3A
        stx     $02C0
        stx     $02C1
        stx     $D01E
        stx     L9947
        stx     L9A45
        stx     L9A47
        stx     L9905
        stx     L9977
        stx     L9A3C
        stx     L9A3D
        stx     L9A3E
        stx     L990C
        stx     L999E
        .byte   $8E
L386C:  adc     $9A
        stx     L98E8
        inx
        stx     L98F5
        stx     L98EE
        stx     L990B
        stx     L98F9
        inx
        stx     $02A4
        lda     #$0A
        sta     L98FB
        lda     #$88
        sta     L98F7
        lda     #$17
        sta     L996F
        sta     L9909
        jsr     L3566
        lda     L9A46
        bne     L38B5
        lda     L9A52
        beq     L38B8
        jsr     v25_7023
L38A4:  lda     $D20A
        sta     $D018
        ldx     L99A9
        bne     L38A4
        stx     L9A52
        jmp     L38D9

L38B5:  jsr     L36FE
L38B8:  lda     #$00
        sta     L99C2
        ldx     L98F1
        lda     L3992,x
        sta     L99C3
        lda     #$5F
        .byte   $8D
L38C9:  cmp     ($99,x)
L38CB:  lda     $D40B
        adc     L99C4
        sta     $D018
        ldx     L99C1
        bne     L38CB
L38D9:  stx     $022F
        lda     #$40
        sta     $D40E
        jsr     v09_733D
        lda     $02A5
        beq     L38EC
        jmp     v19_54E3

L38EC:  jmp     v38_74BC

L38EF:  lda     #$00
        sta     $0610
        lda     #$B8
        sta     $0611
        ldy     #$00
L38FB:  ldx     L98EE
        bne     L3910
        tya
        lsr     a
        ldx     #$06
L3904:  dex
        bmi     L3910
        cmp     L3928,x
        bne     L3904
        lda     #$30
        bne     L3912
L3910:  lda     #$28
L3912:  clc
        adc     $0610,y
        sta     $0612,y
        lda     $0611,y
        .byte   $69
L391D:  brk
        sta     $0613,y
        iny
        iny
        cpy     #$30
        bcc     L38FB
        rts

L3928:  ora     ($05,x)
        ora     #$02
        asl     $0A
L392E:  .byte   $A2
L392F:  .byte   $03
        lda     L981A
        jsr     v20_7412
        ldx     #$02
        lda     L9819
        jsr     v20_7412
        ldy     #$03
        ldx     #$01
        stx     L98F1
L3945:  lda     L9819,x
        and     #$0F
        jsr     L395D
        dey
        lda     L9819,x
        lsr     a
        lsr     a
        lsr     a
        lsr     a
        jsr     L395D
        dey
        dex
        bpl     L3945
        rts

L395D:  clc
        adc     #$10
        sta     L9813,y
        rts

L3964:  ldx     #$04
        lda     L9CA6
        adc     #$04
        and     #$0C
        sta     L9CA6
        clc
        adc     #$03
        tay
L3974:  lda     L3982,y
        sta     L9812,x
        dey
        dex
        bne     L3974
        stx     L98F1
        rts

L3982:  and     ($72,x)
        .byte   $67
        pla
        .byte   $2F
        adc     $63,x
        pla
        and     ($6C,x)
        adc     ($73,x)
        bmi     L39F9
        .byte   $74
        .byte   $79
L3992:  eor     $40
        .byte   $92
L3995:  lda     #$00
        sta     L98F4
        lda     #$A5
        sta     L98F3
        lda     #$40
        sta     L98F2
L39A4:  sta     $80
        lda     L98F3
        sta     $81
        ldx     L98F4
        lda     L9813,x
        bpl     L39B4
        rts

L39B4:  jsr     L39CA
        inc     L98F4
        lda     L98F2
        clc
        adc     #$08
        sta     L98F2
        bcc     L39A4
        inc     L98F3
        bne     L39A4
L39CA:  ldx     #$00
        stx     $83
        ldy     #$03
L39D0:  asl     a
        rol     $83
        dey
        bne     L39D0
        sta     $82
        lda     #$E0
        clc
        adc     $83
        sta     $83
        ldx     #$00
L39E1:  lda     #$80
        .byte   $85
L39E4:  sty     a:$A9
        sta     $90
L39E9:  txa
        tay
        lda     ($82),y
        and     $8C
        beq     L39F3
        lda     #$01
L39F3:  ldy     $90
        sta     ($80),y
        inc     $90
L39F9:  lsr     $8C
        bcc     L39E9
        jsr     v21_73E7
        inx
        cpx     #$08
        .byte   $90
L3A04:  .byte   $DC
        rts

L3A06:  lda     #$A4
        sta     $81
        lda     #$C8
        sta     $80
        lda     #$06
        sta     L98EF
L3A13:  ldy     #$27
L3A15:  lda     L98EF
        beq     L3A1F
        lda     $D20A
        and     #$02
L3A1F:  clc
        adc     #$56
        sta     ($80),y
        dey
        sec
        sbc     #$01
        sta     ($80),y
        dey
        bpl     L3A15
        lda     $80
        clc
        adc     #$78
        sta     $80
        bcc     L3A38
        inc     $81
L3A38:  dec     L98EF
        bpl     L3A13
        lda     L98ED
        cmp     #$0B
        bcc     L3A46
        lda     #$0A
L3A46:  sta     L98EF
L3A49:  ldx     L98EF
        lda     L3A62,x
        clc
        adc     #$48
        sta     $80
        lda     #$A7
        adc     #$00
        sta     $81
        jsr     L3A6D
        dec     L98EF
        bne     L3A49
L3A62:  rts

        ora     $0519
        and     ($01,x)
        and     $09
        ora     $1511,x
L3A6D:  .byte   $A9
L3A6E:  .byte   $54
        ldy     #$2A
L3A71:  sta     ($80),y
        sec
        sbc     #$01
        dey
        bpl     L3A7A
        rts

L3A7A:  cpy     #$27
        bne     L3A71
        ldy     #$02
        bne     L3A71
L3A82:  lda     $0206
        cmp     #$18
        bcc     L3A8D
        cmp     #$28
        bcc     L3A90
L3A8D:  nop
        nop
        nop
L3A90:  lda     L9A52
        beq     L3A98
        jmp     L3A06

L3A98:  lda     #$9F
        sta     $A720
        sta     $A6F9
        sta     $A516
        sta     $A4EF
        lda     #$A1
        sta     $A4C8
        sta     $A4F1
        sta     $A71E
        sta     $A747
        lda     L0054
        sta     L3B72
        .byte   $A9
L3ABA:  ldy     #$A2
        .byte   $23
L3ABD:  sta     $A51A,x
        sta     $A6FA,x
        dex
        bpl     L3ABD
        lda     #$19
        sta     $80
        lda     #$A5
        sta     $81
        ldx     #$0C
L3AD0:  lda     #$A2
        ldy     #$00
        sta     ($80),y
        ldy     #$24
        sta     ($80),y
        jsr     v21_73E7
        dex
        bne     L3AD0
        lda     #$A3
        sta     $A53D
        lda     $02A7
        cmp     #$03
        bne     L3B27
        lda     #$C8
        sta     $80
        lda     #$A4
        sta     $81
        lda     #$00
        sta     $82
        lda     #$A4
        sta     $83
        lda     #$10
L3AFE:  sta     L98EF
L3B01:  ldy     #$27
L3B03:  lda     ($80),y
        sta     ($82),y
        dey
        bpl     L3B03
        jsr     v21_73E7
        lda     $82
        clc
        adc     #$28
        sta     $82
        bcc     L3B18
        inc     $83
L3B18:  dec     L98EF
        bne     L3B01
        ldy     #$C8
        lda     #$00
L3B21:  sta     $A67F,y
        dey
        bne     L3B21
L3B27:  ldx     $02A7
        lda     L1EC5,x
        sta     L9A4E
L3B30:  jsr     L48B4
        lda     L98EE
        beq     L3B48
        .byte   $AD
        .byte   $A7
L3B3A:  .byte   $02
        cmp     #$03
        bcc     L3B48
        lda     #$40
        sta     L3C29
        lda     #$3E
        bne     L3B4F
L3B48:  lda     #$72
        sta     L3C29
        lda     #$3D
L3B4F:  sta     L3C2A
        ldx     L9A4E
        jsr     L3C28
        sta     L9A4F
        inc     L9A4E
L3B5E:  ldx     L9A4E
        jsr     L3C28
        bne     L3B73
        lda     L98EE
        beq     L3B72
        lda     $02A7
        cmp     #$01
        beq     L3BD1
L3B72:  rts

L3B73:  asl     a
        tay
        inx
L3B76:  jsr     L3C28
        sta     $80
        inx
        jsr     L3C28
        sta     $81
        inx
        stx     L9A4E
        lda     L3D3C,y
        sta     $82
        lda     L3D3D,y
        sta     $83
        lda     L3D3E,y
        sta     L9A50
        lda     L3D3F,y
        sta     L9A51
        ldy     #$00
L3B9D:  sty     $90
        ldy     #$00
        lda     ($82),y
        ldy     $90
        cmp     #$FE
        bne     L3BB0
        jsr     v21_73E7
        ldy     #$00
        beq     L3BBA
L3BB0:  cmp     #$FF
        bne     L3BB7
        lda     L9A4F
L3BB7:  sta     ($80),y
        iny
L3BBA:  inc     $82
        bne     L3BC0
        inc     $83
L3BC0:  lda     $82
        cmp     L9A50
        bne     L3B9D
        lda     $83
        cmp     L9A51
        bne     L3B9D
        jmp     L3B5E

L3BD1:  lda     #$A3
        sta     $80
        lda     #$A4
        sta     $81
        ldx     #$11
L3BDB:  ldy     #$00
        sty     $8C
L3BDF:  lda     ($80),y
        bne     L3BF7
L3BE3:  lda     $D20A
        bmi     L3BEF
        and     #$01
        clc
        adc     #$2A
        bne     L3BF1
L3BEF:  lda     #$29
L3BF1:  ora     $8C
        sta     ($80),y
        bne     L3C0D
L3BF7:  and     #$7F
        cmp     #$29
        bcc     L3BE3
        cmp     #$30
        bne     L3C05
        lda     #$80
        sta     $8C
L3C05:  cmp     #$34
        bcc     L3C0D
        cmp     #$39
        bcc     L3C12
L3C0D:  iny
        cpy     #$19
        bcc     L3BDF
L3C12:  jsr     v21_73E7
        dex
        bne     L3BDB
        lda     #$2E
        .byte   $8D
        .byte   $AB
L3C1C:  lda     $A9
        bit     $3B8D
        .byte   $A7
        lda     #$BD
        .byte   $8D
        clc
L3C26:  .byte   $A7
        rts

L3C28:  .byte   $BD
L3C29:  .byte   $72
L3C2A:  and     $FF60,x
        .byte   $FF
L3C2E:  .byte   $FF
        inc     $FFFF,x
        .byte   $FF
        inc     $0400,x
        .byte   $89
        inc     $0400,x
        .byte   $FE
L3C3B:  brk
L3C3C:  .byte   $04
        inc     $A4A0,x
        inc     $0400,x
        inc     $0400,x
        inc     $0605,x
        .byte   $07
        php
        asl     a
        asl     a
        asl     a
        asl     a
        asl     a
        inc     $A0A0,x
        ldy     $0A
        asl     a
        asl     a
        .byte   $8B
        sty     L8DFE
        stx     $F5F4
        adc     $66
        .byte   $67
        .byte   $63
        .byte   $64
        .byte   $FE
L3C64:  pla
        adc     #$6A
        .byte   $6B
        jmp     (L7271)

        adc     L7066
        inc     L6800,x
L3C71:  adc     #$6A
        .byte   $6F
        sta     $96,x
        inc     L9494,x
        inc     L9494,x
        .byte   $FE
        .byte   $94
L3C7E:  sty     $9E,x
        sta     ($91),y
        sta     ($91),y
        sta     ($8F),y
        inc     $A5A5,x
        .byte   $A0
L3C8A:  ldy     #$A0
L3C8C:  ldx     $A6
        inc     L9797,x
        brk
        brk
        brk
        bcc     L3C26
        inc     L9797,x
        brk
        brk
        brk
        bcc     L3C2E
        inc     a:$97,x
        brk
        brk
        brk
        bcc     L3CB7
        ora     ($17),y
        inc     $1918,x
        .byte   $1A
        .byte   $1B
        inc     L1D1C,x
        ora     $FE1E,x
        .byte   $1C
L3CB4:  ora     L1E1D,x
L3CB7:  inc     L1D1C,x
        ora     $FE1E,x
        .byte   $1F
        jsr     L2221
        ora     ($11),y
        .byte   $17
        inc     $1918,x
        .byte   $1A
        .byte   $1B
        inc     L1D1C,x
        ora     $FE1E,x
        .byte   $1C
        ora     L1E1D,x
        inc     L201F,x
        and     ($22,x)
        .byte   $92
        .byte   $93
        sta     ($8F),y
        inc     L9797,x
        bcc     L3C71
        inc     L9997,x
        bcc     L3C7E
        txs
        .byte   $9B
        .byte   $9C
        sta     L90FE,x
        bcc     L3C7E
L3CEE:  bcc     L3CEE
        bcc     L3C8A
        bcc     L3C8C
        plp
        plp
        plp
        plp
        plp
        plp
        plp
        plp
        inc     L2727,x
        ora     ($01,x)
        ora     ($01,x)
        .byte   $27
        .byte   $27
        inc     L2727,x
        ora     ($01,x)
        ora     ($01,x)
        .byte   $27
        .byte   $27
        inc     L2727,x
        brk
        brk
        brk
        brk
        .byte   $27
        .byte   $27
        bit     $FE2D
        .byte   $2E
        .byte   $2F
L3D1C:  and     $FE3A,y
        .byte   $3B
        .byte   $3C
        bmi     L3D54
        .byte   $32
        .byte   $33
        .byte   $34
        and     $30,x
        and     ($32),y
        sec
L3D2B:  ldx     $B7,y
        .byte   $04
        inc     $FEA4,x
        .byte   $04
        inc     $0408,x
        .byte   $FE
        .byte   $04
L3D37:  ror     a
        .byte   $6B
        inc     L6D6C,x
L3D3C:  brk
L3D3D:  brk
L3D3E:  .byte   $2C
L3D3F:  .byte   $3C
        .byte   $47
        .byte   $3C
        lsr     a
        .byte   $3C
        .byte   $4B
        .byte   $3C
        .byte   $54
        .byte   $3C
        .byte   $57
        .byte   $3C
        .byte   $5C
        .byte   $3C
        lsr     L693C,x
        .byte   $3C
        .byte   $74
        .byte   $3C
        .byte   $7F
        .byte   $3C
L3D54:  lda     $3C
        cmp     ($3C,x)
        cld
        .byte   $3C
        inc     $3C
        .byte   $F4
        .byte   $3C
        .byte   $17
        and     L3D1C,x
        and     ($3D,x)
        and     $3D
        .byte   $27
        and     L3D2B,x
        and     L343D
L3D6D:  and     L3D37,x
        .byte   $3C
        and     $0D02,x
        .byte   $03
        .byte   $BB
        .byte   $0C
        cpx     #$BA
        ora     $BB0D
L3D7C:  ora     $BB13
        ora     $BB1F
        .byte   $0C
        .byte   $FC
        tsx
        brk
L3D86:  .byte   $02
        .byte   $0C
        .byte   $DB
        tsx
        .byte   $0C
        .byte   $DF
        tsx
        ora     $BB0C
        ora     $BB14
        .byte   $0C
        .byte   $FA
        tsx
        brk
        .byte   $02
        ora     $BB03
        .byte   $0C
        cpx     #$BA
        ora     $BB14
        .byte   $0C
        sbc     $BA,y
        .byte   $02
        ora     $BB04
        .byte   $0C
        .byte   $E3
L3DAB:  tsx
        ora     $BB23
        brk
        .byte   $02
        ora     ($32,x)
L3DB3:  ldx     $02
        .byte   $72
        .byte   $A7
        asl     a
        .byte   $87
        ldx     $0E
        .byte   $27
        .byte   $A7
        asl     a
        .byte   $9E
        .byte   $A6
L3DC0:  .byte   $0F
        .byte   $3C
        .byte   $A7
        asl     a
        .byte   $A3
        ldx     $0F
        eor     (L00A7,x)
        asl     $C3
        .byte   $A5
L3DCC:  .byte   $0B
        cpx     #$A6
        bpl     L3D7C
        lda     L0000
        .byte   $02
        .byte   $12
        .byte   $AB
        ldy     $12
        ldx     $12A4
        cld
        ldy     $11
        .byte   $43
        lda     $11
        and     ($A5,x)
        ora     ($77),y
        lda     $11
        .byte   $C2
        lda     $11
        sbc     $11A5,y
        sbc     $A5
        ora     ($3C),y
        ldx     $11
        .byte   $93
        ldx     $11
        adc     #$A6
        ora     ($AE),y
        ldx     $11
        cmp     $11A6,x
        .byte   $FC
        ldx     $11
        bpl     L3DAB
        bpl     L3DB3
        lda     $13
        .byte   $A3
        ldy     $13
        .byte   $CF
        ldy     $13
        .byte   $FB
        .byte   $A4
L3E10:  .byte   $13
        .byte   $27
        lda     $13
        .byte   $53
        lda     $15
        .byte   $7F
        lda     $14
        bcs     L3DC0
        .byte   $14
        .byte   $DA
        ldy     $14
        .byte   $04
        lda     $16
        rol     $14A5
        cli
        lda     $0A
        adc     $A6,x
        asl     $A715
        ora     $C9
        ldx     $17
        .byte   $F2
        ldx     L0000
        .byte   $03
L3E36:  bpl     L3DCC
        lda     $0A
        .byte   $87
        ldx     $0E
L3E3D:  .byte   $27
L3E3E:  .byte   $A7
        brk
        .byte   $03
        bpl     L3E10
        ldy     $0A
L3E45:  cmp     ($A5,x)
        asl     $A661
        ora     ($8A,x)
        lda     $03
        .byte   $CB
        ldx     $06
        cpx     $A4
        asl     a
        cmp     $A5,x
        .byte   $0F
        .byte   $73
        ldx     $08
L3E5A:  .byte   $B5
L3E5B:  ldx     $08
        sed
        ldx     $08
L3E60:  .byte   $0F
        .byte   $A7
        php
        .byte   $17
        .byte   $A7
        php
        lsr     L00A7,x
        php
        eor     $09A7,x
        .byte   $AB
        ldx     $09
        ldx     $09A6,y
        ora     (L00A7,x)
        ora     #$09
        .byte   $A7
        ora     #$4C
        .byte   $A7
        ora     #$6A
        .byte   $A7
        .byte   $07
        .byte   $D2
        ldx     $07
        .byte   $E2
        ldx     $07
        sbc     $A6
        .byte   $07
        .byte   $25
L3E88:  .byte   $A7
        .byte   $07
        plp
        .byte   $A7
        .byte   $07
        bmi     L3E36
        .byte   $07
        .byte   $3C
        .byte   $A7
        .byte   $07
        .byte   $44
        .byte   $A7
        .byte   $07
        .byte   $73
        .byte   $A7
        .byte   $07
        .byte   $83
        .byte   $A7
        .byte   $07
        txa
        .byte   $A7
        .byte   $07
        sta     (L00A7),y
        brk
        .byte   $03
        bpl     L3E45
        lda     $0A
        .byte   $83
        ldx     $0B
        cld
        ldx     $0A
        .byte   $93
        ldx     $0E
        .byte   $23
        .byte   $A7
        .byte   $0F
        and     (L00A7),y
        .byte   $04
        .byte   $EB
        ldx     $02
        sty     $01A7
        .byte   $52
        ldx     $02
L3EBF:  .byte   $92
        .byte   $A7
        clc
        and     a:L00A7,x
        .byte   $02
        bpl     L3E60
        lda     $01
        .byte   $32
        ldx     $03
        .byte   $73
        .byte   $A7
        asl     a
        stx     $A6
        asl     $A726
        ora     ($41,x)
        ldx     $03
        .byte   $82
        .byte   $A7
        asl     a
        stx     $0FA6
        bit     $19A7
        bcc     L3E88
        ora     $A494,y
        ora     $A498,y
        brk
L3EEB:  dec     L991E
        bpl     L3F51
        lda     #$0E
        sta     L991E
        lda     L991D
        beq     L3F0B
        lda     $14
        and     #$10
        beq     L3F02
        lda     #$4C
L3F02:  sta     $02C0
        sta     $02C1
        jmp     L3F56

L3F0B:  lda     L98F6
        cmp     #$4A
        bcc     L3F29
        adc     #$07
        sta     L991A
        lda     L9987
        adc     #$08
        sta     L9919
        jsr     v17_7676
        bmi     L3F29
        jsr     L336A
        bpl     L3F30
L3F29:  lda     #$00
        .byte   $8D
        .byte   $1F
L3F2D:  sta     $21F0,y
L3F30:  lda     L991F
        bne     L3F51
        .byte   $A9
L3F36:  .byte   $01
L3F37:  sta     $8C
        sta     L991D
L3F3C:  ldy     #$02
        lda     #$00
L3F40:  sta     ($80),y
        dey
        bpl     L3F40
L3F45:  jsr     v21_73E7
        dec     $8C
        bpl     L3F3C
        lda     #$08
        sta     L99C8
L3F51:  lda     L991D
        beq     L3F9C
L3F56:  .byte   $AD
L3F57:  sty     $02
        bne     L3F9C
        lda     L98F6
        cmp     #$4A
        bcc     L3F9C
        sta     L991A
        lda     L9987
        adc     #$04
        sta     L9919
        jsr     v17_7676
        bmi     L3F9C
        ldy     #$02
L3F74:  lda     ($80),y
        bne     L3F9C
        dey
        bpl     L3F74
        ldy     #$2A
L3F7D:  lda     ($80),y
L3F7F:  bne     L3F9C
        dey
        cpy     #$27
        bne     L3F7D
        sta     L991D
        sta     $02C0
        sta     $02C1
        jsr     L3A6D
        lda     #$01
        sta     L991F
        lda     #$08
        sta     L99C8
L3F9C:  rts

L3F9D:  dec     L9A75
        bpl     L3FAC
        lda     #$0E
        sta     L9A75
        lda     L9A79
        bne     L3FAD
L3FAC:  rts

L3FAD:  ldx     #$02
        cmp     #$31
        bcc     L3FC4
        cmp     #$CD
        bcc     L3FC7
        tay
        lda     $D20A
        ora     #$FE
        .byte   $8D
        .byte   $7C
L3FBF:  txs
        eor     #$01
        tax
        tya
L3FC4:  stx     L9A7A
L3FC7:  ldx     #$03
        clc
        adc     L9A7A
        sta     L9A79
        clc
L3FD1:  sta     $D004,x
        adc     #$02
        dex
        bpl     L3FD1
        jsr     L406C
        cpy     #$50
        bcs     L3FEB
        lda     L9A7C
        bpl     L3FEB
        lda     #$00
        sta     L9A79
        rts

L3FEB:  cpy     #$E0
        bcc     L3FFE
        lda     $D20A
        ora     #$FE
        sta     L9A7C
        eor     #$FE
        tax
        inx
        stx     L9A7A
L3FFE:  .byte   $AD
        .byte   $7B
L4000:  txs
        clc
        adc     L9A7C
        sta     L9A7B
        tay
        lda     L9A7D
        lsr     a
        and     #$38
        cmp     #$28
        bcs     L4016
        inc     L9A7D
L4016:  tax
L4017:  lda     #$08
        sta     $8C
L401B:  lda     L41B7,x
        .byte   $99
        brk
L4020:  .byte   $A3
        iny
        inx
        dec     $8C
        bne     L401B
        lda     L9A7B
        cmp     #$40
        bcc     L4067
        .byte   $69
L402F:  .byte   $03
        sta     L991A
        lda     L9A79
        adc     #$04
        .byte   $8D
L4039:  ora     L2099,y
        .byte   $33
        .byte   $93
        bmi     L4067
        pha
        ldx     #$02
        lda     L9A76
        bpl     L404A
L4048:  ldx     #$00
L404A:  pla
        cmp     L4068,x
        beq     L4058
        cmp     L4069,x
        bne     L4067
        jsr     v22_73F3
L4058:  txa
        eor     #$02
        tax
        lda     L4068,x
        sta     ($80),y
        iny
        lda     L4069,x
        sta     ($80),y
L4067:  rts

L4068:  .byte   $55
L4069:  lsr     $57,x
        cli
L406C:  ldy     L9A7B
        lda     #$00
        ldx     #$08
L4073:  sta     $A300,y
        iny
        dex
        bne     L4073
        rts

        dec     $02C5
        dec     L9A80
        bpl     L409E
        lda     #$0C
        sta     L9A80
        ldx     #$17
L408A:  lda     L81F8,x
        tay
        lda     L8210,x
        sta     L81F8,x
        tya
        sta     L8210,x
        dex
        bpl     L408A
L409B:  jmp     L4149

L409E:  lda     L9A80
        and     #$03
        bne     L409B
        lda     L9A81
        clc
        adc     L9A82
        cmp     #$FF
        beq     L40BA
        cmp     #$08
        bne     L40C0
        lda     #$06
        ldx     #$FF
        bmi     L40BD
L40BA:  lda     #$01
        tax
L40BD:  stx     L9A82
L40C0:  sta     L9A81
        sta     $D405
        dec     L9A7F
        bpl     L4140
        lda     #$0F
        sta     L9A7F
        ldx     #$00
L40D2:  lda     $B804,x
        sta     $B800,x
        lda     $B834,x
        sta     $B830,x
        lda     $B864,x
        sta     $B860,x
        inx
        cpx     #$2C
        bcc     L40D2
        lda     $D20A
        bmi     L4100
        ldx     #$03
        lda     #$00
L40F2:  sta     $B82C,x
        sta     $B85C,x
        sta     $B88C,x
        dex
        bpl     L40F2
        bmi     L4140
L4100:  lda     L9A7E
        eor     #$80
        sta     L9A7E
        ldx     #$03
L410A:  lda     L41AB,x
        ora     L9A7E
        sta     $B82C,x
        lda     L41AF,x
        ora     L9A7E
        sta     $B85C,x
        lda     L41B3,x
        ora     L9A7E
        sta     $B88C,x
        dex
        bpl     L410A
        lda     $D20A
        bmi     L4140
        lda     #$42
        ora     L9A7E
        sta     $B82E
        clc
        adc     #$01
        sta     $B82F
        adc     #$01
        sta     $B85F
L4140:  lda     L9A7F
        sta     $D40A
        sta     $D404
L4149:  lda     L9A79
        bne     L41A6
        lda     $D20A
        and     #$1F
        tax
        lda     $B838,x
        tay
        and     #$7F
        cmp     #$4E
        bne     L41A6
        tya
        and     #$80
        sta     L9A77
        ora     #$47
        sta     $B838,x
        lda     L9A77
        ora     #$49
        sta     $B867,x
        lda     L9A77
        clc
        rol     a
        rol     a
        tay
        lda     L41A9,y
        sta     L9A76
        lda     #$2C
        clc
        adc     L9A81
        sta     L9A7B
        ldy     #$02
        sty     L9A7C
        ldy     #$00
        sty     L9A7D
        ldy     #$FE
        sty     L9A7A
        txa
        asl     a
        asl     a
        adc     #$3C
        adc     L9A7F
        sta     L9A79
        lda     #$0F
        sta     L99C9
L41A6:  jmp     v32_5CEC

L41A9:  .byte   $80
        rti

L41AB:  rol     L3F45,x
        rti

L41AF:  lsr     $4E
        pha
        .byte   $41
L41B3:  eor     L4B4A
        .byte   $4C
L41B7:  ora     ($02,x)
        .byte   $04
L41BA:  php
        bpl     L41DD
        rti

L41BE:  .byte   $80
        ora     ($02,x)
        .byte   $04
        php
        bpl     L4225
        cpx     #$C0
        ora     ($02,x)
        .byte   $04
        clc
        sei
        beq     L41BE
        cpx     #$01
        asl     $6E
L41D2:  .byte   $FC
        sed
        .byte   $FC
        .byte   $FC
        sed
        rts

        inc     $FE,x
        sed
        .byte   $FE
        .byte   $FF
L41DD:  inc     L60F8,x
L41E0:  beq     L41D2
        inc     $FF
        .byte   $FF
        inc     L70F8,x
        beq     L425A
        .byte   $64
        ldy     #$B8
        .byte   $74
        brk
        clv
        .byte   $34
        .byte   $34
        cpy     $A0
        clv
        cpy     $A0
        clv
        sty     $84
        sty     $84
L41FC:  sty     $84
        sty     $84
        sty     $84
        sty     $84
        sty     $84
        sty     $84
        sty     $84
        sty     $41
        .byte   $E7
        .byte   $41
L420E:  .byte   $0F
        .byte   $32
        brk
        .byte   $B2
L4212:  bpl     L4234
        brk
L4215:  ora     $0A
        ora     L2828,y
        plp
        plp
        plp
L421D:  php
        bpl     L4234
        clc
        clc
        clc
        clc
        clc
L4225:  .byte   $52
        lsr     L3466,x
        jmp     L3C64

        bvc     L41BA
        cli
        .byte   $74
        jmp     (L5C40)

        sec
L4234:  dey
L4235:  rti

        rti

        pha
        rts

        cli
        pla
        .byte   $80
        sei
        .byte   $80
        bcc     L41E0
        tya
        tay
        bcs     L41FC
        clv
L4245:  brk
        brk
        brk
        brk
        .byte   $02
        .byte   $03
        .byte   $1F
        ror     L32BC,x
        rts

        .byte   $80
        brk
        brk
        brk
        brk
        brk
        brk
        brk
        brk
        rti

L425A:  cpy     #$F8
        ror     L4C3D,x
        asl     $01
        brk
        brk
        brk
        brk
L4265:  brk
        brk
        brk
        brk
        plp
        sec
        tsx
        .byte   $54
        sec
        sec
        sec
        .byte   $54
        brk
        brk
        brk
        brk
        brk
        brk
        brk
        brk
        brk
        brk
        brk
        plp
        sec
        sec
        bpl     L42FD
        tsx
        sec
        .byte   $54
        brk
L4285:  dec     L99E2
        bmi     L428B
L428A:  rts

L428B:  lda     #$04
        sta     L99E2
        dec     L99E3
        bpl     L42A4
        lda     L9A1C
        cmp     #$02
        bne     L429F
        jsr     L4670
L429F:  ldx     #$03
        stx     L99E3
L42A4:  ldx     L99E3
        lda     L99F8,x
        bmi     L428A
        beq     L4314
        lda     L9A53
        sta     L991B
        lda     L99FC,x
        jsr     v26_732D
        bne     L4301
        lda     L9A21,x
        cmp     #$88
        beq     L42D5
        lda     #$7C
        sta     L991B
        lda     L9A00,x
        jsr     v26_732D
        bne     L42DE
        lda     #$88
        sta     L9A21,x
L42D5:  lda     L9A00,x
        cmp     #$90
        bcs     L42EF
        lda     #$01
L42DE:  clc
        adc     L9A00,x
        sta     L9A00,x
        asl     a
        sta     L9840,x
        jsr     L4661
        jmp     L492F

L42EF:  lda     #$80
        sta     L99F8,x
        lda     L9A1D,x
        clc
        adc     L99C8
        .byte   $8D
        iny
L42FD:  sta     $0C4C,y
        .byte   $45
L4301:  clc
        adc     L99FC,x
        jsr     L4652
        and     #$08
        beq     L430E
        lda     #$4F
L430E:  sta     L9840,x
        jmp     L4661

L4314:  txa
        eor     #$01
        tay
        lda     L99F8,y
        beq     L431F
        bpl     L4327
L431F:  lda     L9A14,x
        bne     L4328
        jmp     L438B

L4327:  rts

L4328:  cmp     #$10
        bne     L434C
        lda     L9A14,y
        cmp     #$10
        bne     L4327
        jsr     L44CD
        bcc     L4327
        ldy     L9A08,x
        lda     #$00
        sta     L9854,y
        .byte   $B9
L4341:  .byte   $44
        tya
        sta     L9A08,x
        jsr     L462B
        jmp     L4387

L434C:  jsr     L4661
L434F:  lda     L9A00,x
        sta     L991A
        lda     L9A04,x
        sta     L9874
        lda     L9A08,x
        sta     L9875
        ldy     #$03
        lda     #$00
L4365:  sta     L9870,y
        dey
        bpl     L4365
        jsr     v31_71F4
        jsr     L4845
        ldx     L99E3
        lda     L991A
        sta     L9A00,x
        jsr     L4519
        ldy     #$0F
L437F:  lda     L9864,y
        sta     ($82),y
        dey
        bpl     L437F
L4387:  dec     L9A14,x
        rts

L438B:  jsr     L4661
        ldy     L9A0C,x
        bpl     L43A0
        cpy     #$80
        beq     L439A
        jmp     L4490

L439A:  jsr     L4543
        jsr     L44F2
L43A0:  jsr     L44EB
        and     #$FE
        cmp     L4225,y
        bne     L4422
        lda     #$00
        sta     L99E4,x
        jsr     L44E1
        and     #$FC
        cmp     L4235,y
        bne     L4422
        lda     L9A18,x
        beq     L43FD
        lda     L9905
        bne     L43E3
        lda     L99FC,x
        sta     L9919
        lda     L9A00,x
        sta     L991A
        jsr     L4C7A
        sty     $90
        ldy     $02A3
        cmp     L4215,y
        bcs     L43E3
        lda     $90
        sta     L9A08,x
        bcc     L440D
L43E3:  dec     L9A18,x
        jsr     L4519
        lda     L9A18,x
        and     #$10
        tax
        ldy     #$00
L43F1:  lda     L4265,x
        sta     ($82),y
        inx
        iny
        cpy     #$10
        bcc     L43F1
        rts

L43FD:  tya
        sta     L9A08,x
        jsr     L44CD
        bcs     L440D
        lda     #$32
        sta     L9A18,x
        bne     L43E3
L440D:  lda     #$20
        sta     L9A14,x
        lda     #$80
        sta     L9A0C,x
        lda     #$FA
        sta     L9A18,x
        jsr     L450C
        jmp     L4618

L4422:  .byte   $BD
        .byte   $FC
L4424:  .byte   $99
        clc
L4426:  adc     L99E4,x
        jsr     L4652
        lda     L9A00,x
        clc
        adc     L9A04,x
        sta     L9A00,x
        cmp     #$C5
        bcs     L4475
        cmp     #$30
        bcs     L4443
        lda     #$01
        sta     L9A04,x
L4443:  dec     L99F4,x
        bpl     L445D
        lda     L99F0,x
        sta     L99F4,x
        lda     L9A04,x
        cmp     #$04
        beq     L445D
        inc     L9A04,x
        bne     L445D
        inc     L9A04,x
L445D:  jsr     L4519
        ldy     L99E4,x
        iny
        ldx     L4212,y
        ldy     #$00
L4469:  lda     L4245,x
        sta     ($82),y
        iny
        inx
        cpy     #$10
        bcc     L4469
        rts

L4475:  jsr     L450C
        lda     #$C5
        sta     L9A00,x
        ldy     L9A0C,x
        lda     #$00
        sta     L9854,y
        sta     L99E4,x
        sta     L9A04,x
        lda     #$FF
        sta     L9A0C,x
L4490:  ldy     #$FE
        lda     L99FC,x
        cmp     L9987
        bcc     L449C
        ldy     #$02
L449C:  tya
        cmp     L99E4,x
        beq     L44AD
        sta     L99E4,x
        lda     #$00
        sta     L99F0,x
        sta     L99EC,x
L44AD:  lda     L99FC,x
        clc
        adc     L99E4,x
        cmp     #$04
        bcs     L44BE
        jsr     L450C
        jmp     L470F

L44BE:  jsr     L4652
        jsr     L45ED
        bpl     L44CC
        jsr     L4519
        jsr     v23_71D1
L44CC:  rts

L44CD:  ldy     L9A08,x
        lda     L9844,y
        tay
        lda     L4225,y
        jsr     L45E4
        ldy     $02A3
        cmp     L421D,y
        rts

L44E1:  lda     L9A00,x
        cpy     #$03
        bcs     L44EA
        adc     #$04
L44EA:  rts

L44EB:  lda     L99FC,x
        sec
        sbc     #$0A
        rts

L44F2:  lda     L99BC
        bne     L450B
        lda     L99A9
        bne     L450B
        lda     $D20A
        and     #$1F
        adc     #$20
        sta     L99B5
        lda     #$12
        sta     L99B4
L450B:  rts

L450C:  jsr     L4519
        lda     #$00
        ldy     #$0F
L4513:  sta     ($82),y
        dey
        bpl     L4513
        rts

L4519:  txa
        lsr     a
        and     #$01
        clc
        adc     #$A6
        sta     $83
        lda     L9A00,x
        cmp     #$F0
        bcc     L452B
        lda     #$F0
L452B:  sta     $82
L452D:  rts

L452E:  lda     $0218,x
        eor     L4929,y
        sta     $8C
        lda     $01D3,y
        eor     L1F50,x
        ora     $8C
        beq     L452D
        rts

        .byte   $BB
        plp
L4543:  lda     L99FC,x
        ldy     #$90
        cmp     L9987
        bcc     L454F
        ldy     #$90
L454F:  sty     L4580
        lda     #$00
        sta     $8D
        lda     L9A10,x
        sta     $8F
        lda     L9A08,x
        sta     $8E
L4560:  lda     $D20A
        and     #$0F
        cmp     $8E
        beq     L4560
        sta     $90
        ldy     #$0F
L456D:  cpy     $8E
        beq     L4599
        cpy     $8F
        beq     L4599
        lda     L9854,y
        bne     L4599
        jsr     L44EB
        cmp     L4225,y
L4580:  bcc     L4599
        lda     L4225,y
        sta     L9919
        lda     L4235,y
        sta     L991A
        jsr     L4C7A
        cmp     $8D
        bcc     L4599
        sta     $8D
        sty     $90
L4599:  dey
        bpl     L456D
        lda     $90
        sta     L9A0C,x
        sta     L9A10,x
        tay
        lda     #$01
        sta     L9854,y
        jsr     L44EB
        and     #$FE
        sbc     L4225,y
        ldy     #$FF
        bcs     L45BA
        ldy     #$01
        eor     #$FF
L45BA:  lsr     a
        lsr     a
        lsr     a
        sta     L99F0,x
        tya
        sta     L99E4,x
        ldy     L9A0C,x
        jsr     L44E1
        sec
        sbc     L4235,y
        bcs     L45D2
        lda     #$00
L45D2:  lsr     a
        lsr     a
        lsr     a
        adc     L99F0,x
        sta     L99F0,x
        sta     L99F4,x
        lda     #$FC
        sta     L9A04,x
        rts

L45E4:  sec
        sbc     L9987
        bcs     L45EC
        eor     #$FF
L45EC:  rts

L45ED:  dec     L99F0,x
        bpl     L4617
        lda     #$05
        sta     L99F0,x
        dec     L99EC,x
        lda     L99EC,x
        bpl     L4604
        lda     #$02
        sta     L99EC,x
L4604:  clc
        .byte   $69
L4606:  ora     ($BC,x)
        cpx     $99
        bne     L460E
        adc     #$06
L460E:  bpl     L4612
        adc     #$03
L4612:  sta     L99E8,x
        lda     #$FF
L4617:  rts

L4618:  ldy     L9A08,x
        lda     L4235,y
        sta     L9A00,x
        lda     #$FF
        cpy     #$03
        bcs     L4644
        lda     #$01
        bcc     L4644
L462B:  ldy     L9A08,x
        lda     #$F8
        cpy     #$03
        bcs     L4636
        lda     #$08
L4636:  adc     L4235,y
        sta     L9A00,x
        lda     #$01
        cpy     #$03
        bcs     L4644
        lda     #$FF
L4644:  sta     L9A04,x
        lda     #$00
        sta     L99E4,x
        lda     L4225,y
        clc
        adc     #$0A
L4652:  sta     L99FC,x
        cpx     #$02
        bcs     L465D
        sta     L9A68
        rts

L465D:  sta     L9A64
        rts

L4661:  lda     L9840,x
        cpx     #$02
        bcs     L466C
        sta     L9A6A
        rts

L466C:  sta     L9A66
        rts

L4670:  ldx     #$02
L4672:  lda     L99F8,x
        bpl     L467C
        lda     L99F9,x
        bmi     L4681
L467C:  dex
        dex
        bpl     L4672
L4680:  rts

L4681:  txa
        eor     #$02
        tay
        lda     L99F8,y
        bne     L4680
        lda     L99F9,y
        bne     L4680
        lda     L9A14,y
        cmp     #$10
        beq     L4697
        iny
L4697:  lda     #$80
        sta     L99F8,y
        lda     #$00
        sta     L99F8,x
        lda     L9A08,y
        sta     L9A08,x
L46A7:  lda     L420E,y
        sta     L9840,x
        jsr     L450C
        jmp     L462B

L46B3:  inc     $9B,x
        ldy     $D21E
        .byte   $43
        cli
        bvs     L46A7
        .byte   $6F
        dex
        and     #$D7
        eor     ($48),y
        .byte   $03
        adc     $BFCD,y
        ldy     #$E1
        .byte   $64
        .byte   $23
        sta     $2D
        asl     L5BF6
        dex
        .byte   $97
        sta     ($34,x)
L46D3:  ldy     #$00
        lda     $02A3
        and     #$03
        asl     a
        asl     a
        asl     a
        tax
L46DE:  lda     L46B3,x
        lsr     a
        lsr     a
        lsr     a
        lsr     a
        jsr     L4706
        iny
        lda     L46B3,x
        and     #$0F
        jsr     L4706
        inx
        iny
        cpy     #$10
        bcc     L46DE
        ldx     #$03
L46F9:  .byte   $20
L46FA:  .byte   $0F
        .byte   $47
        lda     L420E,x
        sta     L9840,x
        dex
        bpl     L46F9
        rts

L4706:  sta     L9844,y
        lda     #$00
        sta     L9854,y
        rts

L470F:  lda     #$00
        sta     L99F8,x
        sta     L99E8,x
        lda     #$80
        sta     L9A0C,x
        sta     L9A10,x
L471F:  lda     $D20A
        and     #$0F
        sta     L9A08,x
        tay
        lda     L9854,y
        bne     L471F
        lda     #$01
        sta     L9854,y
        jsr     L462B
        lda     #$10
        sta     L9A14,x
        rts

L473B:  lda     L9A3A
        bne     L4752
        dec     L9A70
        bpl     L4757
        lda     L9905
        bne     L47B9
        ldx     #$10
        stx     L9A70
L474F:  dex
        bpl     L4758
L4752:  lda     #$FF
        sta     L9A71
L4757:  rts

L4758:  lda     L98F6
        cpx     #$03
        bcs     L4763
        adc     #$06
        bcc     L4765
L4763:  sbc     #$06
L4765:  and     #$FC
        cmp     L4235,x
        bne     L474F
        lda     L9987
        cmp     L4225,x
        bcc     L474F
        sbc     #$09
        cmp     L4225,x
        bcs     L474F
        cpx     L9A71
        beq     L4757
        lda     $0284
        bne     L4752
        lda     #$FF
        cpx     #$03
        bcs     L478D
        lda     #$01
L478D:  sta     L98F5
        stx     L9A71
        lda     #$1F
        sta     L9905
        lda     #$17
        sta     L996F
        sta     L9909
        lda     #$00
        sta     L9977
        sta     L9947
        lda     L4225,x
        clc
        adc     #$0A
        sta     $D000
        lda     #$00
        sta     $D001
        jsr     v24_70B6
L47B9:  lda     #$18
        sta     L9A70
        lda     L9905
        cmp     #$10
        bne     L480A
        jsr     v24_70B6
        ldx     L9A71
        ldy     L9844,x
        sty     L9A71
        ldx     #$00
        stx     L9947
        stx     L990A
        inx
        lda     #$06
        cpy     #$03
        bcs     L47E4
        ldx     #$FF
        lda     #$00
L47E4:  stx     L98F5
        sta     L98FB
        lda     L4225,y
        clc
        adc     #$06
        sta     L9987
        adc     #$04
        sta     $D000
        lda     #$F3
        cpy     #$03
        bcs     L4800
        .byte   $A9
L47FF:  php
L4800:  clc
        adc     L4235,y
        sta     L98F6
        jmp     L4841

L480A:  ldx     #$0F
L480C:  lda     L9416,x
        sta     L9864,x
        dex
        bpl     L480C
        lda     L98F6
        sta     L991A
        lda     L98F5
        sta     L9874
        lda     L9A71
        sta     L9875
        jsr     L4845
        lda     L991A
        sta     L98F6
        ldx     #$00
        ldy     L98F6
L4835:  lda     L9864,x
        sta     $A400,y
        iny
        inx
        cpx     #$10
        bcc     L4835
L4841:  dec     L9905
        rts

L4845:  lda     L991A
        clc
        adc     L9874
        sta     L991A
        sta     $8D
        ldx     L9875
        lda     L4235,x
        clc
        adc     #$02
        sta     $8C
        lda     L991A
        sec
        sbc     $8C
        bcs     L4866
        lda     #$00
L4866:  sta     $91
        cpx     #$03
        bcc     L486E
        adc     #$0A
L486E:  tax
        ldy     #$00
L4871:  lda     $8D
        cmp     $8C
        bcs     L4885
        lda     L9875
        cmp     #$03
        bcc     L48A5
        lda     #$00
        sta     L9864,y
        beq     L48A5
L4885:  lda     $91
        cmp     #$0B
        bcc     L4899
        .byte   $AD
        .byte   $75
L488D:  tya
        cmp     #$03
        bcs     L48A5
        lda     #$00
        sta     L9864,y
        beq     L48A5
L4899:  lda     L9864,y
        and     L9400,x
        sta     L9864,y
        inx
        .byte   $E6
L48A4:  .byte   $91
L48A5:  inc     $8D
        iny
        cpy     #$10
        bcc     L4871
        rts

L48AD:  lda     L1F51
        sta     L3B72
        rts

L48B4:  ldy     #$FF
        iny
        bmi     L48AD
        lda     $A000,y
        eor     $A080,y
        nop
        nop
        rts

L48C2:  lda     L9826
        beq     L48C8
        rts

L48C8:  inc     L9826
        lda     L9A2B
        beq     L48D7
        lda     L98F6
        cmp     #$BF
        bcs     L4928
L48D7:  lda     $D00C
        ora     $D00D
        and     #$0C
        beq     L4928
        ldy     #$01
        ldx     #$00
        and     #$04
        bne     L48EB
        ldx     #$02
L48EB:  lda     L9A14,x
        cmp     #$10
        bne     L48F8
        inx
        dey
        bpl     L48EB
        bmi     L4928
L48F8:  lda     L99F8,x
        bne     L4928
        lda     #$10
        sta     L9A14,x
        sta     L99F8,x
        jsr     L450C
        inc     L9A1C
        lda     L9A1C
        cmp     #$04
        bcc     L4917
        pla
        pla
        jmp     L375B

L4917:  asl     a
        asl     a
        asl     a
        sta     L9A1D,x
        lda     #$FF
        sta     L9A21,x
        jsr     L492F
        jsr     v25_7023
L4928:  .byte   $20
L4929:  .byte   $44
        rol     a
        sta     $D01E
        rts

L492F:  jsr     L4519
        lda     #$00
        sta     $82
        lda     #$08
        sta     $8C
        lda     L9A21,x
        sta     $8D
        ldy     L9A00,x
        lda     L9A1D,x
        tax
L4946:  cpy     $8D
        bcs     L4955
        lda     $E080,x
        sta     ($82),y
        inx
        iny
        dec     $8C
        bne     L4946
L4955:  rts

        pha
        txa
        pha
        ldx     $02A8
        beq     L4992
        cpx     #$03
        bcc     L496E
        lda     #$F6
        sta     $D016
        lda     #$F0
        sta     $D018
        bne     L4992
L496E:  lda     L9A63,x
        sta     $D003
        lda     L9A67,x
        sta     $D002
        lda     L9A6B,x
        sta     $D00B
        lda     L9A6D,x
        sta     $D00A
        lda     L9A65,x
        sta     $D015
        .byte   $BD
        .byte   $69
L498E:  txs
        sta     $D014
L4992:  inc     $02A8
        pla
        tax
        pla
        rti

        brk
L499A:  jsr     v09_733D
        dey
        bne     L499A
        jmp     L1CFF

        pha
        txa
        pha
        ldx     $02A8
        beq     L49D4
        cpx     #$01
        bne     L49C7
        dec     L9A78
        lda     L9A78
        and     #$0F
        ora     L9A76
        sta     $D019
        lda     #$92
        sta     $D016
        lda     #$8F
        sta     $D017
L49C7:  txa
        asl     a
        asl     a
        and     #$30
        adc     #$30
        ora     L9884,x
        sta     $D018
L49D4:  lda     L989A,x
        sta     $D40A
        sta     $D002
        lda     L98B0,x
        sta     $D003
        lda     L98C6,x
        sta     $D014
        sta     $D015
        inc     $02A8
        pla
        tax
        pla
        rti

L49F3:  .byte   $52
        pha
        lda     $02A8
        beq     L4A06
        lda     #$C0
        sta     $D40A
        sta     $D018
        lda     #$F8
        bne     L4A08
L4A06:  lda     #$F0
L4A08:  sta     $D40A
        sta     $D016
        inc     $02A8
        pla
        rti

L4A13:  brk
        cpy     #$68
        sec
        bvs     L4A59
        brk
        brk
        brk
        brk
        pla
        cld
        bmi     L4A61
        brk
        brk
        brk
        .byte   $04
        .byte   $1C
        sec
        bpl     L4A49
        brk
        brk
        brk
        .byte   $03
        asl     $1C,x
        asl     a:$02
        brk
        brk
        brk
        asl     $1B,x
        .byte   $0C
        .byte   $02
        brk
        brk
        brk
        jsr     L1C38
        php
        .byte   $04
        brk
        brk
L4A43:  .byte   $1C
        rol     $EB7F,x
        cmp     $99
L4A49:  .byte   $EB
L4A4A:  sta     $99
        .byte   $EB
        sta     $99
        .byte   $EB
        .byte   $F7
        .byte   $7E
L4A52:  .byte   $1C
        .byte   $3C
        jmp     L9C5C

        ldx     $B4
L4A59:  tax
        .byte   $54
        ldy     $BC,x
L4A5D:  ldx     $8B
        .byte   $9D
        .byte   $72
L4A61:  adc     ($71),y
        adc     ($9D),y
        ldy     L9DBC,x
        .byte   $82
L4A69:  .byte   $07
        asl     a
        .byte   $03
        .byte   $0F
L4A6D:  dec     L9A5F
        bmi     L4A73
        rts

L4A73:  lda     #$0C
        sta     L9A5F
        lda     L9A5A
        cmp     #$A4
        .byte   $D0
L4A7E:  .byte   $1F
        jsr     L4C6E
        asl     a
        cmp     #$07
        bcs     L4A89
        lda     #$07
L4A89:  sta     L9A5F
        cmp     $D20A
        bcs     L4A9B
        lda     $D20A
        cmp     #$0C
        bcs     L4A9B
        jsr     L4C98
L4A9B:  jmp     L4AE2

        ldx     #$0C
        stx     L9A5F
        cmp     #$BF
        bcs     L4AE2
        lda     #$06
        sta     L9A5F
        inc     L9A5A
        lda     L9A5A
        cmp     #$BF
        bne     L4ABB
        lda     #$07
        sta     L99C7
L4ABB:  lda     L9A58
        sta     L991B
        lda     L9A59
        jsr     v26_732D
        clc
        adc     L9A59
        sta     L9A59
        sta     L9A68
        jsr     L4DB7
        ldy     L9A5E
        ldx     #$08
        lda     #$00
L4ADB:  sta     $A700,y
        iny
        dex
        bpl     L4ADB
L4AE2:  lda     L9A5B
        beq     L4AF9
        lda     $D20A
        cmp     #$04
        bcc     L4AF1
        jmp     L4C26

L4AF1:  lda     #$00
        sta     L9A5B
        jsr     L4C98
L4AF9:  jsr     L4C6E
        cmp     L9805
        bcs     L4B31
        lda     L9A5D
        sta     L991B
        lda     L9987
        jsr     v26_732D
        sta     L9A62
        lda     L9A5E
        sta     L991B
        lda     L98F6
        jsr     v26_732D
        sta     L9A63
        lda     #$00
        sta     L9A5C
        lda     $D20A
        cmp     #$08
        bcs     L4B70
        jsr     L4C98
        jmp     L4B70

L4B31:  lda     $D20A
        bne     L4B39
        jsr     L4C98
L4B39:  ldx     L9A5C
        bne     L4B52
        lda     $D20A
        cmp     #$0C
        bcs     L4B48
        jsr     L4CAA
L4B48:  .byte   $AD
        asl     a
L4B4A:  .byte   $D2
        cmp     #$0C
        bcs     L4B70
        sta     L9A5C
L4B52:  lda     L4A52,x
        sta     L991B
        lda     L9A5D
        jsr     v26_732D
        sta     L9A62
        lda     L4A5D,x
        sta     L991B
        lda     L9A5E
        jsr     v26_732D
        sta     L9A63
L4B70:  lda     L9A5D
        clc
        adc     L9A62
        ldx     L9A5A
        cpx     #$BF
        beq     L4B9F
        cmp     L9A59
        bcs     L4B8B
        jsr     L4CAA
        lda     L9A59
        bne     L4B9F
L4B8B:  sbc     #$09
        cmp     L9A59
        bcs     L4B96
        adc     #$09
        bne     L4B9F
L4B96:  jsr     L4CAA
        lda     L9A59
        clc
        adc     #$08
L4B9F:  jsr     v27_7100
        sta     L9A5D
        sta     L9A64
        beq     L4BB3
        lda     L9A62
        jsr     v28_711C
        sta     L9A62
L4BB3:  lda     L9A5E
        clc
        adc     L9A63
        ldx     L9A5A
        cpx     #$BF
        beq     L4BE8
        sec
        sbc     #$03
        cmp     L9A5A
        bcs     L4BD4
        jsr     L4CAA
        lda     L9A5A
        clc
        adc     #$04
        bne     L4BE8
L4BD4:  sbc     #$06
        cmp     L9A5A
        bcs     L4BDF
        adc     #$09
        bne     L4BE8
L4BDF:  jsr     L4CAA
        lda     L9A5A
        clc
        adc     #$08
L4BE8:  jsr     v27_7100
        cmp     #$BF
        bcc     L4BF1
        lda     #$BF
L4BF1:  sta     L9A5E
        txa
        beq     L4C00
        lda     L9A63
        jsr     v28_711C
        sta     L9A63
L4C00:  ldx     L9A5A
        cpx     #$BF
        bne     L4C26
        ldx     L9A5C
        beq     L4C26
        lda     L9A5D
        cmp     L4A52,x
        bne     L4C26
        lda     L9A5E
        cmp     L4A5D,x
        bne     L4C26
        lda     #$00
        sta     L9A5C
        lda     #$0C
        sta     L9A5B
L4C26:  dec     L9A60
        bpl     L4C36
        lda     L9A5B
        adc     #$04
        sta     L9A60
        dec     L9A61
L4C36:  lda     L9A61
        bpl     L4C49
        .byte   $AD
        .byte   $5B
L4C3D:  txs
        beq     L4C44
        lda     #$01
        bne     L4C46
L4C44:  lda     #$02
L4C46:  sta     L9A61
L4C49:  ldx     L9A62
        bpl     L4C51
        clc
        adc     #$03
L4C51:  asl     a
        asl     a
        asl     a
        tax
L4C55:  lda     #$08
        sta     $8C
        ldy     L9A5E
L4C5C:  lda     L4A13,x
        sta     $A700,y
        inx
        iny
        dec     $8C
        bne     L4C5C
        rts

L4C69:  sta     L0010
        jmp     L4CB7

L4C6E:  lda     L9A5D
        sta     L9919
        lda     L9A5E
        sta     L991A
L4C7A:  lda     L9987
        sec
        sbc     L9919
        bcs     L4C85
        eor     #$FF
L4C85:  lsr     a
        sta     $8C
        lda     L98F6
        sec
        sbc     L991A
        bcs     L4C93
        eor     #$FF
L4C93:  lsr     a
        clc
        adc     $8C
L4C97:  rts

L4C98:  lda     $D20A
        and     #$03
        tax
        lda     L4A69,x
        sta     L99C6
        lda     #$0F
        sta     L99C5
        rts

L4CAA:  jsr     L4CBD
        sta     L9A62
        jsr     L4CBD
        sta     L9A63
        rts

L4CB7:  sta     $D20E
        jmp     L4DB3

L4CBD:  lda     $D20A
        and     #$01
        bne     L4CC6
        lda     #$FF
L4CC6:  rts

L4CC7:  lda     L9826
        beq     L4CCF
        jmp     L4D82

L4CCF:  inc     L9826
        lda     L9A5A
        cmp     #$A4
        beq     L4CE0
L4CD9:  lda     #$00
        sta     L9A55
        beq     L4D5F
L4CE0:  lda     $D00C
        ora     $D00D
        and     #$04
        bne     L4CEF
        sta     L9A55
        beq     L4D5F
L4CEF:  lda     L98F6
        cmp     #$B5
        bcs     L4CD9
        lda     L9A55
        bne     L4D48
        lda     L9914
        sta     L9A55
        lda     #$04
        sta     L98FB
        lda     L98F5
        beq     L4D12
        ldx     #$10
        stx     L990A
        lda     #$01
L4D12:  sta     L9A57
        lda     L9947
        bne     L4D1D
        jsr     L4CBD
L4D1D:  sta     L9A56
        clc
        adc     L9A59
        ldx     L98F5
        beq     L4D2D
        clc
        adc     L9A56
L4D2D:  sta     L9A59
        sta     L9A68
        ldx     #$5F
        cmp     #$65
        bcc     L4D3F
        ldx     #$8C
        cmp     #$85
        bcc     L4D48
L4D3F:  inc     L9A5A
        stx     L9A58
        jsr     L4DB7
L4D48:  lda     L9A56
        jsr     v28_711C
        sta     L9947
        lda     L9A57
        sta     L98F5
        jsr     v29_70E0
        lda     #$06
        sta     L994F
L4D5F:  lda     $D00C
        ora     $D00D
        and     #$08
        beq     L4D7C
        lda     L98F6
        cmp     #$BF
        bcs     L4D7C
        lda     L9A5A
        cmp     #$BF
        bne     L4D7C
        pla
        pla
        jmp     L375B

L4D7C:  jsr     L2A44
        sta     $D01E
L4D82:  rts

L4D83:  lda     L9910
        bne     L4DB2
        lda     $D008
        ora     $D009
        ora     $D00A
        ora     $D00B
        and     #$03
        beq     L4DAF
        lda     L98F5
        bne     L4DB2
        lda     L98F6
        cmp     #$D4
        beq     L4DB2
        lda     #$0F
        sta     L99BB
        sta     L98F8
        sta     L9A27
L4DAF:  sta     L9910
L4DB2:  rts

L4DB3:  cli
        jmp     L30E5

L4DB7:  ldy     L9A5A
        lda     #$00
        sta     $A600,y
        tax
L4DC0:  iny
        .byte   $BD
L4DC2:  .byte   $43
        lsr     a
        sta     $A600,y
        inx
        cpx     #$10
        .byte   $90
L4DCB:  .byte   $F4
        rts

        brk
        .byte   $52
        rti

        .byte   $3F
        ldy     $DE
        .byte   $F2
        .byte   $54
        .byte   $7B
        inx
        ldy     $040B
        eor     $A9E2
        .byte   $EB
        bpl     L4DC2
        bit     $F7
        .byte   $3A
        .byte   $72
        .byte   $FF
        cli
        ora     $E348
        .byte   $EF
        ldy     $A5
        lda     #$9D
        rol     $D0,x
        bpl     L4E34
        ldx     $5F,y
        cpx     $4B
        sta     L62C0
        .byte   $0F
        .byte   $DC
        .byte   $7A
        stx     L0010
        tsx
        dey
        dex
        sta     L5538
        stx     $0657
        .byte   $62
        asl     a
        sta     $9E,x
        ldx     L1F6D
        .byte   $9B
        .byte   $77
        .byte   $BB
        rol     L2083,x
        cmp     $2B
        txs
        .byte   $3A
        .byte   $B2
        cld
        .byte   $0C
        .byte   $F7
        inx
        stx     $96,y
        sbc     $EBF0,x
        .byte   $57
        eor     $F5,x
        .byte   $89
        .byte   $CF
        .byte   $CF
        inc     $E6,x
        .byte   $80
        .byte   $FF
        eor     $D220
        .byte   $DC
        .byte   $02
        bit     $CA
        .byte   $97
L4E34:  .byte   $9E
        ldx     $0255,y
        .byte   $32
        .byte   $AB
        .byte   $80
        dec     $FD,x
        cpx     #$CE
        rol     a
        stx     $18C5
        sei
        .byte   $7C
        bcc     L4DCB
        .byte   $A7
        ldy     #$56
        sbc     $06,x
        eor     L2E0E,y
        sta     L2143
        lsr     $10B2,x
        dec     $18
        cpx     $C2
        .byte   $5A
        asl     L46FA
        .byte   $52
        ldy     $E1,x
        .byte   $67
        .byte   $FB
        .byte   $C2
        .byte   $2C
L4E64:  clv
        adc     ($A1,x)
        .byte   $C2
        lda     $59,x
        tya
        ldx     $1C
        pla
        tay
        ldy     #$08
        .byte   $CF
        cmp     #$43
L4E74:  .byte   $A5
L4E75:  lda     #$B8
        cmp     ($79,x)
        cmp     #$20
        .byte   $14
        stx     $52
        stx     $1B
        cmp     #$46
        and     ($0C,x)
        ora     ($C4),y
        clc
        .byte   $73
L4E88:  .byte   $FB
        .byte   $83
        lda     L8B7E
        ldy     L3D6D,x
        .byte   $82
        and     $DC17,y
        eor     $E01B,y
        .byte   $0B
        .byte   $CF
        ldy     $B3,x
        .byte   $37
        .byte   $3F
L4E9D:  .byte   $83
        .byte   $44
        .byte   $12
        .byte   $BF
        ldx     #$90
        .byte   $A7
        bcc     L4E74
        sbc     $B3,x
        .byte   $54
        asl     a
        sta     $E21B,x
        adc     ($84),y
        lda     L38C9,x
        beq     L4E9D
        sbc     $75
        .byte   $2F
        ora     L5B09
        rol     a
        ror     L3297,x
        sbc     L4E64,y
        .byte   $62
        and     $FFEC,x
        .byte   $8B
        sta     L9C03,x
        eor     ($FF),y
        .byte   $4F
L4ECC:  .byte   $17
        .byte   $12
        .byte   $BF
        .byte   $93
        pha
        bmi     L4F26
L4ED3:  .byte   $BB
        .byte   $93
        cpy     $E7
        bcc     L4F31
        .byte   $EB
        dex
        .byte   $7E
        .byte   $26
L4EDD:  lda     $D20A
L4EE0:  brk
L4EE1:  .byte   $FF
L4EE2:  dex
        dey
        bne     L4EDD
        sty     L4EE0
        stx     L4EE1
        sta     L4EE2
        rts

        lda     #$00
        sta     $80
        lda     #$50
        sta     $81
        tsx
        stx     L84EE
        jmp     (L4E88)

        sbc     #$89
        sta     ($DD),y
        .byte   $89
        .byte   $89
        .byte   $97
        cmp     #$91
        cmp     $49
        tya
        sta     L8529,y
        eor     L9B49,x
        .byte   $47
        eor     #$97
        sbc     $29,x
        .byte   $89
        .byte   $14
        ora     #$90
        lda     $C9
        .byte   $82
        .byte   $C3
        and     #$81
        .byte   $C3
        ora     #$99
        inc     L8269,x
L4F26:  .byte   $9B
        lda     #$8F
        .byte   $FC
        sbc     #$8E
        .byte   $F2
        and     #$9A
        sbc     $49
L4F31:  sta     ($A5),y
        eor     #$88
        .byte   $63
        adc     #$8B
        sbc     ($E9,x)
        sta     ($84,x)
        ora     #$89
        .byte   $47
        and     #$82
        .byte   $7B
        sbc     #$87
        .byte   $6F
        and     #$87
        .byte   $FC
        ora     #$88
        ldx     $09,y
        sta     $AB,x
        .byte   $89
        stx     $65
        and     #$83
        plp
        ora     #$86
        eor     #$E9
        sta     L8924,y
        sty     $3A
L4F5D:  .byte   $89
        .byte   $82
        cli
        ora     #$9D
        cmp     #$E9
        tya
        bvs     L4F90
        .byte   $8B
        ora     L9669,y
        jmp     L9EE9

        sty     L88C9
        .byte   $DA
        .byte   $09
L4F73:  .byte   $8B
        .byte   $A3
        .byte   $89
        txa
        .byte   $FA
        lda     #$9B
        lda     $49,x
        .byte   $9E
        .byte   $F4
        and     #$9A
        adc     #$09
        .byte   $93
        sed
        and     #$97
        eor     ($09,x)
        .byte   $97
        dey
        and     #$91
        .byte   $39
L4F8D:  eor     #$97
        .byte   $CD
L4F90:  eor     #$82
        and     $89
        .byte   $97
        .byte   $B2
        .byte   $89
        .byte   $8F
        lda     L9629,x
        pla
        lda     #$8C
        .byte   $5C
        lda     #$8B
        adc     L9109,y
        .byte   $4B
        ora     #$88
        .byte   $DA
        adc     #$95
        adc     L8769,x
        sbc     $A9,x
        bcc     L4F5D
        .byte   $89
        .byte   $9C
        .byte   $93
        and     #$86
        sbc     L9C49,x
        and     L8829,x
        .byte   $D7
        lda     #$81
        .byte   $1B
        .byte   $89
        stx     $C966
        sta     ($22,x)
        and     #$9F
        bcc     L4F73
        dey
        asl     a
        adc     #$97
        ror     $49,x
        .byte   $97
        and     ($89),y
        sty     $14,x
        adc     #$87
        cpy     L8C69
        ror     a
        .byte   $89
        sta     ($BA),y
        adc     #$95
        lda     L8989,x
        .byte   $32
        sbc     #$93
        .byte   $D4
        adc     #$87
        and     L9B49,y
        ora     ($29,x)
        .byte   $87
        .byte   $54
        eor     #$8E
        and     $49
        .byte   $9B
        inc     $29
        bcc     L505D
        ora     #$94
        and     $C9,x
        .byte   $97
        adc     $69,x
        brk
        brk
        brk
        brk
        brk
        brk
        brk
        brk
        .byte   $FF
        .byte   $FF
        .byte   $FF
        .byte   $FF
        .byte   $FF
        .byte   $FF
        .byte   $FF
        .byte   $FF
        tax
        tax
        tax
        tax
        brk
        tax
        tax
        tax
        tax
        .byte   $44
        tax
        tax
        brk
        tax
        tax
        tax
        .byte   $AF
        .byte   $4F
        .byte   $AF
        .byte   $AF
L5024:  .byte   $0F
        .byte   $BF
        .byte   $BF
        tsx
        ldx     $BE7C,y
        ldx     $BF3C,y
        .byte   $BF
        .byte   $AB
        tsx
        .byte   $F4
        inc     L3FBF,x
        .byte   $BF
        ldx     L3ABA,y
        .byte   $F4
        .byte   $FC
        .byte   $FC
        .byte   $EF
        .byte   $EF
        .byte   $AF
        .byte   $AF
        ldx     L3F7F
        .byte   $FF
        .byte   $FB
        .byte   $FB
        .byte   $FA
        .byte   $FA
        .byte   $AF
        .byte   $AF
        .byte   $AF
        .byte   $AF
        .byte   $0F
        .byte   $AF
        ldx     $FAAA,y
        .byte   $FA
        .byte   $FA
        .byte   $FA
        .byte   $FC
        rol     $BA0E,x
        ldx     $AF4F
        .byte   $AF
        .byte   $03
L505D:  .byte   $AB
        tax
        tax
        .byte   $AB
        .byte   $4F
        .byte   $0F
        .byte   $FF
        inc     $FAFE,x
        tax
        bpl     L50BA
        bvc     L50C0
        .byte   $54
        .byte   $54
        .byte   $54
        .byte   $54
        brk
        brk
        bpl     L5088
        .byte   $14
        .byte   $54
        .byte   $54
        .byte   $54
        brk
        brk
        brk
        brk
        rti

        bvc     L50D3
        .byte   $54
        brk
        brk
        .byte   $04
        .byte   $44
        .byte   $54
        .byte   $54
        .byte   $54
        .byte   $54
L5088:  .byte   $54
        .byte   $54
        .byte   $54
        .byte   $54
        .byte   $54
        .byte   $54
        .byte   $54
        .byte   $54
        .byte   $54
        .byte   $54
        bvc     L50D4
        .byte   $54
        bvc     L50EB
        .byte   $54
        .byte   $54
        .byte   $14
        .byte   $14
        .byte   $14
        .byte   $04
        .byte   $14
        .byte   $54
        .byte   $54
        .byte   $54
        .byte   $54
        .byte   $14
        .byte   $54
        .byte   $54
        .byte   $54
        .byte   $54
        .byte   $54
        .byte   $44
        brk
        brk
        .byte   $04
        .byte   $44
        .byte   $54
        .byte   $54
        .byte   $54
        .byte   $54
L50B1:  .byte   $54
        .byte   $54
        .byte   $44
        .byte   $04
        .byte   $04
        brk
        brk
        .byte   $54
        .byte   $54
L50BA:  .byte   $54
        .byte   $54
        .byte   $54
        .byte   $54
        .byte   $74
        .byte   $DC
L50C0:  .byte   $54
        .byte   $54
        .byte   $54
        .byte   $57
        .byte   $54
        bvs     L5146
        .byte   $5A
        .byte   $57
        .byte   $57
        .byte   $FF
        .byte   $FF
        .byte   $03
        brk
        cpy     #$FF
        .byte   $57
        .byte   $F7
        .byte   $FF
L50D3:  .byte   $FF
L50D4:  .byte   $FF
        .byte   $0F
        brk
        .byte   $FF
        .byte   $54
        .byte   $54
        .byte   $54
        .byte   $F4
        .byte   $FC
        .byte   $FF
        .byte   $3F
        tay
        ror     a
        ror     a
        ror     a
        ror     a
        .byte   $7A
        .byte   $6F
        ror     a
        ror     a
        tax
        tax
        tax
L50EB:  tax
        tax
        tax
        .byte   $FF
        tax
        ldy     $A4
        ldy     $A4
        ldy     $E4,x
        ldy     $A4
        rol     a
        rol     a
        rol     a
        .byte   $3A
        .byte   $3A
        asl     a:$03
        tax
        tax
        tax
        tax
        tax
        tax
        nop
        .byte   $3F
        tax
        tax
        tax
        tax
        tax
        tax
        .byte   $AF
        beq     L50B1
        ldy     #$A0
        ldy     #$F0
        cpy     #$00
        brk
        .byte   $54
        .byte   $54
        .byte   $54
        .byte   $74
        .byte   $74
        .byte   $74
        .byte   $74
        .byte   $74
        .byte   $74
        .byte   $74
        .byte   $74
        .byte   $74
        .byte   $54
        .byte   $74
        .byte   $54
        .byte   $54
        .byte   $5C
L5129:  .byte   $5C
        .byte   $DC
        .byte   $DC
        .byte   $FC
        .byte   $DC
        .byte   $DC
        .byte   $D4
        .byte   $74
        .byte   $74
        .byte   $54
        .byte   $54
        .byte   $54
        .byte   $54
        .byte   $54
        .byte   $54
        .byte   $54
        .byte   $54
        .byte   $74
        .byte   $DC
        .byte   $DC
        .byte   $DC
        .byte   $DC
        .byte   $74
        .byte   $74
        .byte   $F4
        .byte   $74
        .byte   $74
        .byte   $74
        .byte   $FC
L5146:  .byte   $54
        .byte   $54
        .byte   $54
        .byte   $74
        .byte   $DC
        .byte   $5C
        .byte   $7C
        .byte   $D4
        .byte   $D4
        .byte   $FC
        .byte   $74
        .byte   $DC
        .byte   $5C
        .byte   $74
        .byte   $5C
        .byte   $5C
        .byte   $DC
        .byte   $74
        .byte   $5C
        .byte   $DC
        .byte   $DC
        .byte   $FC
        .byte   $5C
        .byte   $5C
        .byte   $54
        .byte   $54
        .byte   $54
        .byte   $54
        .byte   $FC
        .byte   $D4
        .byte   $F4
        .byte   $5C
        .byte   $5C
        .byte   $F4
        .byte   $54
        .byte   $74
        .byte   $D4
        .byte   $F4
        .byte   $DC
        .byte   $DC
        .byte   $74
        .byte   $54
        .byte   $54
        .byte   $54
        .byte   $FC
        .byte   $5C
        .byte   $5C
        .byte   $74
        .byte   $74
        .byte   $74
        .byte   $74
        .byte   $DC
        .byte   $DC
        .byte   $74
        .byte   $DC
        .byte   $DC
        .byte   $74
        .byte   $54
        .byte   $54
        .byte   $74
        .byte   $DC
        .byte   $DC
        .byte   $7C
        .byte   $5C
        .byte   $5C
        .byte   $74
        .byte   $54
        .byte   $54
        .byte   $54
        .byte   $54
        .byte   $7C
        .byte   $54
        .byte   $54
        .byte   $54
        .byte   $74
        .byte   $DC
        .byte   $D4
        .byte   $D4
        .byte   $DC
        .byte   $74
        .byte   $54
        .byte   $54
        .byte   $54
        .byte   $54
        .byte   $54
        .byte   $74
        .byte   $DC
        .byte   $DC
        .byte   $FC
        .byte   $DC
        .byte   $7C
        .byte   $F4
        .byte   $74
        .byte   $74
        .byte   $74
        .byte   $74
        .byte   $54
        .byte   $54
        .byte   $54
        .byte   $54
        .byte   $D4
        .byte   $D4
        .byte   $D4
        .byte   $DC
        .byte   $F4
        .byte   $D4
        .byte   $54
        .byte   $54
        .byte   $54
        .byte   $DC
        .byte   $DC
        .byte   $DC
        .byte   $74
        .byte   $74
        .byte   $5C
        .byte   $74
        .byte   $D4
        .byte   $F4
        .byte   $D4
        .byte   $DC
        .byte   $F4
        .byte   $D4
        .byte   $57
        .byte   $DF
        .byte   $F7
        .byte   $D7
        .byte   $D7
        .byte   $D4
        .byte   $54
        .byte   $54
        .byte   $54
        .byte   $54
        .byte   $D4
        .byte   $DC
        .byte   $DC
        .byte   $DC
        .byte   $FC
        .byte   $74
        .byte   $7C
        .byte   $D4
        .byte   $F4
        .byte   $5C
        .byte   $5C
        .byte   $F4
        .byte   $54
        .byte   $54
        .byte   $FF
        .byte   $FF
        .byte   $FF
        .byte   $FF
        .byte   $FF
        brk
        tax
        tax
        .byte   $FF
        .byte   $FC
        .byte   $F3
        .byte   $CF
        .byte   $CF
        .byte   $3F
        .byte   $FF
        .byte   $FF
        .byte   $FF
        .byte   $FF
L51EA:  .byte   $CF
        .byte   $3F
        .byte   $FF
        .byte   $FF
        .byte   $FC
        .byte   $FF
L51F0:  .byte   $0F
        .byte   $0F
        .byte   $2F
        .byte   $AF
        .byte   $AF
        .byte   $2F
        .byte   $0F
        .byte   $0F
        beq     L51EA
        sed
        .byte   $FA
        .byte   $FA
        sed
        beq     L51F0
        .byte   $FF
        .byte   $FF
        .byte   $FF
        .byte   $FF
        .byte   $FF
        .byte   $FF
        .byte   $FF
        .byte   $FF
        .byte   $FF
        .byte   $FF
        .byte   $FF
        .byte   $FF
        .byte   $FF
        sbc     $F7FD,x
        .byte   $FF
        .byte   $FF
        .byte   $FF
L5213:  .byte   $FF
        .byte   $FF
        sbc     $F5FD,x
        .byte   $FF
        .byte   $FF
        .byte   $FF
        .byte   $FF
        .byte   $FF
        .byte   $F7
        .byte   $57
        eor     $FFFF,x
        .byte   $FF
        .byte   $FF
        .byte   $FF
        .byte   $F7
        .byte   $57
        eor     $FD,x
        .byte   $FF
        cmp     $D57D,x
        sbc     $F5,x
        .byte   $D7
        sbc     L7DFF,x
        cmp     $F5D5,x
        sbc     $D7,x
        .byte   $57
        .byte   $5F
        .byte   $5F
L523B:  .byte   $57
        .byte   $57
        .byte   $57
        .byte   $57
        eor     L5F57,x
        .byte   $5F
        .byte   $57
        .byte   $57
        .byte   $57
        .byte   $57
        eor     $0303,x
        .byte   $03
        cpy     $F0CC
        .byte   $3C
        .byte   $C3
        brk
        beq     L5213
        brk
        brk
        brk
        cpy     #$00
        .byte   $0C
        .byte   $03
        .byte   $03
        .byte   $3C
        .byte   $FC
        cpy     $F0FC
        beq     L526E
        cpy     #$00
        brk
        brk
        brk
        brk
        brk
        brk
        cpy     #$FF
        .byte   $3F
        .byte   $F0
L526E:  cpy     #$00
        brk
        .byte   $03
        .byte   $0F
        .byte   $FC
        .byte   $FF
        .byte   $03
        brk
L5277:  brk
        .byte   $13
        tya
        sta     $A3DC,x
        dex
        bpl     L5277
        jsr     v18_739C
        lda     #$00
        sta     $14
        sta     $13
        jmp     L2C9E

L528C:  pha
        ldx     L2B3F
        ldy     L31C9
        jmp     L2E15

        bpl     L528C
        dec     L2E4D
        bpl     L5314
        .byte   $AF
        .byte   $C3
        .byte   $9B
        lsr     a
        lsr     a
        lsr     a
        lsr     a
        sta     L2E4D
        inc     L2E4E
        .byte   $AF
        lsr     L292E
        ora     ($F0,x)
        .byte   $3A
        jsr     L2E1D
        .byte   $AF
        asl     a
        .byte   $D2
        and     #$03
        tay
        ora     #$74
        sta     L991B
        lda     L9987
        jsr     v26_732D
        clc
        adc     L9987
        sta     L9987
        sta     $D000
        sta     $D002
        tya
        eor     #$83
        sta     L991B
        lda     L9988
        jsr     v26_732D
        clc
        adc     L9988
        sta     L9988
        sta     $D001
        sta     $D003
        ldx     #$00
        ldy     L98F6
        tya
        sta     $02C3
        eor     #$FF
        sta     $02C2
        inc     L98F6
L52FC:  lda     L3191,x
        sta     $A400,y
        sta     $A500,y
        lda     L31A0,x
        sta     $A600,y
        sta     $A700,y
        iny
        inx
        cpx     #$0F
        bcc     L52FC
L5314:  rts

L5315:  stx     L0244
        jmp     L308C

        bne     L5315
        ldy     $02A3
        ldx     L2F15,y
        ldy     #$05
L5325:  lda     #$FF
        sta     $8D
        lda     L2F0F,y
        cmp     L2EDF,x
        beq     L5345
        eor     L2EDF,x
        and     #$F0
        beq     L533C
        lda     #$10
        sta     $8D
L533C:  lda     $8D
        clc
        adc     L2F0F,y
        sta     L2F0F,y
L5345:  dex
        dey
        bpl     L5325
        sta     $02C8
        rts

        sbc     #$61
        lda     #$00
        sta     $02A8
        lda     $02A6
        bne     L5379
        sta     $D208
        ldx     L9BC0
        cpx     #$25
        bcc     L537C
        lda     L9BC4
        clc
        adc     L9BC5
        adc     L9BC6
        lsr     a
        lsr     a
        .byte   $09
L5370:  .byte   $80
        sta     $D207
        adc     #$B9
        sta     $D206
L5379:  jmp     LE462

L537C:  dec     L9BC1
        bpl     L53C7
        inc     L9BC3
        lda     L9BC3
        lsr     a
        lsr     a
        sta     L9BC1
        ldy     #$06
L538E:  lda     L3101,x
        sta     $D200,y
        lda     L9BC2
        sta     $D201,y
        txa
        clc
        adc     #$24
        tax
        dey
        dey
        bpl     L538E
        lda     L9BC2
        sec
        sbc     #$03
        cmp     #$A3
        bcs     L53AF
        lda     #$AA
L53AF:  sta     L9BC2
        cpx     #$B4
        bcc     L53C4
        lda     #$00
        sta     $D201
L53BB:  sta     $D203
        sta     $D205
        sta     $D207
L53C4:  .byte   $EE
        .byte   $C0
L53C6:  .byte   $9B
L53C7:  jmp     LE462

        .byte   $80
        cpy     #$00
        rti

        bpl     L5370
L53D0:  bne     L5422
        cpx     #$90
        bvs     L53C6
        bmi     L53D8
L53D8:  rts

        bcs     L53BB
        rti

        brk
        asl     $0C
        brk
        .byte   $02
        .byte   $04
        asl     $08
        asl     a
        brk
        .byte   $02
        .byte   $22
        .byte   $34
        lsr     $58
        brk
        .byte   $02
        .byte   $72
        sty     $86
        tya
        brk
        .byte   $02
        ldx     #$B4
        dec     $D8
        clc
        rol     $34
        .byte   $42
        bvc     L53FD
L53FD:  dey
        stx     $A4,y
        jmp     L73DB

        sed
        cpy     #$50
        brk
        brk
        brk
        brk
        brk
        php
        .byte   $0C
        bpl     L5423
        .byte   $14
        .byte   $14
        .byte   $14
        .byte   $14
L5413:  lda     #$00
        ldx     #$03
L5417:  sta     L981B,x
        sta     L981F,x
        dex
        bpl     L5417
        .byte   $8D
        .byte   $02
L5422:  tya
L5423:  jmp     (L7EEF)

        .byte   $14
        ora     ($0E),y
        .byte   $0C
        .byte   $0C
        .byte   $0C
        .byte   $0C
        .byte   $0C
L542E:  .byte   $02
L542F:  asl     $0A
        bpl     L544A
        .byte   $17
        .byte   $1A
        .byte   $1D
        .byte   $20
L5437:  .byte   $02
        bmi     L545A
        clc
        bpl     L544D
        bpl     L544F
        bpl     L5490
        .byte   $92
        .byte   $77
        cld
        ldx     #$FF
        txs
        nop
        nop
        nop
L544A:  lda     #$80
        .byte   $8D
L544D:  clc
        tya
L544F:  lda     #$01
        sta     L9817
        lda     #$47
        sta     $98
        lda     #$63
L545A:  sta     $99
        .byte   $AF
        .byte   $B2
        .byte   $02
        sta     $0208
        .byte   $AF
        .byte   $B3
        .byte   $02
        sta     $0209
        jsr     L739C
        jmp     v03_8513

L546E:  lda     #$00
        sta     L732C
        jsr     L5614
L5476:  ldx     #$03
        lda     #$00
L547A:  sta     L981F,x
        dex
        bpl     L547A
        lda     #$03
        sta     $02A5
        .byte   $AF
        .byte   $02
        tya
        and     #$03
        sta     $02A3
        jsr     L7253
L5490:  lda     #$FF
        sta     $02FC
L5495:  jsr     L7344
        ldy     $02A3
        sty     L9997
        .byte   $BF
        .byte   $03
        .byte   $54
        stx     L9803
        sta     L9804
        .byte   $BF
        .byte   $0B
        .byte   $54
        sta     L9805
        .byte   $BF
        sec
        .byte   $54
        stx     L9806
        .byte   $BF
        rol     L0054
        sta     L9800
        lda     #$01
        sta     L990F
        lda     #$78
        sta     L9912
        lda     #$D4
        sta     L98F6
        lda     #$08
        sta     L99D5
        lsr     a
        sta     L9823
        jsr     L7E90
        ldx     #$FF
        stx     L9801
        inx
        stx     $02A4
        stx     L9825
        stx     L9824
L54E3:  ldx     #$01
        stx     $02A6
        dex
        stx     $022F
        stx     L98EE
        stx     L9A52
        stx     $02C0
        stx     $02C1
        stx     L732C
        stx     L9901
        stx     L9903
        dex
        stx     L98FF
        stx     L9900
        .byte   $20
L5509:  brk
        .byte   $93
        lda     #$50
        sta     $02F4
        lda     #$11
        sta     $026F
        jsr     L73B3
        jsr     L73C5
        jsr     L6A28
        lda     $02A4
        beq     L5532
        lda     #$04
        sta     L9A43
        asl     a
        sta     L9A44
        jsr     L6CDE
        jsr     L6CDE
L5532:  jsr     L74D6
        jsr     L733D
L5538:  lda     #$40
        sta     $D40E
        lda     #$42
        sta     $0230
        lda     #$06
        sta     $0231
        lda     #$E3
        sta     $0200
        lda     #$76
        sta     $0201
        ldx     #$5C
        ldy     #$EC
L5555:  lda     #$07
        jsr     LE45C
        jsr     L671C
        lda     #$0F
        sta     $02C4
        lda     #$26
        sta     $02C5
        lda     #$80
        sta     $02C8
        ldx     #$02
L556E:  ldy     L77A1,x
        lda     #$80
        sta     L9877,y
        sta     L9878,y
        lda     L66B0,x
        sta     L98DC,y
        sta     L98DD,y
        lda     #$01
        sta     L99F8,x
        dex
        bpl     L556E
        jsr     L7388
        nop
        nop
        nop
        lda     #$0C
        sta     L9883
        sta     L9A67
        jsr     L6B48
        lda     #$3E
        sta     $022F
        jsr     L733D
        lda     #$C0
        sta     $D40E
        lda     #$50
        sta     L9999
        lda     #$00
        sta     $02A6
        sta     $4D
        sta     $D01E
        lda     $02A4
        beq     L55E3
        sta     L99D5
        jsr     L6F21
        jsr     L6F5A
        lda     #$01
        sta     $14
L55C9:  jsr     L7127
L55CC:  .byte   $AF
        .byte   $14
        brk
L55CF:  cpx     $14
        beq     L55CF
        cmp     #$18
        bcs     L55E3
        and     #$08
        bne     L55C9
        sta     $D000
        sta     $D001
        beq     L55CC
L55E3:  jsr     L725F
        jsr     L6E58
        jsr     L7C95
        jsr     L7874
        jsr     L7EF1
        jsr     L6B62
L55F5:  jsr     L6CD8
        jsr     L7499
        ldx     L9800
L55FE:  lda     $D40B
        cmp     #$41
        bne     L560C
        txa
        pha
        jsr     L66BA
        pla
        tax
L560C:  dex
        bne     L55FE
        jmp     L55E3

L5612:  .byte   $AD
        .byte   $92
L5614:  jsr     L73C5
        jsr     L7344
        lda     #$03
        sta     $02A5
        lda     #$02
        sta     L584F
        lda     #$00
        sta     L5A96
        sta     L9917
        sta     $14
        sta     L584A
        sta     $022F
        sta     L98EE
        jsr     L733D
        lda     #$40
        sta     $D40E
        sta     $02A6
        lda     #$11
        sta     $026F
        jsr     L739C
        jsr     L73B3
        jsr     v00_38EF
        lda     #$09
        sta     $0230
        lda     #$5B
        sta     $0231
        lda     #$88
        sta     L5849
        lda     #$42
        sta     L584C
        ldx     #$04
L5666:  lda     L5854,x
        sta     $02C4,x
        dex
        bpl     L5666
        lda     #$00
        sta     L5A98
        sta     L5A9A
        sta     L5AA3
        ldx     #$02
L567C:  lda     #$FF
        sta     L5AAE,x
        lda     #$0C
        sta     L5AA5,x
        lda     #$18
        sta     L5AA8,x
        lda     #$00
        sta     L5AAB,x
        dex
        bpl     L567C
        lda     #$0F
        sta     L5A97
        lda     #$0C
        sta     L5A99
        .byte   $AF
        ora     L206B
        .byte   $3C
        ror     a
        jsr     L7426
        ldx     #$D9
L56A8:  lda     L5B57,x
        sta     $B7FF,x
        dex
        bne     L56A8
        ldx     #$3E
        lda     #$00
        sta     $80
        lda     #$A6
        sta     $81
        jsr     L7502
        jsr     L733D
        lda     #$BA
        sta     $0200
        lda     #$5A
        sta     $0201
        lda     #$B8
        sta     $02F4
        ldx     #$58
        ldy     #$59
        lda     #$07
        jsr     LE45C
        lda     #$3E
        sta     $022F
        jsr     L733D
        lda     #$C0
        sta     $D40E
        lda     #$74
        sta     L98F6
        lda     #$30
        sta     L9987
        lda     #$01
        sta     L9914
        lda     #$28
        sta     $02C0
        sta     $02C1
L56FD:  ldy     L9802
        ldx     L5B54,y
        ldy     #$0F
L5705:  lda     L5B30,x
        sta     $BBC8,y
        inx
        iny
        cpy     #$18
        bcc     L5705
        ldx     #$04
L5713:  dex
        bne     L571B
        jsr     L5777
        ldx     #$04
L571B:  lda     $0278
        cmp     #$0F
        bne     L5713
        lda     $14
        bmi     L5713
L5726:  jsr     L5777
        ldx     L9917
        lda     $0284
        sta     L9917
        bne     L5737
        txa
        bne     L574E
L5737:  lda     $0278
        cmp     #$0F
        bne     L5767
        sta     $4D
        jsr     L7486
        cmp     #$07
        beq     L5726
        cmp     #$06
        bne     L5765
        jsr     L7491
L574E:  lda     #$00
        sta     $022F
        sta     $02C8
        sta     L99A9
        sta     $D201
        jsr     L733D
        lda     #$40
        sta     $D40E
        rts

L5765:  lda     #$EC
L5767:  sta     $14
        inc     L9802
        lda     L9802
        and     #$03
        sta     L9802
        jmp     L56FD

L5777:  dec     L9913
        bmi     L577D
        rts

L577D:  lda     #$50
        sta     L9913
        lda     L9914
        sta     L9915
        lda     L99A9
        beq     L579F
L578D:  lda     #$00
        sta     L9977
        jsr     L6F21
        jsr     L70A2
        lda     L9991
        sta     L997F
        rts

L579F:  lda     L5AAE
        cmp     #$0C
        beq     L57B1
        cmp     #$18
        beq     L57B1
L57AA:  lda     #$00
        sta     L5A96
        beq     L57D5
L57B1:  lda     L5AA8
        cmp     #$03
        bne     L57AA
        lda     L5AA3
        and     #$07
        tay
        lda     L5A9B,y
        cmp     #$02
        bcs     L57AA
        lda     L5A96
        bne     L57D5
        lda     #$01
        sta     L5A96
        jsr     L7023
        jmp     L578D

L57D5:  lda     L9914
        bne     L57F6
        sta     L9977
        lda     $13
        bne     L57E9
        jsr     L6F21
        lda     #$00
        jmp     L7134

L57E9:  jsr     v01_4CBD
        sta     L9914
        sta     L9947
        lda     #$00
        sta     $13
L57F6:  lda     $13
        beq     L5806
        lda     #$00
        sta     L9914
        sta     L9947
        sta     $13
        beq     L57D5
L5806:  lda     L9914
        ldx     L9987
        cpx     #$38
        bcs     L5812
        lda     #$01
L5812:  cpx     #$B8
        bcc     L5818
        .byte   $A9
L5817:  .byte   $FF
L5818:  ldx     $D20A
        bne     L5826
        ldx     $D20A
        bmi     L5826
        tay
        jsr     L711C
L5826:  sta     L9914
        sta     L9947
        ldx     #$00
        cmp     #$01
        beq     L5834
        ldx     #$0A
L5834:  stx     L9977
        cmp     L9915
        beq     L5842
        jsr     L6F21
        jmp     L7139

L5842:  jsr     L6F21
        jmp     L7183

L5848:  .byte   $FD
L5849:  brk
L584A:  dey
L584B:  brk
L584C:  .byte   $42
L584D:  brk
L584E:  .byte   $0B
L584F:  brk
L5850:  .byte   $D4
        .byte   $82
        bmi     L5863
L5854:  .byte   $9E
        dex
        cpx     $42
        brk
        lda     #$03
        sta     $02A8
        .byte   $AF
        asl     a
        .byte   $D2
        .byte   $2D
        asl     a
L5863:  .byte   $D2
        and     #$F7
        sta     L584B
        dec     L584E
        bpl     L587F
        lda     #$32
        sta     L584E
        ldx     L5849
        lda     L584A
        sta     L5849
        stx     L584A
L587F:  dec     L584D
        bpl     L5895
        lda     #$05
        sta     L584D
        .byte   $AF
        pha
        cli
        adc     #$01
        and     #$4F
        ora     #$B0
        sta     L5848
L5895:  dec     L584F
        bpl     L58B0
        lda     #$02
        sta     L584F
        ldy     $02C7
        ldx     #$03
L58A4:  lda     $02C3,x
        .byte   $9D
        .byte   $C4
L58A9:  .byte   $02
        dex
        bne     L58A4
        sty     $02C4
L58B0:  .byte   $AF
        .byte   $97
        .byte   $5A
        cpx     #$00
        beq     L58BA
        dec     L5A97
L58BA:  ora     #$A0
        ldx     L99A9
        bne     L58C9
        sta     $D201
        lda     #$40
        sta     $D208
L58C9:  .byte   $AF
        txs
        .byte   $5A
        lsr     a
        and     #$07
        tax
        lda     L59C1,x
        ldy     L99A9
        bne     L58DB
        sta     $D200
L58DB:  dec     L5A99
        bne     L58FB
        lda     #$0C
        sta     L5A99
        ldx     L5A98
        inx
        cpx     #$18
        bcc     L58F2
        inc     L5A9A
        ldx     #$00
L58F2:  stx     L5A98
        lda     L59A9,x
        sta     L5A97
L58FB:  lda     #$02
        sta     L5AA4
L5900:  ldx     L5AA4
        dec     L5AA5,x
        bne     L5957
        lda     #$0C
        sta     L5AA5,x
        dec     L5AA8,x
        bne     L5957
        inc     L5AAE,x
L5915:  ldy     L5AAE,x
        cpx     #$01
        bcc     L5928
        bne     L5923
        lda     L59E7,y
        bcs     L592B
L5923:  lda     L5A17,y
        bcs     L592B
L5928:  lda     L59C9,y
L592B:  bne     L5939
        sta     L5AAE,x
        cpx     #$02
        bne     L5915
        inc     L5AA3
        bcs     L5915
L5939:  sta     L5AB1,x
        cpx     #$01
        bcc     L594B
        bne     L5947
        lda     L59FF,y
        bcs     L594E
L5947:  lda     #$01
        bcs     L594E
L594B:  lda     L5A78,y
L594E:  sta     L5AA8,x
        lda     L5AB7,x
        sta     L5AAB,x
L5957:  lda     L5AAB,x
        beq     L595F
        dec     L5AAB,x
L595F:  cpx     #$00
        beq     L5964
        lsr     a
L5964:  ora     #$A0
        .byte   $8D
        tay
L5968:  eor     $A3AD,y
        .byte   $5A
        and     #$07
        tay
        txa
        cmp     L5A9B,y
        beq     L5981
        bcc     L5981
        ldy     L5AB4,x
        lda     #$00
        sta     L59A8
        bcs     L598F
L5981:  lda     L99A9
        bne     L599A
        ldy     L5AB4,x
        lda     L5AB1,x
        sta     $D202,y
L598F:  lda     L99A9
        .byte   $D0
L5993:  asl     $AD
        tay
        eor     $0399,y
        .byte   $D2
L599A:  dec     L5AA4
        bmi     L59A2
        jmp     L5900

L59A2:  jsr     L6384
        jmp     LE462

L59A8:  .byte   $A0
L59A9:  .byte   $0F
        .byte   $04
        .byte   $02
        asl     a
        brk
        asl     a
        brk
        brk
        brk
        asl     a
        brk
        asl     a
        brk
        brk
        .byte   $04
        asl     a
        brk
        asl     a
        brk
        asl     a
        brk
        .byte   $0C
        brk
        .byte   $0C
L59C1:  bne     L5993
        .byte   $82
        bne     L5968
        .byte   $82
        bne     L5A3E
L59C9:  ldx     $B6,y
        cmp     ($C1,x)
        cmp     $D9C1,y
        .byte   $F3
        .byte   $F3
        .byte   $F3
        cmp     $B6C1,y
        cmp     ($D9,x)
        .byte   $F3
        ldx     $B6,y
        cmp     ($C1,x)
        cmp     $D9C1,y
        .byte   $F3
        .byte   $F3
        ldx     $C1,y
        cmp     $F3,y
L59E7:  adc     $A290,y
        ldx     $C1,y
        adc     L6060,y
        .byte   $5B
        rts

        .byte   $3C
        pha
        eor     ($5B),y
        eor     ($5B),y
        rts

        rts

        .byte   $3C
        .byte   $2F
        rol     a
        plp
        .byte   $79
        brk
L59FF:  .byte   $03
        ora     $04
        ora     $0A
        ora     $01
        .byte   $03
        ora     $07
        .byte   $03
        ora     $04
        .byte   $02
        .byte   $02
        .byte   $02
        .byte   $03
        asl     $05
        .byte   $07
        ora     ($01,x)
        .byte   $07
        brk
L5A17:  pha
        ldx     $3C,y
        pha
        ldx     $3C,y
        eor     ($C1),y
        .byte   $3C
        eor     ($C1),y
        .byte   $3C
        .byte   $5B
        .byte   $5B
        .byte   $3C
        .byte   $5B
        eor     ($48),y
        eor     ($32),y
        .byte   $2F
        .byte   $3C
L5A2D:  .byte   $32
        .byte   $2F
        .byte   $3C
        ldx     $1D,y
        .byte   $23
        ldx     $3C,y
        .byte   $3C
        cmp     ($1D,x)
        plp
        cmp     ($3C,x)
        .byte   $1D
L5A3C:  .byte   $1F
        .byte   $23
L5A3E:  .byte   $1F
        .byte   $23
        plp
        .byte   $2F
        cmp     ($CC,x)
        cmp     ($CC,x)
        .byte   $F3
        .byte   $32
        and     $3C,x
        and     $32,x
        and     $3C,x
        .byte   $44
        eor     ($55),y
        .byte   $5B
        ror     $5B
        eor     ($4C),y
        pha
        .byte   $3C
        and     $2F,x
        .byte   $F3
        .byte   $F3
        .byte   $F3
        .byte   $F3
        .byte   $F3
        and     $23
        ora     L2325,x
        ora     L1D28,x
        and     ($28,x)
        rol     a
        .byte   $3C
        .byte   $32
        and     $3C,x
        .byte   $44
        eor     $5B,x
        rts

        .byte   $F3
        cpy     $CCF3
        cmp     (L0000,x)
L5A78:  .byte   $03
        .byte   $03
        .byte   $03
        .byte   $03
        .byte   $02
        ora     ($02,x)
        .byte   $03
        ora     ($01,x)
        ora     ($04,x)
        asl     $06
        .byte   $02
        .byte   $07
        .byte   $03
        .byte   $03
        .byte   $03
        .byte   $03
        .byte   $02
        .byte   $02
        .byte   $02
        .byte   $03
        asl     $06
        asl     $02
        .byte   $07
        brk
L5A96:  brk
L5A97:  brk
L5A98:  .byte   $0D
L5A99:  .byte   $01
L5A9A:  .byte   $01
L5A9B:  brk
L5A9C:  ora     ($02,x)
        .byte   $02
        ora     ($02,x)
        .byte   $02
        .byte   $01
L5AA3:  brk
L5AA4:  .byte   $FF
L5AA5:  ora     ($01,x)
        .byte   $01
L5AA8:  ora     ($04,x)
        .byte   $01
L5AAB:  brk
        brk
        brk
L5AAE:  .byte   $04
        .byte   $03
        .byte   $0D
L5AB1:  cmp     L5BB6,y
L5AB4:  brk
        .byte   $02
        .byte   $04
L5AB7:  php
        .byte   $0C
        .byte   $0C
        pha
        txa
        pha
L5ABD:  lda     $02A8
        bne     L5AE3
        sta     $D018
        lda     #$E0
        sta     $D409
        lda     #$0A
        sta     $D017
        bne     L5B02
L5AD1:  lda     #$50
        sta     $D409
        ldx     #$03
L5AD8:  lda     L5850,x
        sta     $D016,x
        dex
        bpl     L5AD8
        bmi     L5B02
L5AE3:  cmp     #$02
        beq     L5AF7
        bcc     L5AD1
        lda     #$E0
        sta     $D409
        lda     L5848
        sta     $D016
        jmp     L5B02

L5AF7:  ldx     #$03
L5AF9:  lda     L5849,x
        sta     $D016,x
        dex
        bpl     L5AF9
L5B02:  dec     $02A8
        pla
        tax
        pla
        rti

L5B09:  bvs     L5B7B
        bmi     L5B53
        brk
        ldx     $06
        asl     $06
        asl     $86
        bvs     L5A9C
        asl     $06
        asl     $B0
        bvs     L5B60
        sec
        tsx
        .byte   $04
        .byte   $04
        .byte   $04
        .byte   $04
        .byte   $04
        .byte   $04
        .byte   $04
        .byte   $04
        .byte   $04
        bcc     L5B2B
        bmi     L5B6D
L5B2B:  bmi     L5B89
        eor     ($09,x)
        .byte   $5B
L5B30:  brk
        brk
        .byte   $AB
        sbc     #$F4
        .byte   $F4
        sbc     $EE
        brk
        tay
        .byte   $EF
        sbc     $F3,x
        sbc     $80
        .byte   $A3
        sbc     ($F4,x)
        brk
        ldy     $EF,x
        sbc     $A380
        sbc     ($F4,x)
        brk
        lda     ($EC,x)
        cpx     $F9E5
        .byte   $80
        .byte   $A3
        .byte   $E1
L5B53:  .byte   $F4
L5B54:  brk
        ora     #$12
L5B57:  .byte   $1B
        brk
        brk
        brk
        brk
        brk
        brk
        brk
        brk
L5B60:  sec
        rol     $E37F,x
        cmp     ($C0,x)
        cpy     #$C0
        cpy     #$E0
        cpx     #$70
        sei
L5B6D:  .byte   $3F
        .byte   $1F
        .byte   $07
        brk
        brk
        bvs     L5BCC
        jmp     (L3B76)

        ora     $070F,x
        .byte   $01
L5B7B:  .byte   $80
        .byte   $80
        cpy     #$60
        adc     ($3B),y
        asl     L2010,x
        rts

        cpx     #$C0
        brk
        .byte   $0F
L5B89:  .byte   $07
        .byte   $03
        brk
        brk
        brk
        brk
        ora     ($81,x)
        .byte   $83
        .byte   $C2
        inc     $9C
        .byte   $80
        .byte   $80
        brk
        brk
        brk
        brk
        brk
        brk
        brk
        asl     $191B
        .byte   $1C
        asl     $030F,x
        brk
        brk
        ora     (L0000,x)
        brk
        brk
        brk
        brk
        brk
        brk
        asl     L1B1F
        ora     #$0C
        asl     $02
L5BB6:  ora     ($01,x)
        brk
        brk
        brk
        rti

        cpx     #$B0
        bcc     L5C18
        bit     $CD9C
        .byte   $F7
        .byte   $3A
        asl     $1B
        .byte   $33
        .byte   $23
        .byte   $23
        rol     $1E,x
L5BCC:  .byte   $0C
        brk
        brk
        brk
        brk
        .byte   $03
        .byte   $07
        asl     $181C
        sec
        sec
        bvs     L5C4A
        bvs     L5C54
        sec
        .byte   $3C
        .byte   $1F
        .byte   $07
        cpy     #$F0
        sed
        pla
        jmp     L386C

        bpl     L5BE9
L5BE9:  brk
        ora     ($01,x)
        .byte   $02
        .byte   $0C
        sec
        cpx     #$00
        brk
        brk
        brk
        brk
        brk
L5BF6:  asl     L713F
        bcs     L5C5B
        rts

        rts

        adc     ($3F),y
        asl     $C6C1,x
        cpy     #$C0
        cpy     #$C1
        ror     $38
        bmi     L5C7A
        sed
        cld
        iny
        .byte   $8B
        .byte   $9E
        sed
        cld
        bne     L5C83
        rts

        cpx     #$B0
        .byte   $1C
        .byte   $07
L5C18:  ora     ($22,x)
        .byte   $1C
        .byte   $0C
        .byte   $0C
        .byte   $04
        .byte   $02
        brk
        sta     ($C8,x)
        cpy     #$A0
        .byte   $93
        .byte   $9C
        ldy     $FD,x
        rti

        brk
        .byte   $80
        jsr     L4000
        bpl     L5C30
L5C30:  brk
        brk
        brk
        brk
        brk
        brk
        brk
        php
        .byte   $23
        ora     #$00
        ora     ($19),y
        clc
        .byte   $13
        brk
L5C40:  brk
        .byte   $33
        adc     L616E,y
        bvs     L5CBA
        adc     L0000
        .byte   $33
L5C4A:  .byte   $6F
        ror     $74
        .byte   $77
        adc     ($72,x)
        adc     L0000
        brk
        brk
L5C54:  brk
        brk
        brk
        brk
L5C58:  .byte   $A3
        ldy     L0000
L5C5B:  .byte   $1C
        .byte   $B2
        .byte   $B3
        ldy     L0000,x
        .byte   $04
        lda     $A6
        brk
        .byte   $03
        lda     (L0000),y
        asl     a
        ldy     L0000,x
        .byte   $27
        lda     L0000
        asl     a
        lda     (L0000),y
        .byte   $14
        lda     L0000,x
        ora     $B7
        brk
        jsr     L00A7
        .byte   $05
L5C7A:  clv
        brk
        .byte   $02
        .byte   $A7
        lda     $A3BA,y
        brk
        .byte   $19
L5C83:  ldx     L0000,y
        .byte   $07
        clv
        brk
        .byte   $02
        ldx     $B7
        brk
        php
        lda     $B8
        brk
L5C90:  asl     a:$B7
        .byte   $0C
        tsx
        .byte   $FF
        brk
        asl     $4A
        cpy     $1000
        dey
        .byte   $0B
L5C9E:  sta     $0600
        ora     $5A,y
        asl     $C3
        eor     #$C7
        dec     $0500
        clc
        brk
        brk
        txs
        brk
        ora     $03
        stx     $07
        brk
        ora     #$DA
        brk
        .byte   $04
        .byte   $01
L5CBA:  cpy     $47
        brk
        .byte   $03
        .byte   $4F
        ora     ($13),y
        brk
        brk
        dec     L0000,x
        .byte   $07
        .byte   $42
        sta     L0000
        .byte   $04
        bcc     L5C9E
        .byte   $54
        sta     $17,x
        brk
        php
        .byte   $22
        and     $1100,y
        and     #$00
        bpl     L5C90
        .byte   $A9
L5CDA:  ldy     $A9AC
        sbc     ($AD,x)
        .byte   $B3
        brk
        ora     $FF6C
L5CE4:  .byte   $03
        php
        ora     #$06
        .byte   $1A
        .byte   $02
        .byte   $0D
        .byte   $07
L5CEC:  lda     #$00
        sta     $02A8
        sta     L9826
        lda     L732C
        beq     L5CFC
        jmp     L5D7D

L5CFC:  dec     L9823
        bne     L5D29
        lda     L9824
        cmp     #$90
        bcs     L5D1A
        sed
        lda     L9825
        adc     #$01
        sta     L9825
        lda     L9824
        adc     #$00
        sta     L9824
        cld
L5D1A:  ldx     L98EE
        beq     L5D23
        ldx     $02A7
        inx
L5D23:  lda     L5CE4,x
        sta     L9823
L5D29:  lda     $14
        bne     L5D76
        lda     L98EE
        beq     L5D44
        inc     L9ACB
        inc     L9A73
        lda     L9A74
        beq     L5D76
        bmi     L5D76
        inc     L9A74
        bne     L5D76
L5D44:  lda     L98FF
        bmi     L5D4C
        inc     L98FF
L5D4C:  lda     L990C
        bmi     L5D59
        lda     L990B
        beq     L5D59
        inc     L990C
L5D59:  lda     $02A3
        bne     L5D6A
        lda     L9801
        cmp     #$0A
        bcs     L5D76
        inc     L9801
        bne     L5D76
L5D6A:  cmp     #$02
        bcc     L5D76
        lda     L999C
        bmi     L5D76
        inc     L999C
L5D76:  lda     $02A6
        beq     L5D91
        bmi     L5D8E
L5D7D:  lda     #$00
        sta     $D208
L5D82:  sta     $D201
        sta     $D203
L5D88:  sta     $D205
        sta     $D207
L5D8E:  jmp     LE462

L5D91:  lda     L99CA
        beq     L5DDB
        bpl     L5D9E
        dec     L99CA
        jmp     L5D7D

L5D9E:  lsr     a
        lsr     a
        lsr     a
        tax
        lsr     a
        and     #$06
        tay
L5DA6:  lda     L99CA
        and     #$07
        ora     #$A0
        sta     $D201,y
        lda     L5DCB,x
        sta     $D200,y
        inx
        inx
        inx
        inx
        iny
        iny
        cpy     #$08
        bcc     L5DA6
        dec     L99CA
        bne     L5DC8
        jmp     L5D7D

L5DC8:  jmp     LE462

L5DCB:  .byte   $23
        and     ($1F,x)
        ora     L2D2F,x
        rol     a
        plp
        and     L3235,y
        .byte   $2F
        plp
        and     $23
        .byte   $21
L5DDB:  lda     L99D4
        beq     L5E06
        tax
        and     #$0F
        asl     a
        asl     a
        eor     #$2F
        sta     $D200
        adc     #$08
        sta     $D202
        txa
        lsr     a
        lsr     a
        and     #$FC
        ora     #$A0
        dec     L99D4
        bne     L5DFD
        lda     #$00
L5DFD:  sta     $D201
        sta     $D203
        jmp     L6288

L5E06:  lda     L99C1
        beq     L5E4D
        ldx     #$66
        stx     $D208
        ldx     #$00
        stx     L99D2
        clc
        ldx     #$06
L5E18:  adc     #$02
        and     #$07
        bne     L5E2C
        lda     L99C2
        adc     L99C3
        sta     L99C2
        sta     $D200,x
        lda     #$00
L5E2C:  ora     #$A0
        sta     $D201,x
        dex
        dex
        bpl     L5E18
        dec     L99C1
        lda     L99C1
        bne     L5E40
        jmp     L5D7D

L5E40:  cmp     #$30
        bcs     L5E47
        lsr     a
        eor     #$FF
L5E47:  sta     L99C4
        jmp     LE462

L5E4D:  lda     L99D2
        beq     L5E73
        asl     a
        asl     a
        sta     $D200
        adc     #$01
        sta     $D202
        adc     #$01
        sta     $D204
        adc     #$01
        sta     $D206
        lda     #$01
        sta     $D208
        dec     L99D2
        lda     #$A8
        jmp     L5D82

L5E73:  .byte   $AD
L5E74:  cmp     ($99),y
        beq     L5E98
        ldx     #$00
        stx     $D208
        ldx     #$0F
        stx     $D200
        inx
        stx     $D202
        ldx     #$78
        stx     $D204
        inx
        stx     $D206
        lsr     a
        ora     #$C0
        dec     L99D1
        jmp     L5D82

L5E98:  lda     L99CB
        beq     L5EDB
        tax
        cmp     #$10
        bcc     L5EA6
        sbc     #$10
        eor     #$0F
L5EA6:  lsr     a
        sta     $D201
        asl     a
        asl     a
        adc     #$20
        sta     $D200
        eor     #$FF
        sta     $D204
        txa
        lsr     a
        lsr     a
        ora     #$C0
        sta     $D203
        and     #$07
        sta     $D202
        lda     #$65
        sta     $D208
        lda     #$00
        dec     L99CB
        beq     L5ED2
        jmp     L5D88

L5ED2:  sta     $D201
        sta     $D203
        sta     $D208
L5EDB:  ldx     L99B9
        beq     L5F3F
        bmi     L5F2F
        dex
        stx     $D205
        lda     $D20A
        bmi     L5EF5
        and     #$0F
        adc     #$0C
        sta     $D200
        lda     $D20A
L5EF5:  and     #$1F
        adc     #$80
        sta     $D204
        lda     $D20A
        and     #$07
        ora     #$A4
        sta     $D201
        lda     L99BA
        bne     L5F17
        lda     $D20A
        cmp     #$28
        bcs     L5F27
        lda     #$0F
        sta     L99BA
L5F17:  dec     L99BA
        bne     L5F1E
        lda     #$00
L5F1E:  lsr     a
        sta     $D203
        asl     a
        asl     a
        sta     $D202
L5F27:  lda     #$04
        sta     L99D7
        jmp     L628A

L5F2F:  inx
        stx     L99B9
        stx     $D208
        stx     $D201
        stx     $D203
        .byte   $8E
L5F3D:  .byte   $BC
        .byte   $99
L5F3F:  lda     L99D0
        beq     L5F68
        tay
        lsr     a
        cmp     #$10
        bcc     L5F4C
        eor     #$1F
L5F4C:  ora     #$20
        sta     $D201
        sta     $D203
        ldx     #$5A
        .byte   $8E
L5F57:  brk
        .byte   $D2
        inx
        .byte   $8E
L5F5B:  .byte   $02
        .byte   $D2
        tya
        and     #$01
        ora     #$20
        dec     L99D0
        jmp     L628A

L5F68:  lda     L99CC
        beq     L5F9E
        cmp     #$10
        bcc     L5F74
        and     #$03
        asl     a
L5F74:  ora     #$80
        sta     $D201
        lsr     a
        sta     $D203
        lda     #$70
        sta     $D202
        lda     #$00
        sta     $D208
        sta     $D200
        sta     $D205
        sta     $D207
        dec     L99CC
        beq     L5F98
        jmp     LE462

L5F98:  sta     $D201
        sta     $D203
L5F9E:  lda     L99CD
        beq     L5FC8
        tax
        and     #$07
        ora     #$A0
        sta     $D201
        txa
        and     #$0B
        adc     #$20
        sta     $D200
        dec     L99CD
        beq     L5FC3
        lda     L99CE
        bne     L5FCD
        sta     $D203
        jmp     L6288

L5FC3:  lda     #$00
        sta     $D201
L5FC8:  lda     L99CE
        beq     L5FE9
L5FCD:  tax
        asl     a
        asl     a
        adc     L99CF
        sta     $D202
        txa
        eor     #$87
        sta     $D203
        dec     L99CE
        beq     L5FE4
        jmp     L6288

L5FE4:  lda     #$00
        sta     $D203
L5FE9:  lda     L99C7
        beq     L6006
        tay
        asl     a
        sta     $D201
        tya
        ora     #$10
        sta     $D200
        dec     L99C7
        beq     L6001
        jmp     L6288

L6001:  lda     #$00
        sta     $D201
L6006:  lda     L99BB
        beq     L6037
        tax
        asl     a
        asl     a
        and     #$FC
        sta     $D200
        adc     #$20
        sta     $D202
        txa
        and     #$03
        asl     a
        ora     #$A0
        sta     $D201
        sta     $D203
        dec     L99BB
        beq     L602C
        jmp     L6288

L602C:  lda     #$00
        sta     $D201
        sta     $D203
        sta     L99BC
L6037:  lda     L99BF
        beq     L6056
        ora     #$20
        sta     $D201
        lda     #$00
        sta     $D203
        sta     L99BC
        lda     #$3C
        sta     $D200
        dec     L99BF
        beq     L6056
        jmp     L6288

L6056:  lda     L99C0
        beq     L6092
        cmp     #$40
        bcc     L6072
        .byte   $A9
L6060:  brk
        sta     L99C0
        sta     L99B4
        sta     L99A9
        .byte   $8D
        .byte   $AB
L606C:  sta     $088D,y
        .byte   $D2
L6070:  beq     L6092
L6072:  tax
        asl     a
        asl     a
        sta     $D200
        ldy     #$00
        sty     $D201
        iny
        .byte   $8C
        .byte   $02
L6080:  .byte   $D2
        txa
        lsr     a
        lsr     a
        lsr     a
        ora     #$A0
        sta     $D203
        inc     L99C0
        lda     #$70
        jmp     L628A

L6092:  jsr     L6384
        lda     L99AB
        bne     L60AE
        ldx     L99AC
        beq     L60D9
        sta     L99AC
        stx     L99AB
        lda     L99AD
        sbc     #$08
        sta     L99AD
        txa
L60AE:  ora     #$20
        sta     $D201
        sta     $D203
        lda     L99AD
        lsr     a
        lsr     a
        sta     $D200
        .byte   $69
L60BF:  .byte   $04
        sta     $D202
        dec     L99AD
        dec     L99AB
        beq     L60CE
        jmp     L6288

L60CE:  lda     #$00
        sta     $D201
        sta     $D203
        sta     L99BC
L60D9:  lda     L99B1
        beq     L60F5
        sta     $D203
        dec     L99B3
        lda     L99B3
        asl     a
        sta     $D202
        dec     L99B1
        bne     L60F5
        lda     #$00
        sta     $D203
L60F5:  lda     L99B0
L60F8:  beq     L6123
        lda     L99B2
        ora     #$C0
        sta     $D201
        and     #$01
        asl     a
        ora     #$58
        sta     $D200
        dec     L99B2
        bne     L611A
        dec     L99B0
        lda     L99B0
        sta     L99B2
        beq     L611D
L611A:  jmp     L6288

L611D:  sta     $D201
        sta     L99BC
L6123:  lda     L99BC
        beq     L616C
        cmp     #$10
        bcc     L6136
        bne     L6131
        inc     L99BE
L6131:  dec     L99BD
        bne     L6139
L6136:  inc     L99BD
L6139:  lda     #$05
        sta     $D208
        lda     #$A5
        sta     $D201
        lda     #$00
        sta     $D203
        sta     $D205
        sta     $D207
        lda     L99BE
        sta     $D200
        asl     a
        adc     L99BD
        lsr     a
        sta     $D204
        dec     L99BC
        beq     L6164
        jmp     LE462

L6164:  lda     #$00
        sta     $D201
        sta     $D208
L616C:  .byte   $AD
        iny
L616E:  sta     L1DF0,y
        sec
        sbc     #$01
        sta     L99C8
        ldx     #$05
        stx     $D200
        ldx     #$14
        stx     $D202
        and     #$07
        ora     #$A0
        sta     $D201
        sta     $D203
        jmp     L6288

        lda     L99B4
        beq     L61C4
        lsr     a
        and     #$07
        eor     #$A3
        sta     $D201
        eor     #$06
        sta     $D203
        lda     $D20A
        and     #$1F
        adc     L99B5
        lsr     a
        lsr     a
        sta     $D202
        lsr     a
        sta     $D200
        dec     L99B5
        dec     L99B4
        .byte   $F0
L61B8:  .byte   $03
        jmp     L6288

        lda     #$00
        sta     $D201
        sta     $D203
L61C4:  lda     L99AE
        beq     L61F6
        cmp     #$50
        bcc     L61D7
        lda     #$00
        sta     L99AE
        sta     $D201
        beq     L61F6
L61D7:  lsr     a
        lsr     a
        clc
        adc     L99AE
        sta     L99AE
        lsr     a
        lsr     a
        lsr     a
        ora     #$40
        sta     $D201
        lda     L99AF
        sta     $D200
        sbc     #$40
        sta     L99AF
        jmp     L6288

L61F6:  lda     L99B6
        beq     L6250
        cmp     #$08
        bcc     L6215
        asl     a
        adc     #$78
        sta     $D200
        sbc     #$60
        tay
        lda     #$4D
        sbc     L99B6
        ror     a
        sta     $D201
        ldx     #$83
        bne     L623D
L6215:  lsr     a
        ora     #$A0
        sta     $D201
        tax
        lda     L99B7
        tay
        lsr     a
        sta     $D200
        cpx     #$A4
        bcs     L622F
        txa
        and     #$8F
        tax
        sbc     #$6E
        tay
L622F:  lda     L99B8
        adc     #$08
        sta     L99B8
        adc     L99B7
        sta     L99B7
L623D:  stx     $D203
        sty     $D202
        dec     L99B6
        bne     L6250
        lda     #$00
        sta     $D201
        sta     $D203
L6250:  lda     L99C5
        beq     L626D
        tay
        lsr     a
        ora     #$A0
        sta     $D201
        tya
        eor     L99C6
        sta     $D200
        dec     L99C5
        bne     L626D
        lda     #$00
        sta     $D201
L626D:  ldx     L99C9
        beq     L6288
        dex
        stx     L99C9
        txa
        lsr     a
        ora     #$C0
        sta     $D201
        ldx     #$14
        and     #$01
        beq     L6285
        ldx     #$11
L6285:  stx     $D200
L6288:  lda     #$20
L628A:  sta     $D208
        dec     L99DC
        bmi     L6295
        jmp     L6349

L6295:  lda     L99D5
        sta     L99DC
        lda     $D20A
        cmp     #$20
        bcs     L62A7
        lda     #$20
        sta     L99DD
L62A7:  lsr     L983F
        bcc     L62EC
        lda     #$80
        sta     L983F
        inc     L99D6
        inc     L99DE
        lda     L99DE
        and     #$03
        bne     L62E5
        .byte   $8D
        cld
L62C0:  sta     $DAEE,y
        sta     $DAAD,y
        sta     $1029,y
        lsr     a
        lsr     a
        adc     #$03
        sta     L99DB
        lda     $D20A
        and     #$0F
        sta     L99D7
        inc     L99DF
        lda     L99DF
        and     #$0C
        sta     L99E0
        lda     #$00
L62E5:  clc
        adc     L99E0
        sta     L99DE
L62EC:  lda     L99DE
        and     #$03
        tax
        lda     L640B,x
        and     L983F
        bne     L630D
        lda     L99D7
        beq     L6333
        dec     L99D7
        lda     $D20A
        and     #$03
        clc
        adc     #$0E
        jmp     L6315

L630D:  lda     L99D8
        and     #$0F
        inc     L99D8
L6315:  tax
        lda     L99D6
        lsr     a
        and     #$18
        clc
        adc     L640F,x
        tay
        lda     L6421,y
        sta     $D206
        lda     $D20A
        and     #$07
        clc
        adc     L99DB
        sta     L99D9
L6333:  ldx     L99DE
        lda     L63FB,x
        and     L983F
        beq     L6346
        lda     $D20A
        and     #$03
        clc
        adc     #$03
L6346:  sta     L99E1
L6349:  lda     L99B9
        bne     L6369
        lda     L99DD
        sta     $D204
        cmp     #$04
        bcc     L635B
        dec     L99DD
L635B:  lda     L99E1
        beq     L6363
        dec     L99E1
L6363:  asl     a
        ora     #$80
        sta     $D205
L6369:  .byte   $AD
        .byte   $D9
L636B:  sta     $03F0,y
        dec     L99D9
L6371:  lsr     a
        ora     #$C0
        sta     $D207
        lda     L5437
        eor     #$02
        bne     L6381
        jmp     LE462

L6381:  jmp     L542E

L6384:  lda     L99A9
        beq     L63F4
        cmp     #$02
        bcs     L63A5
        lda     #$00
        sta     $D203
        sta     $D205
        sta     $D207
        lda     #$A3
        sta     L99AA
        lda     L99A8
        adc     #$10
        sta     L99A7
L63A5:  lda     #$64
        sta     $D208
        inc     L99A9
        lda     L99A7
        sta     $D204
        .byte   $AD
        tax
L63B5:  sta     $018D,y
        .byte   $D2
        lda     L99A9
        tax
        and     #$03
        clc
        adc     L99A8
        sta     $D200
        and     #$01
        beq     L63CD
        dec     L99A7
L63CD:  txa
        cmp     #$0D
        bcs     L63D7
        inc     L99AA
        bne     L63DE
L63D7:  dec     L99AA
        cmp     #$1A
        bcs     L63E3
L63DE:  pla
        pla
        jmp     LE462

L63E3:  lda     #$00
        sta     $D201
        sta     L99A9
        sta     L99A6
        sta     L99BC
        .byte   $8D
        .byte   $DB
L63F3:  .byte   $99
L63F4:  rts

        jmp     L7EB8

        sec
        cli
        sei
L63FB:  .byte   $A3
        ldx     #$B5
        .byte   $5A
        .byte   $D3
        tax
        tsx
        nop
        inc     $FEAC
        tax
        .byte   $FF
        tax
        .byte   $A3
        .byte   $A7
L640B:  eor     ($81,x)
        tax
        .byte   $AF
L640F:  brk
        ora     (L0000,x)
        ora     (L0000,x)
        brk
        .byte   $02
        .byte   $02
        brk
        .byte   $02
        .byte   $02
        .byte   $02
        .byte   $03
        .byte   $04
        ora     $06
        .byte   $07
        .byte   $01
L6421:  .byte   $DA
        cpx     L927D
        .byte   $64
L6426:  txa
        eor     ($3E,x)
        .byte   $37
        and     L6470,x
        eor     L8A70,x
        cmp     L7055,x
        .byte   $37
        .byte   $42
        lsr     $5D
        .byte   $1B
        rol     $E9A7
        .byte   $6F
        sbc     L9364,y
        .byte   $4E
        .byte   $42
L6441:  lda     L990F
        bne     $6499
        lda     L9910
        beq     L6468
        lda     #$00
        sta     L9910
        sta     L990D
        lda     #$05
        sta     L994F
        sta     L9904
        sta     L9914
        lda     $D20A
        and     #$02
        tax
        inx
        inx
        bne     L6493
L6468:  lda     L990D
        sta     L990E
        .byte   $20
        .byte   $B5
L6470:  adc     L0010,x
        eor     $20,x
        .byte   $2B
        adc     $D0,x
        bvc     L6426
        inc     $D098
        .byte   $0C
        lda     L990E
        cmp     #$02
        bne     L6489
        lda     #$07
        sta     L99AC
L6489:  lda     #$00
        sta     L994F
        sta     L990D
        ldx     #$03
L6493:  stx     L9906
        jmp     L657D

        sta     L9947
        lda     L99C0
        beq     L64A2
L64A1:  rts

L64A2:  lda     $02A5
        bne     L64B1
        lda     L99B0
        bne     L64A1
        pla
        pla
        jmp     L74BC

L64B1:  lda     L9987
        cmp     L9912
        bne     L64C0
        lda     #$00
        sta     L990F
        beq     L64C8
L64C0:  lda     #$08
        sta     L99D5
        jmp     L668C

L64C8:  .byte   $AD
L64C9:  eor     $9A,x
        bne     L64D6
        lda     L9914
        sta     L9915
        lda     $0278
L64D6:  sta     L9914
        ldx     #$00
L64DB:  cmp     L6ED5,x
        bne     L64F6
        lda     L9A52
        beq     L64F3
        lda     L6EDD,x
        beq     L64F3
        bmi     L64F3
        lda     L98F6
        cmp     #$C8
        bcs     L64FB
L64F3:  jmp     L657D

L64F6:  inx
        cpx     #$08
        bcc     L64DB
L64FB:  ldx     L9906
        bne     L6509
        jsr     L6F21
        lda     L9914
        jmp     L7134

L6509:  lda     L98F6
        tay
        and     #$07
        cmp     #$01
        bne     L6533
        lda     L9908
        beq     L655B
        and     #$7F
        ldx     L98EE
        bne     L6527
        cmp     #$07
        beq     L652E
        cmp     #$08
        beq     L652E
L6527:  lda     #$00
        sta     L9908
        beq     L655B
L652E:  lda     #$0D
        sta     L9908
L6533:  lda     #$F0
        sta     L9907
        bcc     L6550
        ldx     L98EE
        bne     L6546
        lda     L9908
        cmp     #$0D
        beq     L6550
L6546:  tya
        clc
        adc     #$0F
        tay
        dec     L98F6
        bne     L6553
L6550:  inc     L98F6
L6553:  lda     #$00
        sta     $A400,y
        sta     $A500,y
L655B:  inc     L9907
        lda     L9907
        cmp     #$18
        bcc     L657A
        lda     #$00
        sta     L9907
        lda     $D20A
        and     #$01
        adc     #$16
        sta     L996F
        jsr     L6F21
        jsr     L6F5A
L657A:  jmp     L7127

L657D:  stx     $4D
        lda     L6EE7,x
        sta     L9977
        lda     L6EDF,x
        sta     L9947
        lda     L6EDD,x
        sta     L98F5
        bne     L65A1
        ldy     L9906
        beq     L659E
        sta     L9977
        jmp     L6509

L659E:  jmp     L6679

L65A1:  cpx     #$07
        bne     L65AB
        ldy     #$17
        ldx     #$16
        bne     L65D5
L65AB:  cpx     #$03
        bne     L65B5
        ldy     #$15
        ldx     #$14
        bne     L65D5
L65B5:  ldx     #$07
        lda     L9914
        and     #$01
        bne     L65D3
        lda     L98EE
        bne     L65CF
        lda     L990D
        cmp     #$02
        bne     L65CF
        lda     #$03
        sta     L994F
L65CF:  ldy     #$08
        bne     L65D5
L65D3:  ldy     #$09
L65D5:  stx     L996F
        sty     L9909
        lda     L9906
        beq     L65F1
        lda     L9904
        bne     L65F1
        sty     L996F
        ldx     L98F5
        bpl     L65F1
        inx
        stx     L994F
L65F1:  ldy     L994F
        lda     L98F5
        bmi     L662E
        ldx     L9906
        bne     L660C
        ldx     L98EE
        bne     L660C
        ldx     #$FF
        stx     L98F7
        inx
        stx     L990B
L660C:  lda     #$00
        sta     L9904
        lda     L98F6
        cmp     #$D4
        bcc     L6623
        lda     L9A52
        bne     L6623
        sta     L98F5
        jmp     L6686

L6623:  lda     #$08
        sta     L990A
        ldx     #$03
        lda     #$1C
        bne     L6651
L662E:  ldx     L990B
        beq     L6635
        ldx     #$89
L6635:  dex
        stx     L98F7
        lda     L994F
        sec
        rol     a
        tax
        cpx     #$02
        bcs     L6645
        ldx     #$02
L6645:  lda     #$24
        sec
        sbc     L994F
        lsr     a
        stx     L994F
        ldx     #$00
L6651:  stx     L98FB
        sta     L98FD
        tya
        asl     a
        asl     a
        sta     L995F
        lda     #$00
        sta     L9967
        sta     L9906
        lda     L98EE
        bne     L6676
        lda     L990D
        cmp     #$02
        bne     L6676
        lda     #$07
        sta     L99AC
L6676:  jmp     L6686

L6679:  lda     L9914
        cmp     L9915
        beq     L668C
        lda     #$06
        sta     L996F
L6686:  jsr     L6F21
        jmp     L71BC

L668C:  jsr     L6F21
        .byte   $4C
        .byte   $83
L6691:  adc     ($01),y
        .byte   $03
        asl     a
        .byte   $14
L6696:  dey
L6697:  lda     $B828,y
        cld
L669B:  clv
L669C:  .byte   $07
        php
L669E:  ora     #$0A
        .byte   $0B
        .byte   $0C
        .byte   $02
        .byte   $02
L66A4:  dey
L66A5:  lda     $B98A,y
        plp
        clv
        rol     a
        clv
        asl     $B9
        .byte   $04
        .byte   $B9
L66B0:  ora     ($01,x)
        .byte   $FF
L66B3:  brk
        ora     ($30,x)
        .byte   $31
L66B7:  .byte   $FF
        .byte   $80
        .byte   $D0
L66BA:  lda     L9998
        bne     L6707
        lda     L9999
        cmp     #$40
        bcs     L66CB
        inc     L9999
        bne     L670A
L66CB:  ldx     L9997
        bne     L66ED
        lda     L9801
        bmi     L66E0
        cmp     #$0A
        bcc     L66E0
        ldx     #$01
        stx     L9997
        bne     L66ED
L66E0:  lda     L98F6
        cmp     #$AC
        bcc     L6719
        lda     $14
        bne     L6719
        beq     L66FD
L66ED:  lda     $D20A
        cmp     L6691,x
        bcs     L66E0
        lda     $D20A
        ora     $D20A
        and     #$1F
L66FD:  adc     #$06
        sta     L9998
        lda     #$00
        sta     L9999
L6707:  dec     L9998
L670A:  inc     L999A
        lda     L999A
        asl     a
        asl     a
        asl     a
        asl     a
        cmp     L9999
        bcs     L671C
L6719:  jmp     L67EA

L671C:  lda     #$00
        sta     L999A
        lda     #$01
L6723:  tax
        pha
        lda     L9827,x
        clc
        adc     #$01
        and     #$0F
        sta     L9827,x
        sta     L9828,x
        bne     L6770
        ldy     #$2B
        cpx     #$01
        bne     L6757
L673B:  lda     $B828,y
        sta     $B82C,y
        lda     $B858,y
        sta     $B85C,y
        dey
        bpl     L673B
        ldx     #$04
        jsr     L67EB
        ldx     #$06
        jsr     L67EB
        jmp     L6770

L6757:  lda     $B988,y
        sta     $B98C,y
        lda     $B9B8,y
        sta     $B9BC,y
        dey
        bpl     L6757
        ldx     #$00
        jsr     L67EB
        ldx     #$02
        jsr     L67EB
L6770:  pla
        clc
        adc     #$08
        cmp     #$0B
        bcc     L6723
        lda     L982C
        sec
        sbc     #$01
        and     #$0F
        sta     L982C
        sta     L982D
        cmp     #$0F
        bne     L67A7
        ldy     #$00
L678C:  lda     $B8DC,y
        sta     $B8D8,y
        lda     $B90C,y
        sta     $B908,y
        iny
        cpy     #$30
        bcc     L678C
        ldx     #$0A
        jsr     L67EB
        ldx     #$08
        jsr     L67EB
L67A7:  lda     L9987
        cmp     #$2F
        bcc     L67B8
        cmp     #$D0
        bcs     L67B8
        adc     L9906
        sta     L9987
L67B8:  ldy     #$02
L67BA:  lda     L99F8,y
        bne     L67E7
        lda     L99E8,y
        beq     L67C9
        lda     L99EC,y
        bne     L67E7
L67C9:  ldx     L77A1,y
        lda     L98DC,x
        cpy     #$02
        bne     L67DB
        cmp     #$31
        bcc     L67E7
        sbc     #$01
        bne     L67E1
L67DB:  cmp     #$C9
        bcs     L67E7
        adc     #$01
L67E1:  sta     L98DC,x
        sta     L98DD,x
L67E7:  dey
        bpl     L67BA
L67EA:  rts

L67EB:  lda     L66A4,x
        sta     $80
        lda     L66A5,x
        sta     $81
        txa
        lsr     a
        lsr     a
        tax
L67F9:  lda     $D20A
        cmp     L999C
        .byte   $90
L6800:  php
        lda     $D20A
        cmp     L66B7,x
        bcc     L681C
        lda     #$03
        ldy     #$00
        sta     ($80),y
        iny
        sta     ($80),y
L6812:  lda     #$02
        ldy     #$30
        sta     ($80),y
        iny
        sta     ($80),y
        rts

L681C:  lda     $D20A
        cmp     #$18
        bcc     L684C
        cmp     #$60
        bcc     L6850
        ldy     #$01
L6829:  lda     $D20A
        and     #$03
        bne     L6832
        lda     #$03
L6832:  ldx     $D20A
        bpl     L6839
        ora     #$80
L6839:  clc
        adc     #$03
L683C:  sta     ($80),y
        dey
        bmi     L6812
        lda     $D20A
        and     #$03
        beq     L6829
        lda     #$03
        bne     L683C
L684C:  ldy     #$03
        bne     L6852
L6850:  ldy     #$07
L6852:  ldx     #$03
        lda     $D20A
        and     #$80
        sta     L999B
L685C:  lda     L669C,y
        ora     L999B
        sty     $90
        ldy     L66B3,x
        sta     ($80),y
        ldy     $90
        dey
        dex
        bpl     L685C
        rts

L6870:  dec     L995F
        bmi     L6876
        rts

L6876:  .byte   $EE
        .byte   $5F
L6878:  sta     $C820,y
        bvs     $68AD
        .byte   $13
        beq     L6891
        lda     #$00
        sta     L9947
        lda     #$03
        sta     L98FB
        ldx     L98EE
        beq     L68B2
        bne     L68B5
L6891:  inc     L9967
        lda     L9967
        cmp     L98FD
        bcc     L68C3
        lda     #$00
        sta     L9967
        lda     L98FB
        ldx     L98F5
        bpl     L68BC
        inc     L98FB
        cmp     #$03
        bcc     L68C3
        lda     #$00
L68B2:  sta     L990A
L68B5:  lda     #$01
        sta     L98F5
        bne     L68C3
L68BC:  cmp     #$00
        beq     L68C3
        dec     L98FB
L68C3:  inc     L98FC
        lda     L98FC
        cmp     L98FB
        bcc     L692B
        lda     #$00
        sta     L98FC
        lda     L98F6
        clc
        adc     L98F5
        cmp     #$04
        bcs     L68E8
        ldx     #$01
        stx     L98F5
        ldx     #$06
        stx     L98FB
L68E8:  cmp     #$D5
        bcc     L6920
        ldx     L9A52
        beq     L6918
        cmp     #$F8
        bcs     L6901
        ldx     L99CA
        bne     L6920
        ldx     #$80
        stx     L99CA
        bne     L6920
L6901:  lda     #$F8
        ldx     L99CA
        bne     L6920
        pla
        pla
        ldx     #$03
L690C:  lda     L76B6,x
        sta     L9813,x
        dex
        bpl     L690C
        jmp     v06_37AB

L6918:  stx     L990A
        stx     L98F8
        lda     #$D4
L6920:  sta     L98F6
        lda     L990A
L6926:  beq     L692B
        dec     L990A
L692B:  lda     L98F5
        bmi     L694D
        jsr     L75B5
        bmi     L6948
        lda     #$00
        sta     L9903
        lda     #$FE
L693C:  sta     L98FF
        sta     L9900
        sta     L9901
        jmp     L69D3

L6948:  jsr     L752B
        bne     L6964
L694D:  lda     L9A3A
        beq     L6955
        jmp     L6A01

L6955:  lda     L9909
L6958:  sta     L996F
        jsr     L7127
        jsr     L6F21
        jmp     L6F5A

L6964:  cmp     #$FF
        bne     L697C
L6968:  lda     L98F6
        cmp     #$80
        bcs     L694D
        lda     L98F9
        bne     L694D
        jsr     L6EC9
        pla
        pla
        jmp     v02_1B02

L697C:  sta     L9908
        lda     L98EE
        bne     L69BC
        ldy     L98F6
        ldx     L9987
        cpx     L9901
        bne     L69A1
        cpy     L9902
        bne     L69A1
        inc     L9903
        lda     L9903
        cmp     #$02
        bcc     L69AC
        jsr     L6EC9
L69A1:  stx     L9901
        sty     L9902
        lda     #$00
        sta     L9903
L69AC:  lda     L98FE
        cmp     L9900
        beq     L69BC
        sta     L9900
        lda     #$00
        sta     L98FF
L69BC:  lda     #$00
        sta     L9977
        sta     L990D
        lda     #$D0
        sta     L99AF
        lda     #$18
        sta     L99AE
        lda     #$17
        sta     L996F
L69D3:  lda     #$06
        sta     L994F
        lda     #$00
        sta     L98F5
        sta     L9947
        sta     L990C
        ldx     L98EE
        bne     L69FE
        lda     L990D
        cmp     #$02
        bne     L69FE
        lda     $D20A
        and     #$0F
        adc     #$28
        sta     L99AD
        lda     #$07
        sta     L99AB
L69FE:  jmp     L64C8

L6A01:  lda     #$00
        .byte   $8D
L6A04:  .byte   $77
        sta     $CCAD,y
        sta     $14C9,y
        bcs     L6A12
        lda     #$1F
        sta     L99CC
L6A12:  lda     L98F6
        lsr     a
        lsr     a
        and     #$07
        tax
        lda     L6A20,x
        jmp     L6958

L6A20:  .byte   $17
        .byte   $12
        ora     ($13),y
        ora     $09,x
        .byte   $07
        php
L6A28:  lda     $0206
        cmp     #$18
        bcc     L6A33
        cmp     #$28
        bcc     L6A36
L6A33:  nop
        nop
        nop
L6A36:  ldx     $02A3
        lda     L6B0C,x
        sta     L9A4E
        lda     #$02
        ldy     #$00
L6A43:  sta     $B800,y
        sta     $B83C,y
        sta     $B938,y
        dey
        bne     L6A43
        sty     $8C
        ldx     #$27
L6A53:  lda     #$BB
        sta     $B800,x
L6A58:  lda     $D20A
        and     #$03
        clc
        adc     #$0D
        cmp     $8C
        beq     L6A58
        sta     $8C
        sta     $BA38,x
        lda     #$11
        sta     $BA60,x
        lda     $D20A
        cmp     #$20
        bcs     L6A79
        lda     #$16
        bne     L6A7B
L6A79:  lda     #$11
L6A7B:  sta     $BB78,x
        dex
        bpl     L6A53
        ldx     #$F0
L6A83:  lda     $D20A
        and     #$1F
        cmp     #$04
        bcc     L6A90
        lda     #$11
        bne     L6A92
L6A90:  adc     #$12
L6A92:  sta     $BA87,x
        dex
        bne     L6A83
        lda     #$63
        sta     $80
        lda     #$BA
        sta     $81
        ldx     #$00
        jsr     L7502
        jsr     v04_3B30
        lda     #$2E
        sta     L98EF
        ldx     $02A3
        lda     L542F,x
        sta     L999C
L6AB6:  ldx     #$04
L6AB8:  lda     L6696,x
        clc
        adc     L98EF
        sta     $80
        lda     L6697,x
        adc     #$00
        sta     $81
        txa
        pha
        ldx     #$00
        jsr     L67F9
        pla
        tax
        dex
        dex
        bpl     L6AB8
        dec     L98EF
        dec     L98EF
        bpl     L6AB6
        lda     #$17
        sta     L9A40
L6AE2:  jsr     L6CA0
        dec     L9A40
        bpl     L6AE2
L6AEA:  lda     $02A5
        clc
        adc     #$A7
        sta     $BA80
        jsr     L7426
        ldx     #$03
L6AF8:  lda     L981B,x
        sta     L98E9,x
        dex
        bpl     L6AF8
        lda     #$8D
        sta     $80
        lda     #$BA
        sta     $81
        jmp     L7439

L6B0C:  brk
        .byte   $14
        and     $33
        and     $33
        and     $33
L6B14:  cmp     $CE1D
        asl     LCD00,x
        bpl     L6AEA
        ora     ($CD),y
        and     #$CE
        rol     a
        brk
        cmp     #$26
        dex
        .byte   $27
        .byte   $CB
        eor     L4ECC
        cmp     $CE1F
        jsr     LCD00
        .byte   $02
        dec     $C903
        php
        dex
        ora     #$CB
        .byte   $2F
        cpy     $CD30
        and     $CE,x
        rol     L0000,x
L6B40:  brk
        ora     $0E
        .byte   $1B
        asl     $0E1B
        .byte   $1B
L6B48:  ldx     $02A3
        ldy     L6B40,x
L6B4E:  .byte   $BF
        .byte   $14
        .byte   $6B
        cpx     #$00
        beq     L6B5F
        iny
        ldx     L6B14,y
        sta     $BBA0,x
        iny
        bne     L6B4E
L6B5F:  jmp     L0054

L6B62:  lda     L9826
        beq     L6B68
        rts

L6B68:  lda     L98F8
        beq     L6B70
        jmp     L6C66

L6B70:  inc     L9826
        lda     $D00C
        ora     $D00D
        and     #$04
        beq     L6BE6
        lda     L98F6
        cmp     #$90
        bcs     L6BE6
        adc     #$14
        tay
        jsr     L75A4
        lda     L99F8,y
        bne     L6BE6
        lda     #$7F
        sta     L99F8,y
        sty     $90
        tya
        tax
        jsr     L71E5
        ldy     $90
        lda     #$08
        sta     $8C
        ldx     L779E,y
        tya
        asl     a
        asl     a
        asl     a
        tay
L6BA9:  lda     L7804,y
        sta     $A600,x
        iny
        inx
        dec     $8C
        bne     L6BA9
        ldy     $90
        lda     L7793,y
        tax
        lsr     a
        sta     $8C
        lda     #$00
        sta     L99B4
        lda     #$78
        sbc     $8C
        sta     L99A8
        lda     #$01
        sta     L99A6
        sta     L99A9
        lda     L9803
        sec
        sbc     #$08
        bcs     L6BDC
        lda     #$00
L6BDC:  sta     L9803
        txa
        jsr     L7421
        jmp     L6C66

L6BE6:  lda     L990D
        cmp     #$02
        bne     L6BF0
        jsr     v05_4D83
L6BF0:  lda     $D00C
        ora     $D00D
        and     #$08
        beq     L6C66
        lda     L98F6
        cmp     #$84
        bcs     L6C66
        lda     L99A0
        cmp     #$40
        bcc     L6C66
        lda     #$0C
        sta     L98FB
        sta     L98F8
        lda     #$17
        sta     L996F
        sta     L9909
        lda     #$0F
        sta     L99BF
        lda     #$08
        sta     L99A4
        sta     L99A5
        sta     L99C0
        lda     L99A1
        jsr     L711C
        sta     L99A1
        lda     #$88
        sta     L98F7
        lda     #$00
        tax
        stx     L9947
        stx     L9977
        stx     L9906
        stx     L99A2
        stx     L99A3
        stx     L990C
        inx
        stx     L98F5
        ldy     #$0E
L6C51:  sta     $A488,y
        sta     $A588,y
        dey
        bne     L6C51
        .byte   $CE
L6C5B:  lda     $02
        lda     $02A5
L6C60:  clc
        adc     #$A7
        sta     $BA80
L6C66:  sta     $D01E
        rts

L6C6A:  lda     $D00C
        sta     L5437
        .byte   $8D
        .byte   $1E
L6C72:  bne     L6CC0
        rti

        .byte   $54
L6C76:  .byte   $3F
        rti

        rti

        rti

        .byte   $3E
L6C7B:  eor     ($43,x)
        eor     $47
L6C7F:  .byte   $3C
        .byte   $64
        .byte   $8C
        .byte   $B4
L6C83:  .byte   $3C
        .byte   $5C
        .byte   $7C
L6C86:  .byte   $03
        .byte   $04
        .byte   $07
        php
        .byte   $0B
        .byte   $0C
L6C8C:  .byte   $03
        .byte   $0D
        .byte   $17
L6C8F:  and     ($04,x)
        brk
        brk
        .byte   $04
L6C94:  ora     $06
        php
        ora     $09
        .byte   $07
        .byte   $04
        ora     #$06
        ora     #$06
        php
L6CA0:  jsr     L6CBA
        lda     #$BE
        ldx     #$03
L6CA7:  sta     ($80),y
        iny
        lda     $D20A
        and     #$01
        clc
        adc     #$BC
        dex
        bpl     L6CA7
        lda     #$BF
        sta     ($80),y
        rts

L6CBA:  lda     L9A40
        tay
        lsr     a
        lsr     a
L6CC0:  tax
        lda     L6C86,x
        asl     a
        tax
        lda     $0610,x
        sta     $80
        lda     $0611,x
        sta     $81
        tya
        and     #$03
        tax
        ldy     L6C8C,x
        rts

L6CD8:  dec     L9A42
        beq     L6CDE
L6CDD:  rts

L6CDE:  lda     #$53
        sta     L9A42
        ldx     L9A43
        bne     L6D46
        stx     L98F9
        lda     L98F6
        cmp     #$90
        bcs     L6CDD
        lda     $D20A
        cmp     #$18
        bcs     L6CDD
L6CF9:  lda     L990C
        cmp     #$02
        bcc     L6D0B
        ldy     #$00
        lda     $D20A
        and     #$03
        ldx     #$08
        bcs     L6D2E
L6D0B:  lda     $D20A
        and     #$1B
        cmp     #$18
        bcs     L6D0B
        ldy     L9A46
        beq     L6D2B
        tax
        lda     $D20A
        and     #$07
        ora     #$20
        sta     L99A8
        txa
        sty     L99A6
        sty     L99A9
L6D2B:  ldx     L9806
L6D2E:  sty     L9A45
        cmp     L9A41
        beq     L6CF9
        sta     L9A41
        stx     L9A44
        lda     #$01
L6D3E:  sta     L9A47
        ldx     #$04
        stx     L9A43
L6D46:  lda     L9A41
        ora     L6C8F,x
        sta     L9A40
        cpx     #$02
        bcc     L6D75
        bne     L6D7B
        dec     L9A44
        beq     L6D75
        lda     L9A45
        beq     L6D98
        lda     $D20A
        and     #$04
        ora     L9A41
L6D67:  sta     L9A40
        .byte   $20
        tsx
L6D6C:  jmp     (LC8C8)

        jsr     L6E38
        jmp     L6D97

L6D75:  jsr     L6CA0
        jmp     L6D94

L6D7B:  jsr     L6CBA
        ldx     #$04
L6D80:  lda     L6C76,x
        sta     ($80),y
        iny
        dex
        bpl     L6D80
        lda     L9A45
        beq     L6D94
        dey
        dey
        dey
        jsr     L6E38
L6D94:  dec     L9A43
L6D97:  rts

L6D98:  lda     L999E
        bne     L6D97
        lda     L9A47
        beq     L6D97
        lda     L9A41
        tay
        and     #$03
        tax
        sta     $8C
        lda     $D20A
        and     #$0F
        adc     L6C7F,x
        sta     L999F
        tya
        lsr     a
        lsr     a
        lsr     a
        tax
        lda     L6C83,x
        sta     L999E
        sec
        sbc     L98F6
        bcs     L6DC9
        eor     #$FF
L6DC9:  lsr     a
        sta     $8D
        lda     L999F
        sec
        sbc     L9987
        bcs     L6DD7
        eor     #$FF
L6DD7:  lsr     a
        clc
        adc     $8D
        cmp     #$14
        bcs     L6DEC
        lda     L990C
        cmp     #$02
        bcs     L6DEC
        lda     #$00
        sta     L999E
        rts

L6DEC:  tya
        lsr     a
L6DEE:  ora     $8C
        tax
        lda     L6C94,x
        sta     L99BE
        lda     #$0E
        sta     L99BD
        asl     a
        sta     L99BC
L6E00:  lda     $D20A
        and     #$18
        beq     L6E00
        clc
        adc     #$38
        sta     L99A0
        lda     $D20A
        ora     #$8E
        sta     L9A66
        lda     #$07
        sta     L99A4
        sta     L99A5
        lda     #$00
        sta     L99A2
        sta     L99A3
        lda     L9987
        sta     L991B
        lda     L999F
        jsr     L732D
        sta     L99A1
        dec     L9A47
        rts

L6E38:  lda     #$01
        sta     $8C
        lda     $D20A
        and     #$01
        sta     $8D
        lda     L9A40
        and     #$04
        lsr     a
        tax
L6E4A:  lda     L6C7B,x
        adc     $8D
        sta     ($80),y
        iny
        inx
        dec     $8C
        bpl     L6E4A
        rts

L6E58:  .byte   $CE
L6E59:  .byte   $13
        sta     $0130,y
L6E5D:  rts

L6E5E:  lda     #$04
        sta     L9913
        lda     L9A2D
        bne     L6E5D
        lda     L9905
        bne     L6E5D
        lda     L9AC5
        bne     L6E5D
        lda     L98EE
        bne     L6E88
        lda     L98FF
        bmi     L6E88
        cmp     #$02
        bcc     L6E88
        lda     #$00
        sta     L98FF
        jsr     L6EC9
L6E88:  lda     L98F5
        bne     L6E93
        sta     L9A3A
        jmp     L6441

L6E93:  lda     L98EE
        bne     L6EB2
        lda     L98F6
        cmp     L99D3
        beq     L6EB2
        sta     L99D3
        ldx     #$04
L6EA5:  inx
        cpx     #$08
        bcs     L6EAF
        cmp     L63F3,x
        bcs     L6EA5
L6EAF:  stx     L99D5
L6EB2:  jmp     L6870

L6EB5:  lda     #$08
        sta     $80
        ldx     #$07
        ldy     L7F9F
        lda     #$D4
        stx     $82
        ldx     #$D2
        stx     $81
        sta     $83
        rts

L6EC9:  lda     L9997
        cmp     #$04
        bcs     L6ED3
        inc     L9997
L6ED3:  rts

        .byte   $02
L6ED5:  asl     $07
        ora     $0D
        ora     #$0B
        asl     a
        .byte   $0E
L6EDD:  .byte   $FF
        brk
L6EDF:  ora     ($01,x)
        ora     (L0000,x)
        .byte   $FF
        .byte   $FF
        .byte   $FF
        brk
L6EE7:  brk
        brk
        brk
        brk
        asl     a
        asl     a
        asl     a
        brk
        .byte   $F2
        .byte   $F4
        sed
        .byte   $FF
L6EF3:  ldx     L9921
        txa
        asl     a
        tay
        lda     L993A,y
        sta     L9993
        ldy     #$FF
        sty     L9994
        iny
        sty     L9995
        lda     L6F1A,x
        sta     L9996
        lda     #$A6
        sta     $89
        lda     #$A7
        sta     $8B
        inx
        jmp     L6F43

L6F1A:  .byte   $3B
        .byte   $53
        .byte   $6B
        .byte   $83
        .byte   $9B
        .byte   $B3
        .byte   $CB
L6F21:  lda     L9938
        sta     L9993
        lda     L98F7
        sta     L9994
        lda     L98F5
        sta     L9995
        lda     L98F6
        sta     L9996
        lda     #$A4
        sta     $89
        lda     #$A5
        sta     $8B
        ldx     #$00
L6F43:  ldy     #$00
        sty     $88
        sty     $8A
L6F49:  lda     L996F,x
        sta     L998F,y
        txa
        clc
        adc     #$08
        tax
        iny
        cpy     #$04
        bcc     L6F49
        rts

L6F5A:  lda     #$00
        sta     $85
        lda     L998F
        clc
        adc     L9990
        ldx     #$04
L6F67:  asl     a
        rol     $85
        dex
        bne     L6F67
        tax
L6F6E:  clc
        adc     #$FF
        sta     $86
        lda     $85
        tay
        adc     #$95
        sta     $87
        txa
        clc
        adc     #$6F
        sta     $84
        tya
        adc     #$94
        sta     $85
        lda     L9995
        bmi     L6F8D
        lda     L9994
L6F8D:  sta     $8C
        ldy     #$00
        sty     L6FA7
        sty     L6FAC
        lda     $89
        sta     L6FA8
        lda     $8B
        sta     L6FAD
        ldx     L9996
L6FA4:  lda     ($84),y
        .byte   $9D
L6FA7:  brk
L6FA8:  ldy     $B1
        stx     $9D
L6FAC:  brk
L6FAD:  lda     $E4
        sty     $07B0
        inx
        iny
        cpy     #$10
        bcc     L6FA4
        rts

        cpx     L9996
        bne     L7005
        jsr     L7006
        ldx     #$00
        stx     L990B
        stx     L990C
        stx     L9987
        stx     L98F5
        stx     L9906
        stx     L990A
        stx     L98F8
        stx     L9901
        stx     L9903
        dex
        stx     L98F7
        stx     L9A74
        stx     L9900
        lda     #$D4
        sta     L98F6
        lda     #$1C
        sta     L99B3
        lda     $D20A
        and     #$07
        clc
        adc     #$08
        sta     L99B2
        sta     L99B0
        lda     #$0F
        sta     L99B1
L7005:  rts

L7006:  ldx     #$FF
        ldy     #$0A
        lda     L9987
        php
        lda     #$BC
        plp
        bmi     L7019
        ldx     #$01
        ldy     #$00
        lda     #$34
L7019:  stx     L990F
        sty     L9977
        sta     L9912
        rts

L7023:  lda     L99A9
        bne     L7038
        lda     $D20A
        ora     $D20A
        and     #$1F
        adc     #$30
        sta     L99A8
        inc     L99A9
L7038:  rts

L7039:  lda     $89
        cmp     #$A4
        bne     L704D
        lda     #$00
        sta     $D001
        lda     L9987
        clc
        adc     #$04
        sta     $D000
L704D:  lda     #$00
        ldy     L9996
        ldx     #$10
L7054:  .byte   $91
L7055:  txa
        iny
        dex
        bpl     L7054
        ldy     L9991
        ldx     L9426,y
        ldy     L9996
        sta     ($88),y
        iny
L7066:  sta     ($88),y
        iny
        lda     #$06
        sta     L9918
L706E:  lda     L9431,x
        sta     ($88),y
        iny
        inx
        dec     L9918
        bne     L706E
        .byte   $AD
        .byte   $93
L707C:  sta     L4A4A,y
        lsr     a
        and     #$0C
        tax
        lda     #$04
        sta     L9918
L7088:  lda     L945B,x
        sta     ($88),y
        iny
        inx
        dec     L9918
        bne     L7088
        ldx     #$00
L7096:  lda     L946B,x
        sta     ($88),y
        iny
        inx
        cpx     #$04
        bcc     L7096
        rts

L70A2:  lda     L99A9
        ldx     #$FF
L70A7:  inx
        cmp     L942D,x
        bcc     L70A7
        txa
        adc     #$02
        sta     L9991
        jmp     L7172

L70B6:  ldy     L98F6
        ldx     #$10
        lda     #$00
L70BD:  sta     $A400,y
        sta     $A500,y
        iny
        dex
        bpl     L70BD
        rts

L70C8:  inc     L9957
        lda     L994F
        ldx     L98F5
        bne     L70D5
        sec
        rol     a
L70D5:  ldx     #$FF
        cmp     L9957
        bcs     L70FE
        inx
        stx     L9957
L70E0:  lda     L9987
        clc
        adc     L9947
        ldy     L990F
        bne     L70FB
        ldx     #$C3
        ldy     L98EE
        bne     L70F5
        ldx     #$C7
L70F5:  stx     L98F0
L70F8:  jsr     L7105
L70FB:  sta     L9987
L70FE:  txa
        rts

L7100:  ldx     #$C8
        stx     L98F0
L7105:  ldx     #$00
        cmp     #$2C
        bcs     L710E
        lda     #$2C
        inx
L710E:  cmp     L98F0
        bcc     L7119
        lda     L98F0
        sbc     #$01
        inx
L7119:  cpx     #$00
        rts

L711C:  beq     L7126
        bmi     L7124
        lda     #$FF
        bmi     L7126
L7124:  lda     #$01
L7126:  rts

L7127:  .byte   $AD
        .byte   $87
L7129:  sta     $8D,y
        bne     $7146
        adc     #$08
        sta     $D001
        rts

L7134:  cmp     L9915
        beq     L7152
L7139:  lda     #$06
        sta     L996F
        .byte   $8D
L713F:  .byte   $8F
        sta     L4F8D,y
        sta     $10A9,y
        sta     L9937
        sta     L9938
        jsr     L7127
        jmp     L6F5A

L7152:  dec     L9937
        bmi     L7162
        dec     L9938
        lda     L9938
        and     #$1F
        beq     L7172
        rts

L7162:  lda     #$32
        sta     L9937
        lda     $D20A
        and     #$03
        sta     L997F
        sta     L9991
L7172:  lda     #$06
        sta     L995F
        sta     L994F
        lda     L9938
        sta     L9993
        jmp     L7039

L7183:  lda     L994F
        beq     L7195
        dec     L9967
        bpl     L7195
        lda     #$12
        sta     L9967
        dec     L994F
L7195:  jsr     L70C8
        bpl     L719B
        rts

L719B:  inc     L995F
        lda     L995F
        cmp     #$03
        bcs     L71A8
        jmp     L7127

L71A8:  lda     #$00
        sta     L995F
        inc     L996F
        lda     L996F
        cmp     #$06
        bcc     L71BC
        lda     #$00
        sta     L996F
L71BC:  lda     L996F
        sta     L998F
        jsr     L7127
        jmp     L6F5A

L71C8:  lda     L779E,x
        sta     $82
        lda     #$A6
        sta     $83
L71D1:  ldy     L99E8,x
        ldx     L7796,y
        ldy     #$00
L71D9:  lda     L77B0,x
        sta     ($82),y
        inx
        iny
        cpy     #$0C
        bcc     L71D9
        rts

L71E5:  .byte   $BC
        .byte   $9E
L71E7:  .byte   $77
        ldx     #$10
        lda     #$00
L71EC:  sta     $A600,y
        iny
        dex
        bne     L71EC
        rts

L71F4:  ldy     #$0B
L71F6:  lda     L77B0,y
        sta     L9864,y
        dey
        bpl     L71F6
        rts

L7200:  lda     L9808
        sta     L9809
        lda     L9807
        sta     L9808
L720C:  lda     $D20A
        and     #$03
        bne     L7220
L7213:  lda     $D20A
        and     #$07
        cmp     #$05
        bcs     L7213
        adc     #$0C
        bcc     L7230
L7220:  lda     $02A3
        and     #$03
        asl     a
        asl     a
        sta     $8C
        lda     $D20A
        and     #$03
        ora     $8C
L7230:  tax
        lda     L7242,x
        cmp     L9808
        bne     L723E
        cmp     L9809
        beq     L720C
L723E:  sta     L9807
        rts

L7242:  ora     ($01,x)
        .byte   $04
        .byte   $04
        asl     $06
        brk
        brk
        .byte   $03
        .byte   $03
        ora     ($04,x)
        brk
        ora     ($04,x)
        asl     $03
L7253:  lda     #$FF
        sta     L9807
        sta     L9808
        sta     L9809
        rts

L725F:  lda     $02FC
        cmp     #$21
        beq     L7267
        rts

L7267:  ldx     #$FF
        stx     $02FC
L726C:  stx     L732C
        inx
        .byte   $8E
L7271:  .byte   $2B
L7272:  .byte   $02
L7273:  lda     $12,x
        pha
        inx
        cpx     #$03
        bcc     L7273
        lda     $02C8
        pha
        lda     $02C4
        pha
        lda     $0230
        pha
        lda     $0231
        pha
        lda     $02F4
        pha
        jsr     L733D
        lda     #$F2
        sta     $0230
        lda     #$72
        sta     $0231
        lda     #$E0
        sta     $02F4
        lda     #$94
        sta     $02C8
        lda     #$2A
        sta     $02C4
        lda     #$7C
        sta     $4D
        jsr     L733D
        lda     #$00
        sta     $D002
        sta     $D003
        ldx     #$03
L72BC:  sta     $D004,x
        dex
        bpl     L72BC
L72C2:  lda     $02FC
        cmp     #$21
        bne     L72C2
        pla
        sta     $02F4
        pla
        sta     $0231
        pla
        sta     $0230
        pla
        sta     $02C4
        pla
        sta     $02C8
        ldx     #$02
L72DF:  pla
        sta     $12,x
        dex
        bpl     L72DF
        stx     $02FC
        inx
        stx     $022B
        stx     L732C
        stx     $4D
        rts

        bvs     L7364
        bvs     L7366
        bvs     L7368
        bvs     L736A
        bvs     L736C
        .byte   $47
        .byte   $04
        .byte   $73
        bvs     L7308
        eor     ($F2,x)
        .byte   $72
        brk
        brk
        brk
        .byte   $30
L7308:  .byte   $32
        and     $33
        .byte   $33
        brk
        .byte   $30
L730E:  and     ($37,x)
        .byte   $33
        brk
        .byte   $22
        and     ($32,x)
        brk
        brk
        brk
        brk
        brk
        brk
        brk
        brk
        .byte   $34
        .byte   $2F
        brk
        .byte   $32
        and     $33
        and     $2D,x
        and     $0E
        brk
        brk
        brk
        brk
        brk
L732C:  brk
L732D:  cmp     L991B
L7330:  bne     L7335
        lda     #$00
        rts

L7335:  bcs     L733A
        lda     #$01
        rts

L733A:  lda     #$FF
        rts

L733D:  lda     $14
L733F:  cmp     $14
        beq     L733F
        rts

L7344:  ldy     #$00
        sty     $8C
        tya
L7349:  sta     L98DC,y
        sta     L99DC,y
        sta     L9ADC,y
        sta     L9BDC,y
        sta     L9CDC,y
        iny
        bne     L7349
        dec     L98F7
L735E:  txa
        cmp     L7382,y
        beq     L7368
L7364:  lda     #$10
L7366:  bne     L7374
L7368:  iny
        .byte   $A5
L736A:  .byte   $8C
        clc
L736C:  adc     #$05
        sta     $8C
        sta     L9827,x
        inx
L7374:  sta     L9827,x
        inx
        cpx     #$18
        bcc     L735E
        lda     #$80
        sta     L983F
        rts

L7382:  ora     ($05,x)
        ora     #$02
        asl     $0A
L7388:  lda     #$00
        ldx     #$09
L738C:  sta     L9A26,x
        dex
        bne     L738C
        inx
        stx     L9A6D
        lda     #$0C
        sta     L9A25
        rts

L739C:  ldx     #$07
        lda     #$00
L73A0:  sta     $D000,x
        dex
        bpl     L73A0
        sta     L9A64
        sta     L9A65
        sta     L9A68
        sta     L9A69
        rts

L73B3:  ldx     #$04
        lda     #$00
L73B7:  sta     $D008,x
        dex
        bpl     L73B7
        lda     #$A3
        sta     $81
        ldx     #$05
        bne     L73CB
L73C5:  lda     #$B8
        sta     $81
        ldx     #$04
L73CB:  ldy     #$00
        sty     $80
        tya
L73D0:  sta     ($80),y
        iny
        bne     L73D0
        inc     $81
        dex
        bne     L73D0
        rts

L73DB:  lda     #$B0
        sta     $81
        ldx     #$0C
        jsr     L73CB
        jmp     L5413

L73E7:  lda     $80
        clc
        adc     #$28
        sta     $80
        bcc     L73F2
        inc     $81
L73F2:  rts

L73F3:  lda     $80
        sec
        sbc     #$01
        sta     $80
        bcs     L73FE
        dec     $81
L73FE:  rts

L73FF:  tax
        beq     L7410
        lda     #$99
        cpx     #$63
        bcs     L7410
        lda     #$00
        sed
L740B:  adc     #$01
        dex
        bne     L740B
L7410:  cld
        rts

L7412:  sed
        clc
L7414:  adc     L981F,x
        sta     L981F,x
        lda     #$00
        dex
        bpl     L7414
        cld
        rts

L7421:  ldx     #$03
        jsr     L7412
L7426:  lda     #$CE
        sta     $80
        lda     #$BA
        sta     $81
        ldx     #$03
L7430:  lda     L981F,x
        sta     L98E9,x
        dex
        bpl     L7430
L7439:  ldy     #$07
        ldx     #$03
L743D:  lda     L98E9,x
        pha
        and     #$0F
        clc
        adc     #$A7
        sta     ($80),y
        dey
        pla
        cpx     #$00
        beq     L7460
        lsr     a
        lsr     a
        lsr     a
        lsr     a
        clc
        adc     #$A7
        sta     ($80),y
        dey
        cpy     #$03
        bne     L745D
        dey
L745D:  dex
        bpl     L743D
L7460:  rts

L7461:  lda     L981F
        and     #$0F
        sta     L981F
        ldx     #$00
L746B:  lda     L981F,x
        cmp     L981B,x
        bcc     L7485
        bne     L747A
        inx
        cpx     #$04
        bcc     L746B
L747A:  ldx     #$03
L747C:  lda     L981F,x
        sta     L981B,x
        dex
        bpl     L747C
L7485:  rts

L7486:  lda     #$08
        sta     $D01F
        lda     $D01F
        and     #$07
        rts

L7491:  jsr     L7486
        cmp     #$07
        bne     L7491
        rts

L7499:  jsr     L7486
        cmp     #$07
        bne     L74A1
        rts

L74A1:  tax
        pla
        pla
        lda     #$00
        sta     $022F
        .byte   $20
L74AA:  and     $E073,x
        asl     $D0
        .byte   $0C
        stx     $02A6
        jsr     L7491
        jsr     L7461
        jmp     L5476

L74BC:  lda     #$01
        sta     $02A6
        jsr     L7491
        jsr     L7461
        jmp     L546E

L74CA:  ldx     #$05
L74CC:  ldy     L7382,x
        sta     L9827,y
        dex
        bpl     L74CC
        rts

L74D6:  ldy     #$1F
L74D8:  .byte   $BF
        .byte   $E2
        .byte   $74
        sta     $0642,y
        dey
        bpl     L74D8
        rts

        bvs     L7554
        beq     L74AA
        brk
        clv
        sty     $94,x
        sty     $84
        sty     $94,x
        sty     $84
        sty     $94,x
        sty     $84
        sty     $84
        sty     $84
        sty     $84
        sty     $84
        sty     $84
        sty     $41
        .byte   $42
        .byte   $06
L7502:  ldy     #$00
        sty     $8C
L7506:  lda     $8C
        beq     L750F
        dec     $8C
        jmp     L7523

L750F:  lda     L5C58,x
        bne     L751C
        inx
        lda     L5C58,x
        sta     $8C
        bne     L7522
L751C:  cmp     #$FF
        beq     L752A
        sta     ($80),y
L7522:  inx
L7523:  iny
        bne     L7506
        inc     $81
        bne     L7506
L752A:  rts

L752B:  lda     L98F8
        bne     L7585
        lda     L98F6
        sta     L991A
        lda     L9987
        clc
        adc     #$07
        sta     L9919
        jsr     L7676
        bmi     L7585
        ldx     L98EE
        bne     L755F
        cmp     #$3E
        bcc     L755F
        cmp     #$49
        bcs     L755F
        ldx     L9A46
L7554:  beq     L755B
        ldx     L9A45
        beq     L7585
L755B:  lda     #$FF
        bne     L7582
L755F:  ldx     L990A
        bne     L7585
        ldx     L98EE
        bne     L758B
        and     #$7F
        cmp     #$04
        bcc     L7585
        cmp     #$0D
        bcs     L7585
        ldy     L991A
        jsr     L75A4
        ldx     L66B0,y
L757C:  stx     L9906
        sty     L98FE
L7582:  ldx     #$01
        rts

L7585:  lda     #$00
        sta     L9906
        rts

L758B:  cmp     #$64
        bne     L7598
        ldx     $02A7
        cpx     #$06
        bne     L7585
        beq     L757C
L7598:  ldx     #$08
L759A:  dex
        beq     L7585
        cmp     L76D2,x
        bne     L759A
        beq     L757C
L75A4:  cpy     #$44
        bcs     L75AB
        ldy     #$01
        rts

L75AB:  cpy     #$60
        bcc     L75B2
        ldy     #$00
        rts

L75B2:  ldy     #$02
        rts

L75B5:  lda     #$00
        sta     L990D
        lda     L98F8
        bne     L7625
        lda     L990A
        bne     L7625
        lda     L98F6
        clc
        ldx     L9A52
        bne     L75D1
        cmp     #$D4
        bcs     L7628
L75D1:  adc     #$0C
        sta     L991A
        and     #$07
        bne     L7625
        lda     L9987
        clc
        adc     #$05
        ldx     L98EE
        beq     L75E7
        adc     #$03
L75E7:  sta     L9919
        jsr     L7676
        bmi     L7625
        ldx     L98EE
        bne     L762B
        cmp     #$0D
        bcc     L7625
        cmp     #$11
        bcs     L7616
        ldy     L98F7
        cpy     #$FF
        bne     L7625
        ldy     L9801
        bpl     L760C
        iny
        sty     L9801
L760C:  ldy     #$01
        sty     L990B
        sty     L990D
        dey
        rts

L7616:  cmp     #$18
        bcc     L7625
        cmp     #$1B
        bcs     L7625
        ldy     #$02
        sty     L990D
        bne     L7628
L7625:  ldy     #$FF
        rts

L7628:  ldy     #$00
        rts

L762B:  .byte   $C9
L762C:  ora     ($D0,x)
        .byte   $17
        pla
        pla
        pla
        pla
        lda     #$02
        sta     L98F1
        ldx     #$03
L763A:  lda     L76B2,x
        sta     L9813,x
        dex
        bpl     L763A
        jmp     v06_37AB

L7646:  jsr     L766A
        bne     L7651
L764B:  sty     L990D
        ldy     #$00
        rts

L7651:  .byte   $AD
L7652:  .byte   $A7
        .byte   $02
        cmp     #$03
        bne     L7667
        lda     L991A
        cmp     #$B0
        bcc     L7667
        and     #$0F
        bne     L7667
        ldy     #$01
        bne     L764B
L7667:  ldy     #$FF
        rts

L766A:  ldy     #$19
L766C:  cmp     L76B9,y
        beq     L7675
        dey
        bne     L766C
        dey
L7675:  rts

L7676:  lda     L991A
        sec
        sbc     #$20
        lsr     a
        lsr     a
        cmp     #$30
        bcs     L76AF
        and     #$3E
        tax
        lsr     a
        tay
        lda     L9919
        sec
        sbc     #$30
        bcc     L76AF
        cmp     #$A0
        bcs     L76AF
        adc     #$10
        sec
        sbc     L9827,y
        lsr     a
        lsr     a
        clc
        adc     $0610,x
        sta     $80
        lda     $0611,x
        adc     #$00
        sta     $81
        ldy     #$00
        lda     ($80),y
        ldy     #$00
        rts

L76AF:  ldy     #$FF
        rts

L76B2:  .byte   $2F
        .byte   $6F
        bvs     L7729
L76B6:  ora     $0A
        .byte   $1F
L76B9:  asl     $9B
        .byte   $9C
        sta     L9392,x
        sta     ($8F),y
        lda     L950A,x
        stx     $9E,y
        .byte   $32
        .byte   $33
        and     L3B3A,y
        .byte   $3C
        bmi     L76FF
        lda     #$AA
        .byte   $AB
        .byte   $55
L76D2:  lsr     $02,x
        .byte   $03
        .byte   $27
        sta     L2E8E
        .byte   $2F
        lda     #$6E
        pha
        lda     #$EE
        pha
        jmp     L778E

        pha
        txa
        pha
        ldx     $02A8
        cpx     #$0D
        bcc     L7725
        bne     L7706
        lda     #$D6
        sta     $D016
        lda     #$24
        sta     $D017
        lda     #$32
        sta     $D018
        .byte   $A9
L76FF:  .byte   $0F
        sta     $D019
        sta     $D40A
L7706:  lda     L775B,x
        cpx     #$0E
        sta     $D01A
        bne     L7761
        lda     L9A65
        sta     $D003
        lda     L9A67
        sta     $D015
        lda     L9A6D
        sta     $D00B
        jmp     L7761

L7725:  lda     L7781,x
        .byte   $8D
L7729:  ora     $BDD0,y
        .byte   $27
        tya
        sta     $D404
        sta     $D40A
        lda     L7774,x
        sta     $D018
        lda     L98DC,x
        sta     $D002
        lda     L9877,x
        sta     $D014
        cpx     #$00
        bne     L7761
        stx     $D00B
        lda     #$F4
        sta     $D40A
        sta     $D01A
        lda     L9A64
        sta     $D003
L775B:  lda     L9A66
        sta     $D015
L7761:  inc     $02A8
        pla
        tax
        pla
        rti

        .byte   $62
        .byte   $74
        .byte   $74
        .byte   $74
        .byte   $74
        .byte   $74
        .byte   $72
        .byte   $72
        .byte   $72
        cpy     $C4
        .byte   $C4
L7774:  .byte   $44
        .byte   $44
        .byte   $44
        sty     $94,x
        .byte   $64
        .byte   $64
        .byte   $54
        .byte   $54
        .byte   $44
        .byte   $44
        ldy     $B4,x
L7781:  plp
        .byte   $DC
        .byte   $DC
        .byte   $7A
        .byte   $7A
        bit     L7A2C
        .byte   $7A
        .byte   $1C
        .byte   $1C
        .byte   $7A
        .byte   $7A
L778E:  rts

        .byte   $7A
        .byte   $7A
        .byte   $1C
        .byte   $62
L7793:  bvc     L7725
        .byte   $70
L7796:  brk
        .byte   $0C
        clc
        bit     $30
        .byte   $3C
        pha
        .byte   $54
L779E:  .byte   $5F
        .byte   $1F
        .byte   $3F
L77A1:  php
        brk
        .byte   $04
L77A4:  .byte   $04
        ora     $06
        .byte   $07
        .byte   $0B
        php
        .byte   $0C
L77AB:  brk
        brk
        bpl     L77DF
        .byte   $20
L77B0:  brk
        brk
        .byte   $14
        .byte   $1C
        .byte   $1C
        php
        ora     L1C1E,x
        rol     a
        brk
        brk
        brk
        brk
        brk
        brk
        .byte   $02
        .byte   $9B
        .byte   $7F
        rol     L283C,x
        bpl     L77C8
L77C8:  brk
        brk
        .byte   $02
        .byte   $03
        .byte   $1F
        ror     L32BC,x
        rts

        .byte   $80
        brk
        brk
        brk
        brk
        rti

        .byte   $B2
        rol     $BF7F,x
        .byte   $04
        .byte   $02
        brk
        brk
L77DF:  brk
        brk
        brk
        brk
        brk
        rti

        cmp     L7CFE,y
        .byte   $3C
        .byte   $14
        php
        brk
        brk
        brk
        rti

        cpy     #$F8
        ror     L4C3D,x
        asl     $01
        brk
        brk
        brk
        brk
        .byte   $02
        eor     $FE7C
        sbc     L4020,x
        brk
        brk
        brk
L7804:  brk
        brk
        .byte   $F7
        sta     $F5
        ora     $15,x
        .byte   $F7
        brk
        brk
        .byte   $F7
        sta     $F5,x
        ora     $15,x
        .byte   $17
L7814:  brk
        brk
        .byte   $F7
        ora     $15,x
        and     $25
        .byte   $27
L781C:  brk
        brk
        brk
        bpl     L785D
        .byte   $0C
        brk
        brk
        brk
        brk
        brk
        rts

        sec
        bpl     L782B
L782B:  brk
        brk
        .byte   $04
        .byte   $02
        jmp     L669E

        bvs     L7854
        brk
        brk
        .byte   $22
        eor     ($76,x)
        .byte   $EE
L783A:  .byte   $44
        brk
        brk
        brk
        clc
        rol     a:$4D,x
        brk
        brk
        brk
        brk
        brk
        .byte   $0C
        asl     L523B,x
        brk
        brk
        .byte   $52
        .byte   $7F
        .byte   $3F
        .byte   $1D
L7851:  .byte   $7C
        cld
        brk
L7854:  brk
        plp
        .byte   $3B
        .byte   $1F
        .byte   $3C
        .byte   $7C
        beq     L7814
        brk
L785D:  brk
        php
        bmi     L7851
        cpx     #$60
        brk
        brk
        .byte   $7C
        tax
        sec
        jmp     (L7C54)

        brk
        brk
        jsr     L1C18
        asl     $0106
        brk
L7874:  dec     L99E2
        bmi     L787C
        jmp     L7A6A

L787C:  lda     #$04
        sta     L99E2
        lda     L98F5
        bpl     L78CE
        ldx     #$02
L7888:  lda     L99F4,x
        beq     L78C9
        ldy     L77A1,x
        lda     L9947
        bne     L78A1
        lda     L98DC,y
        sta     L991B
        lda     L9987
        jsr     L732D
L78A1:  sta     L99E4,x
        clc
        adc     L98DC,y
        clc
        adc     L99E4,x
        clc
        adc     L99E4,x
        clc
        adc     L99E4,x
        clc
        adc     L99E4,x
        sta     L98DC,y
        sta     L98DD,y
        stx     L99E3
        inc     L99E3
        lda     #$00
        sta     L99F4,x
L78C9:  dex
        bpl     L7888
        bmi     L78DB
L78CE:  lda     L9906
        bne     L78DE
        .byte   $A2
L78D4:  .byte   $02
L78D5:  sta     L99F4,x
        dex
        bpl     L78D5
L78DB:  jmp     L79C7

L78DE:  ldx     L98FE
        lda     L99F8,x
        bne     L78DB
        ldy     L77A1,x
        lda     L98DC,y
        pha
        pha
        sec
        sbc     #$04
        ldy     #$FF
        cmp     L9987
        bcs     L78FA
L78F8:  ldy     #$01
L78FA:  tya
        sta     L99E4,x
        pla
        clc
        adc     #$04
        sta     L9919
        pla
        sec
        sbc     L9987
        bcs     L790E
        eor     #$FF
L790E:  cmp     #$09
        bcs     L78DB
        lda     L999E
        bne     L78DB
        lda     L779E,x
        clc
        adc     #$0E
        sta     L991A
        jsr     L7676
        bmi     L78DB
        and     #$7F
        ldx     #$06
L7929:  cmp     L77A4,x
        beq     L7934
        dex
        bpl     L7929
        jmp     L79C7

L7934:  cpx     #$05
        bcc     L7945
        dex
        dex
        lda     L9919
        sbc     #$04
        sta     L9919
        jsr     L73F3
L7945:  stx     $91
        ldx     L98FE
        lda     L99E4,x
        beq     L7960
        lda     #$00
        sta     L99E4,x
        sta     L99EC,x
        sta     L99E8,x
        jsr     L71C8
        ldx     L98FE
L7960:  inc     L99F4,x
        .byte   $BD
        .byte   $F4
L7965:  sta     $03CD,y
        tya
        bcc     L79C7
        lda     $D20A
        and     #$0F
        adc     #$30
        sta     L99B5
        lda     #$16
        sta     L99B4
        lda     #$00
        sta     L99F4,x
        sta     L9A64
        tay
        ldx     $91
        lda     L77AB,x
        sta     L99A0
        lda     L9919
        sta     L999F
        lda     L991A
        sta     L999E
        lda     ($80),y
        and     #$80
        beq     L799F
        lda     #$0D
L799F:  sec
        ldy     L98FE
        adc     L77A1,y
        tay
        .byte   $B9
L79A8:  .byte   $74
        .byte   $77
        sta     L9A66
        ldy     #$00
        lda     #$03
        sta     ($80),y
        cpx     #$03
        bcc     L79C7
        php
        iny
        sta     ($80),y
        plp
        bne     L79C7
        lda     #$02
        ldy     #$30
        sta     ($80),y
        iny
        sta     ($80),y
L79C7:  dec     L99E3
        bpl     L79D1
        ldx     #$02
        stx     L99E3
L79D1:  ldx     L99E3
        lda     L99F8,x
        beq     L7A07
        ldy     L77A1,x
        lsr     a
        eor     #$80
        sta     L9876,y
        sta     L9877,y
        dec     L99F8,x
        beq     L79F3
        lda     L99F8,x
        cmp     #$04
        bcs     L7A18
        bcc     L79FF
L79F3:  jsr     L71E5
        ldx     L99E3
        ldy     L77A1,x
        lda     L66B0,x
L79FF:  sta     L98DC,y
        sta     L98DD,y
        bne     L7A18
L7A07:  lda     L99E4,x
        bne     L7A26
        lda     L99F4,x
        bne     L7A18
        lda     $D20A
        cmp     #$08
        bcc     L7A1B
L7A18:  jmp     L7A6A

L7A1B:  jsr     v01_4CBD
        sta     L99E4,x
        lda     #$00
        sta     L99F0,x
L7A26:  lda     $D20A
        cmp     #$02
        .byte   $B0
L7A2C:  ora     a:$A9
        sta     L99E8,x
        sta     L99EC,x
        sta     L99E4,x
        beq     L7A67
        ldy     L77A1,x
        lda     L98DC,y
        clc
        adc     L99E4,x
        stx     $8C
        jsr     L7100
        php
        ldx     $8C
        plp
        beq     L7A5C
        sta     $8C
        lda     L99E4,x
        jsr     L711C
        sta     L99E4,x
        lda     $8C
L7A5C:  sta     L98DC,y
        sta     L98DD,y
        jsr     v07_45ED
        bpl     L7A6A
L7A67:  jsr     L71C8
L7A6A:  .byte   $AC
L7A6B:  .byte   $9E
        sta     $01D0,y
L7A6F:  rts

L7A70:  dec     L999D
        bpl     L7A6F
        cpy     #$90
        bcc     L7A83
        lda     #$00
        sta     L999E
        sta     L9A64
        beq     L7A6F
L7A83:  lda     L99A0
        cmp     #$40
        bcc     L7AD2
        lda     #$09
        sta     L999D
        dec     L99A5
        bpl     L7AA2
        inc     L999E
        lda     L99A4
        sta     L99A5
        beq     L7AA2
        dec     L99A4
L7AA2:  dec     L99A3
        bpl     L7AF9
        lda     L99A2
        lsr     a
        lsr     a
        lsr     a
        lsr     a
        sta     L99A3
        inc     L99A2
        lda     L999F
        clc
        adc     L99A1
        ldx     L990C
        cpx     #$02
        bcc     L7AF3
        tax
        dex
        dex
        dex
        cpx     L9987
        bne     L7AF3
        ldx     #$00
        stx     L99A1
        beq     L7AF3
L7AD2:  eor     #$08
        sta     L99A0
        lda     #$0C
        ldx     L9906
        bne     L7AE0
        lda     #$50
L7AE0:  sta     L999D
        inc     L999E
        lda     $D20A
        lsr     a
        and     #$02
        bcc     L7AF0
        eor     #$FF
L7AF0:  adc     L999F
L7AF3:  sta     L999F
        sta     L9A64
L7AF9:  lda     #$07
        sta     $8C
        ldx     L99A0
L7B00:  lda     L781C,x
        sta     $A700,y
        inx
        iny
        cpy     #$88
        bcs     L7B10
        dec     $8C
        bpl     L7B00
L7B10:  rts

L7B11:  brk
        php
        sec
        .byte   $5C
        .byte   $FF
        .byte   $FC
        jsr     L0244
        bpl     L7B2C
        plp
        pha
        bcc     L7B20
L7B20:  brk
        brk
        brk
        .byte   $02
L7B24:  asl     L3F36
        .byte   $0F
        .byte   $1C
        .byte   $34
        brk
        brk
L7B2C:  brk
        .byte   $02
        .byte   $02
        .byte   $04
        brk
        brk
        brk
        brk
        php
        sec
        .byte   $5C
        inc     $ECFC,x
        .byte   $44
        .byte   $04
        asl     $0106
        brk
        brk
        brk
        bpl     L7B60
        .byte   $3A
        .byte   $FF
        .byte   $3F
        .byte   $04
        .byte   $22
        rti

        php
        php
        .byte   $14
        .byte   $12
        ora     #$00
        brk
        brk
        brk
        rti

        bvs     L7BC2
        .byte   $FC
        beq     L7B91
        bit     a:L0000
        brk
        rti

        rti

        .byte   $20
L7B60:  brk
        brk
        brk
        brk
        bpl     L7B82
        .byte   $3A
        .byte   $7F
        .byte   $3F
        .byte   $37
        .byte   $22
        jsr     L6070
        .byte   $80
        brk
L7B70:  brk
L7B71:  brk
        brk
        brk
        brk
        clc
        ror     L7CFD,x
        inc     $AAF6,x
        ora     L0000
        brk
        brk
        brk
        brk
L7B82:  brk
        brk
        brk
        brk
        ora     L7E7E
        .byte   $7C
        .byte   $7C
        .byte   $74
        .byte   $64
        .byte   $22
        .byte   $12
        brk
        brk
L7B91:  brk
        brk
        brk
        brk
        brk
        bmi     L7C12
        ror     L7C7C,x
        jmp     (L284C)

        bpl     L7BC8
        brk
        brk
        brk
        brk
        brk
        clc
        ror     L3EBF,x
        .byte   $7F
        .byte   $6F
        eor     $A0,x
        brk
        brk
        brk
        brk
        brk
        brk
        brk
        brk
        brk
        bcs     L7C36
        ror     L3E3E,x
        rol     L4426
        pha
        brk
        brk
        brk
L7BC2:  brk
        brk
        brk
        brk
        .byte   $0C
        .byte   $5E
L7BC8:  ror     L3E3E,x
        rol     $32,x
        .byte   $14
        php
        .byte   $14
        brk
L7BD1:  brk
        .byte   $03
        .byte   $1F
        .byte   $7F
        .byte   $3F
        .byte   $1B
        .byte   $77
        sbc     L6DEE,x
        .byte   $7F
        .byte   $37
        .byte   $2F
        .byte   $1C
        .byte   $03
        brk
        brk
        rti

        rti

        rol     $08
        bpl     L7BEA
        .byte   $02
        brk
L7BEA:  rti

        bit     L0000
        brk
        rol     a
        ora     (L0000),y
        brk
        .byte   $02
        and     ($13,x)
        bvc     L7C3E
        .byte   $8F
        .byte   $0F
        .byte   $1F
        .byte   $1F
        .byte   $0F
        .byte   $0F
        .byte   $03
        brk
        brk
        brk
L7C01:  brk
        cpy     #$F4
        .byte   $FC
        ror     $F7B6
        .byte   $7F
        .byte   $B3
        sbc     $F6F7,x
        ror     L80DC
        brk
        brk
L7C12:  adc     (L0000,x)
        php
        sty     $44
        brk
        brk
        .byte   $04
        .byte   $42
        eor     ($04,x)
        sty     $08
        bpl     L7C21
L7C21:  brk
        rti

        .byte   $F4
        tsx
        .byte   $DC
        inc     $FDFF,x
        inc     $E8DE,x
        .byte   $F2
        dec     $0C
        brk
        brk
L7C31:  brk
        brk
        brk
        .byte   $80
        rti

L7C36:  bit     $08
        .byte   $02
        ora     ($12),y
        brk
        php
        .byte   $10
L7C3E:  .byte   $23
        brk
L7C40:  brk
        brk
        .byte   $03
        .byte   $0F
        eor     $EF77,y
        sbc     $FFFD,x
        .byte   $BF
        .byte   $5B
        .byte   $7F
        .byte   $7F
        ora     $02,x
        brk
        brk
        lda     ($12,x)
L7C54:  jsr     L0823
        rti

        .byte   $80
        .byte   $80
        rti

        brk
        bpl     L7C5E
L7C5E:  rti

        sty     L0000
L7C61:  brk
        .byte   $04
        php
        brk
        bcc     L7CAF
        php
        .byte   $80
        jmp     L0802

        php
        bcc     L7C8F
        brk
        brk
        brk
        brk
        iny
        inc     $7A,x
        tsx
        .byte   $FF
        .byte   $FF
        .byte   $FA
        .byte   $BC
        .byte   $BC
L7C7C:  sed
        sei
        beq     L7C40
        brk
        brk
        .byte   $80
        php
        .byte   $44
        .byte   $22
        brk
        brk
        .byte   $02
        ora     ($20,x)
        bpl     L7C8D
L7C8D:  ora     ($82,x)
L7C8F:  .byte   $20
        brk
L7C91:  brk
        .byte   $0C
L7C93:  .byte   $04
        brk
L7C95:  dec     L9A2A
        bmi     L7C9B
        rts

L7C9B:  lda     L9A2D
        bne     L7CA3
        jmp     L7D50

L7CA3:  ldx     #$17
        stx     L9A2A
L7CA8:  ldx     L9A2F
        beq     L7CB3
L7CAD:  .byte   $CE
        .byte   $2F
L7CAF:  txs
        jsr     v01_4CBD
L7CB3:  clc
        adc     L9987
        bne     L7CEA
        lda     #$FF
        sta     L99B9
        lda     L98EE
        beq     L7CCB
        jsr     v08_3964
        pla
        pla
        jmp     v06_37AB

L7CCB:  lda     $02A5
        bne     L7CD5
        pla
        pla
        jmp     L74BC

L7CD5:  lda     L9A2D
        sta     L9987
        jsr     L7006
        ldx     #$01
        stx     L9A6D
        dex
        stx     L98F5
        jmp     L7388

L7CEA:  sta     L9987
        sta     L98E8
        sta     L9A69
        sta     $D000
        clc
        adc     #$08
        sta     L9A65
        .byte   $8D
L7CFD:  .byte   $01
L7CFE:  bne     L7CAD
        rol     $C99A
        bmi     L7C95
        .byte   $02
        lda     #$00
        adc     #$02
        sta     L9A2E
        and     #$30
        tax
        lda     #$10
        sta     $8C
        ldy     #$D4
        .byte   $AD
        .byte   $EE
L7D18:  tya
        beq     L7D31
        lda     $02A7
        cmp     #$03
        bne     L7D31
        lda     L9A69
        sta     $D002
        lda     L9A65
        sta     $D003
        ldy     L98F6
L7D31:  lda     L7BD1,x
        sta     $A400,y
        lda     L7C01,x
        sta     $A500,y
        lda     L7C31,x
        sta     $A600,y
        lda     L7C61,x
        sta     $A700,y
        inx
        iny
        dec     $8C
        bne     L7D31
        rts

L7D50:  lda     L9A25
        sta     L9A2A
        lda     L98F6
        cmp     #$D4
        beq     L7D6D
        .byte   $AE
L7D5E:  .byte   $2B
        txs
        bne     L7D63
L7D62:  rts

L7D63:  lda     L9A2C
        eor     #$01
        lsr     a
        txa
        .byte   $4C
        .byte   $BF
L7D6C:  .byte   $7D
L7D6D:  lda     L9A2B
        bne     L7DAF
        ldx     L990F
        bne     L7D62
        lda     L9A27
        bne     L7D99
        lda     L98EE
        beq     L7D87
        lda     $13
        cmp     #$01
        bcc     L7D62
L7D87:  dec     L9A26
        bne     L7D62
        lda     #$30
        sta     L9A26
        lda     $D20A
        cmp     L9804
        bcc     L7D62
L7D99:  lda     #$00
        sta     L9A27
        lda     $D20A
        and     #$07
        ora     #$01
        ldx     L9987
        bmi     L7DAC
        sbc     #$08
L7DAC:  sta     L9A2B
L7DAF:  cmp     L9987
        bne     L7DBF
        ldx     L990F
        bne     L7DBF
        jsr     L7E53
        jmp     L7CA8

L7DBF:  ldx     #$00
        bcs     L7DD6
        ldx     #$01
        inc     L9A2B
        bne     L7DDB
L7DCA:  lda     L9A25
        cmp     #$08
        bcc     L7DDB
        dec     L9A25
        bne     L7DDB
L7DD6:  dec     L9A2B
        beq     L7DCA
L7DDB:  cpx     L9A2C
        beq     L7DE8
        ldy     #$FF
        sty     L9A29
        stx     L9A2C
L7DE8:  tay
        clc
        adc     L7C91,x
        sta     L98E8
        sta     L9A69
        tya
        clc
        adc     L7C93,x
        sta     L9A65
        lda     L99B6
        .byte   $D0
L7DFF:  .byte   $1C
        lda     $D20A
        cmp     #$10
        bcs     L7E1C
        asl     a
        adc     #$58
        sta     L99B7
        lda     #$01
        sta     L99B8
        lda     $D20A
        and     #$03
        adc     #$09
        sta     L99B6
L7E1C:  .byte   $CE
L7E1D:  and     #$9A
        bpl     L7E52
        lda     #$06
        sta     L9A29
        lda     L9A28
        clc
        adc     #$10
        cmp     #$30
        bcc     L7E32
        lda     #$00
L7E32:  sta     L9A28
        ldx     L9A2C
        beq     L7E3D
        clc
        .byte   $69
L7E3C:  .byte   $30
L7E3D:  tax
        ldy     #$D4
L7E40:  lda     L7B11,x
        sta     $A600,y
        lda     L7B71,x
        sta     $A700,y
        iny
        inx
        cpy     #$E4
        bne     L7E40
L7E52:  rts

L7E53:  ldx     #$00
        .byte   $8E
        .byte   $6D
L7E57:  txs
        inx
        stx     L99B9
        dec     $02A5
        lda     L98EE
        bne     L7E6D
        lda     $02A5
        clc
        adc     #$A7
        sta     $BA80
L7E6D:  lda     L9A25
        cmp     #$0C
        bcs     L7E77
        inc     L9A25
L7E77:  lda     L9987
        bpl     L7E80
        ldx     #$01
L7E7E:  bpl     L7E82
L7E80:  ldx     #$FF
L7E82:  stx     L9A2D
        sbc     #$80
        bcs     L7E8B
        eor     #$FF
L7E8B:  sta     L9A2F
        txa
        rts

L7E90:  jsr     L6EB5
        jsr     L733D
        sta     ($80),y
        ldx     #$03
L7E9A:  lda     L98F6,x
        sta     ($82),y
        dex
        bpl     L7E9A
        dey
        dey
        dey
        lda     ($80),y
        dey
        and     #$01
        tax
        lda     L5612,x
        sta     ($98),y
        rts

L7EB1:  brk
        ora     ($0A),y
        ora     $1F,x
        .byte   $0E
        .byte   $06
L7EB8:  jmp     L6C6A

L7EBB:  .byte   $3F
        .byte   $53
        .byte   $67
        .byte   $7F
        .byte   $AF
        .byte   $C3
        .byte   $3F
        .byte   $4F
        .byte   $63
        .byte   $83
        .byte   $BB
        .byte   $3F
        .byte   $53
        .byte   $83
        .byte   $B7
        .byte   $43
        .byte   $5F
        .byte   $BF
L7ECD:  .byte   $BF
        .byte   $B7
        .byte   $BF
        .byte   $BF
        .byte   $BF
        .byte   $B7
        .byte   $B7
        .byte   $B7
        .byte   $BF
        .byte   $BF
        .byte   $B7
        .byte   $BF
        .byte   $B7
        .byte   $BF
        .byte   $B7
        .byte   $BF
        .byte   $B7
        .byte   $BF
L7EDF:  brk
        asl     $0B
        .byte   $0F
        .byte   $0B
        .byte   $0F
        .byte   $0B
        .byte   $0F
L7EE7:  asl     $0B
        .byte   $0F
        .byte   $12
        .byte   $0F
        .byte   $12
        .byte   $0F
        .byte   $12
L7EEF:  sbc     $63,x
L7EF1:  dec     L9A3B
        bmi     L7EF7
L7EF6:  rts

L7EF7:  lda     #$10
        ldx     L9A3D
        bmi     L7F00
        lda     #$38
L7F00:  sta     L9A3B
        ldy     #$00
        lda     L990D
        cmp     #$02
        bne     L7F14
        ldy     L9911
        cpy     #$20
        bcs     L7F14
        iny
L7F14:  sty     L9911
        txa
        bne     L7F67
        cpy     #$20
        bcs     L7F25
        lda     $D20A
        cmp     #$03
        bcs     L7EF6
L7F25:  ldx     $02A3
L7F28:  lda     $D20A
        and     #$1F
        cmp     L7EDF,x
        bcc     L7F28
        cmp     L7EE7,x
        bcs     L7F28
        cmp     L9A3F
        beq     L7F25
        sta     L9A3F
        tax
        lda     L7ECD,x
        sta     L9A3E
        clc
        adc     #$08
        sta     L9A3C
        lda     $D20A
        and     #$03
        clc
        adc     L7EBB,x
        sta     $D006
        adc     #$02
        sta     $D005
        adc     #$02
        sta     $D004
        lda     #$FF
        sta     L9A3D
L7F67:  clc
        adc     L9A3C
        sta     L9A3C
        sec
        sbc     #$08
        cmp     L9A3E
        bne     L7F7A
        lda     #$00
        beq     L7F87
L7F7A:  clc
        adc     #$0C
        cmp     L9A3E
        bcs     L7F8A
        inc     L9A3C
        lda     #$01
L7F87:  sta     L9A3D
L7F8A:  ldy     L9A3C
        ldx     #$06
L7F8F:  cpy     L9A3E
        bcs     L7F9A
        lda     L7EB1,x
        sta     $A300,y
L7F9A:  dey
        dex
        bpl     L7F8F
        rts

L7F9F:  .byte   $03
        brk
        bit     $A10A
        .byte   $B7
        .byte   $97
        txs
        dec     $AA
        sta     $0EDC
        cmp     ($D4,x)
        tax
        sta     $AA6F,y
        .byte   $82
        txs
        sbc     $A9
        .byte   $0F
        .byte   $C7
        ldy     L33A4
        .byte   $92
        rol     $CC53
        ldx     L47FF
        .byte   $DF
        ldx     L8B8C
        and     $35
        .byte   $3C
        cmp     ($39),y
        .byte   $CB
        .byte   $A3
        inx
        stx     $F019
        .byte   $77
        lsr     $9F
        ora     ($3C,x)
        .byte   $7B
        .byte   $43
        .byte   $F2
        adc     $61,x
        sty     $57,x
        .byte   $63
        .byte   $77
        .byte   $DC
        .byte   $D3
        pla
        .byte   $8B
        brk
        .byte   $37
        .byte   $93
        .byte   $7C
        dec     L9B02
        tsx
        .byte   $BF
        lsr     L0054,x
        ora     $8A
        adc     $81,x
        eor     $AE,x
        ora     L7652
        and     ($8E),y
        sbc     $AE6F
        .byte   $D4
        .byte   $02
        tax
        ldy     L0000
        brk
        brk
        brk
        brk
        brk
        brk
        brk
        .byte   $FF
        .byte   $FF
        .byte   $FF
        .byte   $FF
        .byte   $FF
        .byte   $FF
        .byte   $FF
        .byte   $FF
        ldx     #$AA
        tax
        txa
        tax
        tax
        ldx     #$08
        .byte   $82
        .byte   $82
L801A:  stx     $82,y
        stx     $82,y
        stx     $82,y
        .byte   $14
        .byte   $14
        .byte   $14
        .byte   $14
        .byte   $14
        .byte   $14
        .byte   $14
        .byte   $14
        brk
        brk
        brk
        ora     ($01,x)
        asl     a
        rol     a
        brk
        tax
        tax
        eor     $55,x
        eor     $AA,x
        tax
        brk
        brk
        brk
        brk
        rti

        rti

        ldy     #$A8
        brk
        .byte   $14
        .byte   $14
        .byte   $82
        tax
        stx     $96,y
        stx     L0000,y
        rti

        rti

        rti

        rti

        rti

        rti

        cpy     #$00
        brk
        brk
        brk
        tax
        eor     $AA,x
        dey
        brk
L8058:  eor     $40,x
        .byte   $43
        .byte   $4F
        jmp     L434F

        .byte   $43
        eor     $01,x
        cmp     ($F1,x)
        cmp     L31FD
        cmp     ($4B,x)
        ror     a
        ror     a
        ror     a
        ror     a
        ror     a
        ror     a
        eor     $E1,x
        .byte   $E9
L8072:  lda     #$29
        lda     #$29
        lda     #$55
        rti

        .byte   $54
        eor     $55,x
        lsr     $5A,x
        lsr     a
        asl     a
L8080:  asl     a
        asl     a
        asl     a
        asl     a
        asl     a
        asl     a
        asl     a
        asl     a
L8088:  eor     $55,x
        eor     $55,x
        eor     $55,x
        eor     $55,x
        sta     L9999,y
        bcc     L801A
        eor     $55,x
        eor     $98,x
        sta     ($15,x)
        eor     $55,x
        eor     $55,x
        eor     $99,x
        sta     L9999,y
        sta     L9999,y
        sta     L0000,y
        ora     ($05,x)
        ora     $19,x
        eor     $59,y
        brk
        bvc     L8108
        sta     $99,x
        sta     $A099,y
        ldy     #$A0
        ldy     #$A0
        ldy     #$A0
        ldy     #$0A
        asl     a
        asl     a
        asl     a
        brk
        brk
        brk
        brk
        ldy     #$A0
        ldy     #$A0
        brk
        brk
        brk
        brk
        brk
        brk
        brk
        ora     ($01,x)
        ora     $05
        ora     $01
        ora     $55,x
        .byte   $55
L80DC:  eor     $55,x
        eor     $55,x
        eor     $55,x
        eor     $55,x
        eor     $55,x
        eor     $55,x
        eor     $55,x
        eor     $55,x
        lsr     $5A,x
        lsr     a
L80EF:  asl     a
        ora     ($15,x)
        eor     $55,x
        eor     $55,x
        lda     $A5
        .byte   $03
        .byte   $03
        .byte   $0F
        .byte   $0C
        .byte   $3C
        bmi     L80EF
        cpy     #$FF
        .byte   $FF
        brk
        brk
        brk
        brk
        brk
        brk
L8108:  cpy     #$C0
        beq     L813C
        .byte   $3C
        .byte   $0C
        .byte   $0F
        .byte   $03
        .byte   $03
        .byte   $03
        .byte   $03
        .byte   $03
        .byte   $03
        .byte   $03
        .byte   $03
        .byte   $03
        .byte   $FF
        .byte   $FF
        .byte   $03
        .byte   $03
        .byte   $03
        .byte   $03
        .byte   $03
        .byte   $03
        .byte   $D7
        .byte   $D7
        .byte   $14
        .byte   $14
        .byte   $14
        .byte   $14
        .byte   $14
        .byte   $14
        .byte   $AF
        .byte   $AF
        ldy     #$A0
        ldy     #$A0
        ldy     #$A0
        .byte   $FA
        .byte   $FA
        asl     a
        asl     a
        asl     a
        asl     a
        asl     a
        asl     a
        eor     ($55,x)
        eor     $14,x
L813C:  eor     ($55,x)
        eor     $14,x
        brk
        brk
        brk
        brk
        brk
        brk
        tax
        php
        eor     $55,x
        eor     $55,x
        eor     $55,x
        eor     $55,x
        eor     $69,x
        ror     a
        eor     L5555,y
        eor     $55,x
        eor     $55,x
        eor     $55,x
        stx     $9A,y
        lsr     $55,x
        eor     $55,x
        lsr     $58,x
        rts

        rts

        rts

        ldy     #$55
        eor     $05,x
        ora     ($01,x)
        ora     (L0000,x)
        brk
        ldy     #$A0
        rts

        pla
        pla
        .byte   $5A
        eor     $55,x
        brk
        brk
        brk
        ora     ($01,x)
        ora     $95
        eor     $A5,x
        lsr     $55,x
        eor     $55,x
        eor     $55,x
        eor     $55,x
        eor     $A5,x
        .byte   $5A
        eor     $55,x
        eor     $55,x
        eor     $55,x
        eor     $55,x
        lda     $55
        eor     $55,x
        eor     $55,x
        eor     $55,x
        eor     $55,x
        sta     $56,x
        rti

        rts

        .byte   $54
        lsr     $55,x
        eor     $55,x
        eor     L0000,x
        brk
        brk
        brk
        rti

        bvc     L8207
        lsr     $7F,x
        .byte   $6F
        .byte   $54
        lsr     $55,x
        .byte   $55
L81B6:  eor     $55,x
        .byte   $FF
        .byte   $FF
        brk
        brk
        rti

        bvc     L8217
        lsr     $80,x
        rts

        rts

        cli
        cli
        eor     $A6,x
        .byte   $5A
        eor     $55,x
        eor     $56,x
        ror     a
        ror     a
        ldy     #$80
        eor     $55,x
        eor     $A5,x
        lda     #$AA
        rol     a
        .byte   $02
        brk
        rti

        rti

        .byte   $50
L81DC:  eor     $55,x
        eor     $55,x
        brk
        brk
        brk
        ora     ($05,x)
        eor     $55,x
        eor     $7F,x
        .byte   $57
        eor     $55,x
        lsr     $5A,x
        lsr     a
L81EF:  asl     a
        brk
        brk
        brk
        brk
        brk
        brk
        ora     ($04,x)
L81F8:  brk
        ora     ($C1,x)
        cmp     $D7,x
        .byte   $FF
        .byte   $FC
        .byte   $F3
        bvc     L8242
        bvc     L8244
        .byte   $54
        bne     L81DC
L8207:  .byte   $D4
        bvc     L825F
        .byte   $14
        brk
        brk
        brk
        brk
        brk
L8210:  ora     ($04,x)
        cmp     $D5
        .byte   $D7
        .byte   $FF
        .byte   $FC
L8217:  .byte   $F3
        brk
        bpl     L825B
        .byte   $44
        bvc     L81EF
        .byte   $D4
        .byte   $D4
        eor     $14,x
        brk
        brk
        brk
        brk
        brk
        brk
        brk
        .byte   $0F
        .byte   $3F
        .byte   $3F
        .byte   $FF
        .byte   $FF
        .byte   $3F
        .byte   $3F
        .byte   $04
        .byte   $04
L8232:  bpl     L8250
        .byte   $1F
        bpl     L8247
        .byte   $14
        .byte   $0F
        .byte   $03
        .byte   $3F
        .byte   $FC
        .byte   $C3
        .byte   $03
        .byte   $03
        .byte   $03
L8240:  .byte   $FF
        .byte   $FC
L8242:  beq     L8240
L8244:  .byte   $FF
        .byte   $FF
        .byte   $FF
L8247:  .byte   $FF
        .byte   $04
        ora     $01
        brk
        brk
        brk
        brk
        brk
L8250:  brk
        brk
        .byte   $44
        bvc     L8255
L8255:  brk
        brk
        brk
        .byte   $FF
        .byte   $F3
        .byte   $33
L825B:  bmi     L8299
        .byte   $0C
        .byte   $0C
L825F:  .byte   $3C
        cpy     $F3FC
        cpy     #$00
        brk
        brk
        brk
        .byte   $06
L8269:  ora     $21
        .byte   $80
        brk
        brk
        brk
        brk
        .byte   $0F
        .byte   $03
        .byte   $3F
        .byte   $FC
        .byte   $C3
        .byte   $0B
        .byte   $23
L8277:  .byte   $83
        ora     $15
        asl     $09,x
        and     #$A6
        ldx     $A6
        ora     ($65,x)
        lsr     $55,x
        adc     $AA
        tax
        tax
        rti

        bvc     L82DB
        tay
        ror     a
        txs
        txs
        txs
        ldx     $A6
        ldx     $26
        asl     $02
        brk
        brk
        tax
L8299:  tax
        tax
        tax
        tax
        tay
        .byte   $80
        brk
        txs
        txs
        txs
        tya
        .byte   $80
        brk
        brk
        brk
        .byte   $3C
        .byte   $FC
        .byte   $FF
        .byte   $FF
        .byte   $FF
        .byte   $3F
L82AE:  .byte   $0F
        .byte   $03
        beq     L82AE
        .byte   $FC
        .byte   $FC
        .byte   $FC
        beq     L8277
        brk
        brk
        brk
        bpl     L8310
        bvc     L8313
        ora     $01,x
        brk
        bpl     L8317
        .byte   $54
        .byte   $14
        bpl     L82C7
L82C7:  rti

        brk
        brk
        asl     a
        and     $95
        sta     $A5,x
        lda     #$0A
        ldx     $56
        lsr     $56,x
        lsr     $56,x
        eor     L0000,x
        .byte   $80
        rts

L82DB:  cli
        lsr     $56,x
        .byte   $5A
        ror     a
        tax
        tax
        tax
        rol     a
        asl     a
        asl     L0010
        rti

        .byte   $5A
        tax
        tax
        tax
        tax
        tay
        .byte   $80
        brk
        tax
        tax
        tax
        tay
        sty     $01,x
        .byte   $14
        rti

        brk
        brk
        rti

        .byte   $04
        brk
        brk
        brk
        brk
        ora     (L0010,x)
        rti

        .byte   $04
        brk
        brk
        brk
        brk
        ora     ($34,x)
        rti

        .byte   $0C
        rti

        brk
        brk
        brk
L8310:  .byte   $03
        .byte   $34
        .byte   $C0
L8313:  .byte   $0C
        cpy     #$00
        brk
L8317:  brk
L8318:  clc
        cpy     #$95
        .byte   $27
        jsr     L2B20
        .byte   $A3
        and     $FA2B
        sbc     ($24),y
        ror     $AC26,x
        .byte   $47
        ldy     $76,x
        lda     $B9DF
        .byte   $93
        asl     $CA,x
        stx     $0F41
        .byte   $67
        and     $A81D,x
        ora     $C406,y
L833B:  cpx     $46
        .byte   $04
        .byte   $BB
        .byte   $1A
        sei
        bit     $A3D3
        rts

        lsr     L0000,x
        .byte   $27
        dec     $E5B7
        .byte   $D3
        .byte   $7B
        sty     $2E
        adc     $4F,x
        .byte   $7E
L8352:  .byte   $52
        .byte   $83
        sty     $23
        .byte   $7C
        inc     L86D2,x
        .byte   $62
        adc     $172F
        .byte   $82
        clv
        tax
        sty     $7F,x
        tsx
        ldx     #$67
        tay
        cmp     #$99
        .byte   $4B
        .byte   $33
        nop
        .byte   $1F
        cpy     $CA
        .byte   $AF
        adc     #$F8
        .byte   $9E
        sta     $E808,x
        adc     $0D67
        .byte   $D2
        .byte   $E2
        inx
        ldx     L8977
        lda     ($98),y
        adc     #$77
        .byte   $A2
L8384:  .byte   $74
        .byte   $32
        eor     L72DF,y
        ora     $E4,x
        cmp     $3A
        cmp     $EA96
        cmp     #$FF
        ldy     $71
        .byte   $12
        lsr     L2298
        asl     a
        .byte   $87
        pla
        ora     $0E6A
        bne     L83EC
L83A0:  jmp     L1D40

        ror     a
        .byte   $D7
        .byte   $0C
        .byte   $4F
        .byte   $CB
        .byte   $A7
        .byte   $97
        .byte   $9F
        .byte   $54
        eor     $DB8A
        tay
        adc     #$25
        .byte   $5F
        sty     L4017
        inc     $2D
        .byte   $34
        .byte   $44
        inc     $CD,x
        sed
        ora     $DFA2,x
        cpx     #$3D
        jsr     L1630
        php
        .byte   $67
        .byte   $4F
        .byte   $1C
        .byte   $74
        clv
        adc     #$F3
        .byte   $CF
        .byte   $6F
        lda     $AC,x
        ror     $40,x
        .byte   $82
        .byte   $0B
        .byte   $8B
        inc     $1ACE
        .byte   $F3
        cmp     $B9ED,y
        .byte   $6F
        beq     L8430
        cpx     #$DD
        .byte   $12
        .byte   $97
        ora     L263D,y
        .byte   $64
        tax
        .byte   $1A
        .byte   $27
        .byte   $16
L83EC:  lda     $18,x
        .byte   $57
        txa
        and     L2D50
        asl     L6878,x
        sta     L5E74,x
        rol     $0B
        .byte   $C2
        eor     $7B
        .byte   $A7
        .byte   $DA
        .byte   $2B
        sbc     ($80,x)
        .byte   $80
        .byte   $C3
        eor     $56,x
        adc     $22
        lsr     a
        ora     #$2B
        asl     $A5
        lda     ($0D),y
        tax
        ldx     $27,y
        .byte   $54
        brk
        tax
        bvs     L83A0
        .byte   $13
        .byte   $5F
        sbc     $41
        .byte   $0C
        sty     $71,x
        tax
L8420:  ora     #$55
        bpl     L8431
L8424:  cmp     $6B
        dec     $75
        .byte   $54
        eor     (L0050,x)
        ora     ($97,x)
        brk
        pha
        .byte   $87
L8430:  tya
L8431:  and     L8384
        lsr     L5509
        cpx     L3018
        .byte   $E7
        pla
        brk
        tay
        bit     L7129
        .byte   $7F
        ora     ($3F,x)
        dec     L2DF5
        sbc     L5129,x
        brk
        .byte   $43
        .byte   $1B
        ora     #$9A
        .byte   $54
        .byte   $2B
        .byte   $67
        jsr     L7B24
        and     $44,x
        dec     L8424
        and     $04,x
        inc     $0415
        .byte   $7F
        .byte   $54
        .byte   $7C
        lsr     L6A7B
        .byte   $62
        ora     $6C
        eor     (L0000),y
        .byte   $74
        clv
        and     ($05,x)
        eor     L5437
        .byte   $5A
        .byte   $74
        .byte   $54
        and     $09CC
        .byte   $63
        brk
        inx
        adc     $25
        iny
        .byte   $D4
        .byte   $D4
        bit     $84
        jmp     (LA839)

        tax
        .byte   $FA
        lda     ($AC,x)
        ldy     #$A9
        lda     ($84,x)
        .byte   $64
        .byte   $17
        adc     #$60
        cpy     L3A04
        adc     $71
        ora     $29,x
        adc     ($6A,x)
        jmp     L7B70

        rol     a
        lsr     L48A4,x
        .byte   $2F
        .byte   $0B
        .byte   $2F
        .byte   $67
        rol     a
        ror     L4E75,x
        eor     $17,x
        ror     $2D,x
        bvc     L852D
        jmp     L2F55

        .byte   $5A
        .byte   $7B
        .byte   $AF
        .byte   $42
        .byte   $34
        .byte   $EB
        .byte   $5F
        .byte   $7C
        adc     ($E9,x)
        .byte   $9B
        .byte   $EF
        bvs     L84C3
        adc     L0000,x
        cmp     #$18
L84C3:  and     $20,x
        bit     L5024
        .byte   $E3
        .byte   $47
        asl     $F76F
        cpy     $20
        and     $BF,x
        sbc     $4C
        jsr     LE1E3
        .byte   $89
        .byte   $85
L84D8:  asl     $77
        plp
        jsr     LCAED
        jsr     L3343
        .byte   $3C
        bvs     L84D8
        .byte   $04
        eor     $E47F,x
        .byte   $CB
        clv
        inc     $FE
        lda     $D5
L84EE:  .byte   $4B
        iny
        ror     L8420,x
        .byte   $54
        .byte   $E7
        .byte   $0C
        ldx     $AA61
        lsr     $CE52,x
        rol     a
        .byte   $E3
        .byte   $DC
        .byte   $AE
L8500:  jmp     (L867D)

L8503:  lda     $8BB1,y
        eor     L8FC4,y
        sta     ($80),y
        iny
        cpy     #$3E
        bcc     L8503
        jsr     L899D
L8513:  jsr     v09_733D
        jsr     L8EEE
        nop
        nop
        rts

        jmp     L8080

L851F:  asl     $0A
        asl     $1A14
        jsr     L2020
L8527:  .byte   $6D
L8528:  .byte   $09
L8529:  clc
L852A:  .byte   $E9
L852B:  .byte   $E9
L852C:  .byte   $A9
L852D:  rti

        sta     $D40E
        lda     #$EF
        sta     $0200
        lda     #$8B
        sta     $0201
        lda     #$45
        sta     $0230
        lda     #$8C
        sta     $0231
        jsr     L864A
        ldx     #$0F
        lda     #$FF
L854C:  sta     L9AF2,x
        sta     L9B02,x
        dex
        bpl     L854C
        ldx     #$27
L8557:  lda     $D20A
        and     #$03
        cmp     $8C
        beq     L8557
        sta     $8C
        clc
        adc     #$EB
        sta     $A400,x
        dex
        bpl     L8557
        ldx     #$0B
L856D:  jsr     v01_4CBD
        sta     L9B1E,x
        jsr     v01_4CBD
        sta     L9B36,x
        txa
        tay
        lda     #$40
        cpx     #$06
        bcc     L8587
        tya
        sbc     #$06
        tay
        lda     #$C0
L8587:  sta     L9B12,x
        lda     L8D83,y
        adc     #$0C
        sta     L9B2A,x
        dex
        bpl     L856D
        lda     #$0C
        sta     L8527
        ldx     #$16
L859C:  lda     $D20A
        sta     L9BA8,x
        lda     #$00
        sta     L9B48,x
        sta     L9B5F,x
        jsr     v01_4CBD
        sta     L9B78,x
        jsr     v01_4CBD
        sta     L9B8F,x
        dex
        bpl     L859C
        ldy     $02A3
        lda     L851F,y
        sta     L98EF
L85C2:  lda     $D20A
        and     #$3F
        cmp     #$2E
        bcs     L85C2
        tax
        lda     L9B48,x
        bne     L85C2
        lda     $D20A
        and     #$3F
        adc     #$30
        ldy     $D20A
        bpl     L85DF
        adc     #$68
L85DF:  sta     L9B48,x
        dec     L98EF
        bne     L85C2
        lda     #$18
        sta     $026F
        sta     L8529
        lda     #$80
        sta     L9987
        lda     #$20
        sta     L98F6
        lda     #$60
        sta     L996F
        sta     L9977
        lda     #$01
        sta     L98F5
        lda     #$08
        sta     L994F
        lda     #$00
        sta     L8528
        .byte   $8D
        .byte   $FB
L8612:  tya
        sta     L9947
        sta     L9957
        sta     L98FC
        sta     L9ACB
        sta     L9ACC
        sta     L9ACD
        sta     L9B44
        sta     L9B43
        sta     L9B45
        sta     L9B47
        sta     L852A
        jmp     L0054

L8637:  .byte   $FF
L8638:  pla
        pla
        lda     $80
        clc
        adc     #$02
        sta     L867D
        lda     $81
        sta     L867E
        jmp     L8500

L864A:  lda     #$A6
        sta     $02C6
        lda     #$8A
        sta     $02C4
        lda     #$A4
        sta     $02C7
        sta     L852B
        lda     #$28
        sta     $02C8
        lda     #$1C
        sta     $02C2
        lda     #$3A
        sta     $02C3
        lda     #$00
        sta     $02C0
        sta     $02C1
        rts

L8674:  rti

        rti

        rti

        sec
        bmi     L86AA
        plp
        plp
L867C:  .byte   $67
L867D:  .byte   $02
L867E:  .byte   $01
L867F:  lda     #$55
        .byte   $8D
L8682:  .byte   $0C
        bne     L8612
        .byte   $1E
        .byte   $D0
L8687:  ldy     $02A3
        ldx     L8674,y
L868D:  dex
        bne     L868D
        jsr     v44_725F
        jsr     v13_7499
        jsr     L86B5
        jsr     L8D89
        jsr     L8AB7
        jsr     L8B7A
        jsr     L8E75
        jsr     L8C69
        .byte   $4C
        .byte   $87
L86AA:  stx     $C9
        clc
        bcc     L86B3
        cmp     #$28
        bcc     L8687
L86B3:  .byte   $F2
        asl     a
L86B5:  dec     L9913
        bmi     L86BB
        rts

L86BB:  lda     L852A
        beq     L86FF
        ldx     #$1E
        stx     L9913
        inc     L852A
        bne     L86CD
        jmp     L8D59

L86CD:  lsr     a
        lsr     a
        lsr     a
        lsr     a
        .byte   $09
L86D2:  ldy     #$8D
        plp
        sta     $AC
        inc     $98,x
        tya
        and     #$02
        beq     L86E0
        lda     #$6A
L86E0:  sta     $02C0
        sta     $02C1
        cpy     #$F4
        bcs     L86F4
        lda     L852A
        and     #$01
        bne     L86F4
        inc     L98F6
L86F4:  jsr     L889F
        lda     #$60
        sta     L996F
        jmp     L884C

L86FF:  lda     #$0A
        sta     L9913
        ldx     L9ACB
        cpx     #$04
        bcc     L8712
        lda     #$30
        sta     L852A
        bne     L86CD
L8712:  lda     L88B5,x
        sta     $02C0
        sta     $02C1
        lda     L99C8
        bne     L8747
        ldy     L98F6
        cpy     #$21
        bcc     L873D
        lda     L994F
        cmp     L98FB
        bcc     L8732
        lda     L98FB
L8732:  eor     #$1F
        lsr     a
        lsr     a
        sec
        sbc     #$02
        beq     L873D
        bpl     L873F
L873D:  lda     #$01
L873F:  ora     #$A0
        sta     L8528
        jsr     L889F
L8747:  dec     L9957
        bpl     L876D
        ldy     #$00
        lda     L994F
        cmp     #$1F
        bcs     L875B
        inc     L994F
        ldy     L9947
L875B:  lsr     a
        sta     L9957
        sty     L9947
        tya
        clc
        adc     L9987
        .byte   $20
        .byte   $51
L8769:  .byte   $93
        sta     L9987
L876D:  dec     L98FC
        bpl     L87B5
        ldy     #$00
        lda     L98FB
        cmp     #$1F
        bcs     L8781
        inc     L98FB
        ldy     L98F5
L8781:  lsr     a
        sta     L98FC
        sty     L98F5
        tya
        clc
        adc     L98F6
        ldx     #$D7
        cmp     #$D8
        bcs     L87B1
        ldx     #$20
        cmp     #$20
        bcs     L87B2
        lda     L9977
        cmp     #$60
        beq     L87AC
        lda     $0278
        cmp     #$0F
        bne     L87B1
        lda     #$60
        sta     L9977
L87AC:  lda     #$00
        sta     L9ACB
L87B1:  txa
L87B2:  sta     L98F6
L87B5:  jsr     L88B9
        bpl     L87C7
        lda     L9977
        bpl     L87C4
        lda     #$60
        sta     L9977
L87C4:  jmp     L8801

L87C7:  stx     $4D
        lda     L88C7,x
        sta     L9977
        ldy     L994F
        lda     L88E1,x
        beq     L87F3
        cmp     L9947
        beq     L87EB
        iny
        iny
        iny
        iny
        cpy     #$1F
        bcc     L87F0
        ldy     #$1F
        sta     L9947
        bcs     L87F0
L87EB:  cpy     #$00
        beq     L87F0
        dey
L87F0:  sty     L994F
L87F3:  lda     #$04
        sta     L867C
        jsr     L8875
        inc     L995F
        inc     L995F
L8801:  inc     L995F
        lda     L9977
        cmp     L9ACA
        beq     L881B
        sta     L9ACA
        lda     #$32
        sta     L9913
        lda     #$A0
        sta     L9977
        bne     L8836
L881B:  lda     L995F
        lsr     a
        lsr     a
        lsr     a
        lsr     a
        lsr     a
        and     #$03
        ldx     L9977
        .byte   $E0
L8829:  rts

        bcc     L882E
        and     #$01
L882E:  tax
        lda     L88B1,x
        clc
        adc     L9977
L8836:  sta     L996F
        dec     L9AC9
        bpl     L884C
        lda     #$06
        sta     L9AC9
        ldx     #$01
        stx     L867C
        dex
        jsr     L8875
L884C:  ldx     L996F
        ldy     L98F6
        lda     #$10
        sta     $8C
L8856:  lda     L88E9,x
        sta     $A400,y
        lda     L89A2,x
        sta     $A500,y
        inx
        iny
        dec     $8C
        bne     L8856
        lda     L9987
        sta     $D000
        clc
        adc     #$08
        sta     $D001
        rts

L8875:  ldy     L98FB
        lda     L88DF,x
        beq     L889E
        cmp     L98F5
        beq     L8896
        tya
        clc
        adc     L867C
        tay
        cpy     #$1F
        bcc     L889B
        lda     L88DF,x
        sta     L98F5
        ldy     #$1F
        bcs     L889B
L8896:  cpy     #$00
        beq     L889B
        dey
L889B:  sty     L98FB
L889E:  rts

L889F:  tya
        sec
        sbc     #$20
        cmp     #$80
        bcc     L88A9
        lda     #$7F
L88A9:  lsr     a
        lsr     a
        ora     #$26
        sta     L8529
        rts

L88B1:  brk
        bpl     L88D4
        .byte   $10
L88B5:  brk
        .byte   $80
        rts

        .byte   $52
L88B9:  lda     $0278
        ldx     #$07
L88BE:  cmp     L88D7,x
        beq     L88C6
        dex
        bpl     L88BE
L88C6:  rts

L88C7:  brk
        brk
L88C9:  brk
        .byte   $80
        bmi     L88FD
        bmi     L892F
L88CF:  dey
        sty     $80
        pla
        pla
L88D4:  jmp     L8503

L88D7:  asl     $07
        ora     $0D
        ora     #$0B
        asl     a
        .byte   $0E
L88DF:  .byte   $FF
L88E0:  brk
L88E1:  ora     ($01,x)
        ora     (L0000,x)
        .byte   $FF
        .byte   $FF
        .byte   $FF
        brk
L88E9:  brk
        brk
        brk
        php
        .byte   $04
        .byte   $04
        plp
        .byte   $1B
        .byte   $0F
        .byte   $1F
        .byte   $1F
        .byte   $17
        jsr     L0000
        brk
        brk
        brk
        brk
        php
L88FD:  bpl     L890F
        asl     a
        .byte   $2F
        .byte   $1F
        .byte   $5F
        .byte   $27
        brk
        brk
        brk
        brk
        brk
        brk
        brk
        php
        php
        .byte   $04
        .byte   $04
L890F:  .byte   $17
        .byte   $0F
        .byte   $2F
        .byte   $13
        ora     (L0000,x)
        brk
        brk
        brk
        brk
        brk
        brk
        brk
        brk
        brk
        brk
        brk
        .byte   $14
        ora     L1F2B,x
L8924:  .byte   $0F
        .byte   $0B
        bpl     L8928
L8928:  brk
        brk
        brk
        brk
        brk
        brk
        .byte   $02
L892F:  ora     $1D,x
        .byte   $2B
        .byte   $1F
        .byte   $0F
        .byte   $03
        .byte   $02
        .byte   $04
        brk
        brk
        brk
        brk
        brk
        brk
        and     #$3A
        lsr     $3F,x
        .byte   $1F
        .byte   $07
        ora     $02
        brk
        brk
        brk
        brk
        brk
        ora     ($01,x)
        .byte   $02
        .byte   $03
        ora     #$07
        .byte   $03
        .byte   $1B
        .byte   $27
        .byte   $07
        .byte   $07
        .byte   $04
        php
        brk
        brk
        brk
        brk
        ora     ($01,x)
        .byte   $02
        .byte   $03
        ora     ($03,x)
        .byte   $07
        .byte   $0B
        .byte   $03
        .byte   $2F
        .byte   $17
        .byte   $04
        .byte   $02
        brk
        brk
        brk
        .byte   $04
        .byte   $02
        .byte   $02
        .byte   $03
        ora     ($01,x)
        .byte   $03
        .byte   $07
        ora     #$03
        .byte   $07
        .byte   $03
L8977:  .byte   $02
        brk
        brk
        ora     ($02,x)
        .byte   $02
        .byte   $03
L897E:  .byte   $05
L897F:  .byte   $03
        .byte   $03
        ora     ($01,x)
        .byte   $03
        .byte   $07
        .byte   $03
        .byte   $02
        brk
        brk
L8989:  brk
        brk
        brk
        brk
        .byte   $02
        .byte   $03
        ora     $03
        ora     ($03,x)
        .byte   $03
        ora     $08
        brk
        brk
        brk
L8999:  pha
        jmp     L90D2

L899D:  pla
        pla
        jmp     L8A52

L89A2:  brk
        brk
        brk
        brk
        brk
        brk
        brk
        plp
        clv
        .byte   $D4
        sed
        beq     L897F
        php
        brk
        brk
        brk
        brk
        brk
        brk
        brk
        rti

        tay
        clv
        .byte   $D4
        sed
        beq     L897E
        rti

        jsr     L0000
        brk
        brk
        brk
        brk
        sty     $5C,x
        ror     a
        .byte   $FC
        sed
        cpx     #$A0
        rti

        brk
        brk
        brk
        brk
        brk
        brk
L89D4:  brk
        bpl     L89F7
        jsr     LD814
        beq     L89D4
        sed
        inx
L89DE:  .byte   $04
        brk
        brk
        brk
        brk
        brk
        brk
        bpl     L89EF
        php
        bvc     L89DE
        sed
        .byte   $FA
        cpx     L0000
L89EE:  brk
L89EF:  brk
        brk
        brk
        brk
        brk
        bpl     L8A06
        .byte   $20
L89F7:  jsr     LF0E8
        .byte   $F4
        iny
        .byte   $80
        brk
        brk
        brk
        brk
        brk
        brk
        rti

        cpy     #$A0
L8A06:  cpy     #$90
        cpx     #$C0
        .byte   $80
        .byte   $80
        cpy     #$C0
        rti

        jsr     L0000
        brk
        brk
        rti

L8A15:  cpy     #$A0
        cpy     #$80
        .byte   $80
L8A1A:  cpy     #$C0
        ldy     #$80
        cpy     #$40
        .byte   $80
        brk
        brk
        rti

        bcc     L8A86
        ldy     #$E0
        cpx     #$C0
        cpy     #$E0
        bcc     L89EE
        cpy     #$80
        .byte   $80
        brk
        brk
        rti

        ldy     #$A0
        cpx     #$C0
        bne     L8A1A
        cpy     #$80
        cpy     #$C0
        .byte   $80
        .byte   $80
        brk
        brk
        brk
        brk
        brk
        brk
        rti

        cpy     #$A0
        cpx     #$F0
        .byte   $D0
L8A4C:  iny
        ldy     #$10
        brk
        brk
        brk
L8A52:  lda     #$93
        jmp     L8999

L8A57:  brk
        brk
        cpy     #$00
        brk
        bmi     L8A5E
L8A5E:  bpl     L8A60
L8A60:  bmi     L8A62
L8A62:  brk
        bmi     L8A69
        brk
        brk
        bmi     L8A69
L8A69:  brk
        cmp     (L0000,x)
        brk
        brk
        brk
        brk
L8A70:  .byte   $04
        cpy     #$00
        brk
        brk
        brk
        bmi     L8A78
L8A78:  bmi     L8A7A
L8A7A:  brk
        brk
        brk
        cpy     #$01
        bmi     L8A81
L8A81:  brk
        brk
        brk
        cpy     L0000
L8A86:  brk
        brk
        brk
        brk
        bpl     L8A4C
        brk
        brk
        bmi     L8A90
L8A90:  rti

        brk
        bmi     L8A94
L8A94:  brk
        bmi     L8A97
L8A97:  brk
        brk
        brk
        brk
        brk
        brk
        .byte   $0F
        .byte   $FF
        brk
        brk
        brk
        brk
        brk
        .byte   $30
L8AA5:  .byte   $FF
        .byte   $FF
        brk
        brk
        brk
        brk
        brk
        .byte   $3C
        .byte   $FF
        .byte   $FF
        brk
        brk
L8AB1:  brk
        brk
        bmi     L8AB1
        .byte   $FF
        .byte   $FF
L8AB7:  dec     L9ACC
        bmi     L8ABD
        rts

L8ABD:  lda     #$14
        sta     L9ACC
        dec     L9ACD
        bpl     L8AF3
        lda     L9391
        sta     L8AEA
        lda     L9392
        sta     L8AEB
        lda     #$08
        sta     L9ACD
        inc     L9ACE
        lda     L9ACE
        asl     a
        asl     a
        asl     a
        ldy     #$00
L8AE3:  and     #$3F
        tax
        lda     L8A57,x
        .byte   $99
L8AEA:  .byte   $57
L8AEB:  txa
        inx
        txa
        iny
        cpy     #$40
        bcc     L8AE3
L8AF3:  inc     L9AD1
        lda     $D20A
        bmi     L8B6A
        lda     L9AD1
        and     #$0F
        tax
        lda     L9AF2,x
        bpl     L8B24
        lda     L9B02,x
        bpl     L8B54
        lda     $D20A
        and     #$7F
        cmp     #$28
        bcs     L8B48
        sta     L9AE2,x
        lda     $D20A
        and     #$07
        sta     L9AD2,x
        lda     #$16
        sta     L9AF2,x
L8B24:  asl     a
        tay
        lda     $0612,y
        sta     $80
        lda     $0613,y
        sta     $81
        ldy     L9AE2,x
        lda     L9AD2,x
        and     #$07
        clc
        adc     #$63
        sta     ($80),y
        inc     L9AD2,x
        dec     L9AF2,x
        lda     L9B02,x
        bpl     L8B54
L8B48:  lda     $D20A
        cmp     #$20
        bcs     L8B6A
        lda     #$16
        sta     L9B02,x
L8B54:  asl     a
        tay
        lda     $0612,y
        sta     $80
        lda     $0613,y
        sta     $81
        ldy     L9AE2,x
        lda     #$00
        sta     ($80),y
        dec     L9B02,x
L8B6A:  rts

L8B6B:  jsr     v09_733D
        lda     L8BBB,y
        iny
        iny
        iny
        sta     ($80),y
        sta     $D30B,x
        rts

L8B7A:  dec     L9ACF
        .byte   $D0
L8B7E:  and     ($A9),y
        iny
        sta     L9ACF
        lda     L9391
        clc
        adc     #$40
        .byte   $8D
        .byte   $A7
L8B8C:  .byte   $8B
        lda     L9392
        adc     #$00
        sta     L8BA8
        inc     L9AD0
        lda     L9AD0
        asl     a
        asl     a
        asl     a
        ldy     #$00
L8BA0:  and     #$1F
        tax
        lda     L8A97,x
        .byte   $99
        .byte   $97
L8BA8:  txa
        inx
        txa
        iny
        cpy     #$20
        bcc     L8BA0
        rts

        .byte   $F7
        iny
        .byte   $42
        .byte   $52
        sta     ($AF,x)
        lda     $DB73,y
        .byte   $DD
L8BBB:  bit     $85
        .byte   $9B
        ldx     $EE6A,y
        and     ($D9,x)
        cmp     #$6F
        .byte   $D2
        nop
        .byte   $5B
        .byte   $82
        .byte   $74
        ldx     L2F66
        jmp     (L833B)

        adc     $DE,x
        sta     L7A6B,y
        .byte   $0F
        clv
        .byte   $72
        sbc     $FCE4,y
        .byte   $F2
        .byte   $07
        .byte   $E2
        cmp     L9038,y
        tay
        dex
        .byte   $17
        .byte   $D2
        ror     $14C7
        .byte   $F7
        sta     $B02D
        .byte   $7C
        ror     $0E
        pha
        txa
        pha
        ldx     $02A8
        beq     L8C17
        lda     L9BA7,x
        sta     $D019
        cld
        lda     L9B47,x
        sta     $D007
        clc
        adc     #$04
        sta     $D006
        lda     L9B5E,x
L8C0D:  sta     $D005
        adc     #$04
        sta     $D004
        bne     L8C1D
L8C17:  lda     L852B
        sta     $D01A
L8C1D:  txa
        lsr     a
        lsr     a
        tax
        lda     L9B12,x
        sta     $D002
        lda     L9B18,x
        sta     $D003
        lda     L8528
        beq     L8C3E
        sta     $D203
        lda     $D20A
        and     L8529
        sta     $D202
L8C3E:  inc     $02A8
        pla
        tax
        pla
        rti

        bvs     L8CB7
        bvs     L8C0D
        brk
        clv
        sty     $84
        sty     $84
        sty     $84
        sty     $84
        sty     $84
        sty     $84
        sty     $84
        sty     $84
        sty     $84
        sty     $84
        sty     $84
        sty     $41
        eor     $8C
L8C65:  .byte   $37
L8C66:  iny
L8C67:  asl     a
L8C68:  .byte   $AC
L8C69:  lda     L9826
        bne     L8CE8
        inc     L9826
        lda     L852A
        bne     L8CE8
        lda     $D00C
        ora     $D00D
        and     #$0C
        beq     L8CD5
        ldx     #$06
        and     #$08
        beq     L8C88
        ldx     #$0C
L8C88:  ldy     #$06
L8C8A:  lda     L98F6
        clc
        adc     #$0C
L8C90:  dex
        dey
        bmi     L8CD5
        cmp     L8D83,y
        bcc     L8C90
        lda     L9B12,x
        adc     #$09
        cmp     L9987
        bcc     L8C8A
        sbc     #$1C
        cmp     L9987
        bcs     L8C8A
        lda     #$00
        sta     L9B12,x
        sta     L8528
        lda     L99C8
        clc
        .byte   $69
L8CB7:  php
        sta     L99C8
        dec     L8527
        bne     L8CD2
        pla
        pla
        lda     #$40
        sta     $D40E
        lda     #$00
        sta     L8528
        sta     $D203
        jmp     v49_375B

L8CD2:  jsr     L8EF3
L8CD5:  lda     $D008
        ora     $D009
        ora     $D00A
        ora     $D00B
        and     #$03
        bne     L8CE9
        sta     $D01E
L8CE8:  rts

L8CE9:  lda     #$00
        sta     L8528
        lda     #$01
        sta     $02A6
        lda     #$60
        sta     L996F
        jsr     L884C
        jsr     v09_733D
        lda     #$FF
        sta     $02A6
        lda     #$00
        sta     $D203
        sta     L8C65
        sta     L8C66
        sta     L8C67
        lda     #$18
        sta     L8C68
L8D16:  .byte   $EE
L8D17:  ror     $8C
        lda     L8C66
        and     #$3F
        cmp     L8C65
        ldx     #$1F
        bcc     L8D27
        ldx     #$10
L8D27:  stx     $D201
        ldx     #$0C
L8D2C:  dex
        bne     L8D2C
        inc     L8C67
        bne     L8D16
        lda     L8C65
        clc
        adc     #$0C
        and     #$1F
        sta     L8C65
        eor     #$90
        sta     $02C0
        sta     $02C1
        eor     #$0F
        sta     L852B
        sta     $02C7
        dec     L8C68
        bne     L8D16
        lda     #$00
        sta     $02A6
L8D59:  pla
        pla
        dec     $02A5
        jsr     v08_3964
        jsr     v09_733D
        lda     #$40
        sta     $D40E
        lda     #$00
        sta     L8528
        sta     $D203
        sta     $D004
        sta     $D005
        sta     $D006
        sta     $D007
        jsr     v09_733D
        jmp     v06_37AB

L8D83:  bmi     L8DD5
        bvs     L8D17
        bcs     L8D59
L8D89:  dec     L9B43
        bmi     L8D8F
L8D8E:  rts

L8D8F:  lda     #$08
        sta     L9B43
        dec     L9B44
        .byte   $AE
        .byte   $44
L8D99:  .byte   $9B
        bpl     L8DA9
        lda     L9B42
        eor     #$08
        sta     L9B42
        ldx     #$0B
        stx     L9B44
L8DA9:  lda     $D20A
        cmp     #$10
        bcs     L8DBC
        jsr     v01_4CBD
        sta     L9B1E,x
        jsr     v01_4CBD
        sta     L9B36,x
L8DBC:  lda     L9B12,x
        beq     L8D8E
        clc
        adc     L9B1E,x
        ldy     #$01
        cmp     #$34
        bcc     L8DD1
        ldy     #$FF
        cmp     #$C4
        bcc     L8DD7
L8DD1:  tya
        sta     L9B1E,x
L8DD5:  bne     L8DDA
L8DD7:  sta     L9B12,x
L8DDA:  txa
        cpx     #$06
        bcc     L8DE1
        sbc     #$06
L8DE1:  tay
        lda     L8D83,y
        sta     $8C
        lda     L9B36,x
        clc
        adc     L9B2A,x
        sta     L9B2A,x
        cmp     $8C
        ldy     #$01
        bcc     L8DFF
        ldy     #$FF
        sbc     #$10
        cmp     $8C
        .byte   $90
L8DFE:  .byte   $04
L8DFF:  tya
        sta     L9B36,x
        lda     #$00
        sta     $80
        lda     #$A6
        cpx     #$06
        bcc     L8E0F
        lda     #$A7
L8E0F:  sta     $81
        txa
        asl     a
        asl     a
        eor     L9B42
        and     #$08
        ldy     L9B1E,x
        bpl     L8E20
        ora     #$10
L8E20:  ldy     L9B2A,x
        tax
        lda     #$08
        sta     $8C
L8E28:  lda     L8E34,x
        sta     ($80),y
        inx
        iny
        dec     $8C
        bne     L8E28
        rts

L8E34:  brk
        sty     L7D5E
        .byte   $7F
        .byte   $5C
        sty     a:L0000
        tya
        ldy     $FEFA,x
        ldx     a:$9C,y
        brk
        and     ($7A),y
        ldx     L3AFE,y
        and     (L0000),y
        brk
        ora     L5F3D,y
        .byte   $7F
        adc     a:$39,x
        lda     L8F19
        beq     L8E70
        bmi     L8E75
        sta     $D40A
        sta     $D30B,x
        dey
        dey
        dey
        lda     ($80),y
        and     #$01
        tax
        lda     L9002,x
        sta     L9199,y
        rts

L8E70:  sty     $81
        jmp     L88CF

L8E75:  dec     L9B46
        bmi     L8E7B
        rts

L8E7B:  lda     #$03
        sta     L9B46
        dec     L9B45
        ldx     L9B45
        bpl     L8E98
        lda     L9B47
        clc
        adc     #$02
        and     #$06
        sta     L9B47
        ldx     #$2D
        stx     L9B45
L8E98:  cpx     #$17
        bcs     L8EC2
        txa
        sec
        adc     L9BA8,x
        and     #$1F
        ora     #$80
        sta     L9BA8,x
        txa
        asl     a
        asl     a
        asl     a
        adc     #$35
        tay
        stx     $8C
        ldx     L9B47
        lda     L8F14,x
        sta     $A300,y
        lda     L8F15,x
        sta     $A301,y
        ldx     $8C
L8EC2:  lda     L9B48,x
        beq     L8EED
        clc
        adc     L9B78,x
        sta     L9B48,x
        cmp     #$30
        bcs     L8ED7
        lda     #$01
        sta     L9B78,x
L8ED7:  cmp     #$C8
        bcc     L8EE0
        lda     #$FF
        sta     L9B78,x
L8EE0:  lda     $D20A
        cmp     #$08
        bcs     L8EED
        jsr     v01_4CBD
        sta     L9B78,x
L8EED:  rts

L8EEE:  ldy     #$01
        jmp     L8E70

L8EF3:  lda     $D20A
        and     #$3F
        cmp     #$2E
        bcs     L8EF3
        tax
        lda     L9B48,x
        bne     L8EF3
        lda     $D20A
        and     #$0F
        adc     #$18
        ldy     $D20A
        bmi     L8F10
        adc     #$B9
L8F10:  sta     L9B48,x
        rts

L8F14:  .byte   $69
L8F15:  stx     $43,y
        .byte   $BC
        .byte   $96
L8F19:  adc     #$C2
        .byte   $3D
L8F1C:  lda     #$58
        sta     L9A53
        lda     #$7A
        sta     L9A54
        lda     #$DD
        sta     $80
        lda     #$A4
        sta     $81
        lda     #$10
        sta     L98EF
L8F33:  ldy     #$00
        lda     #$63
        sta     ($80),y
        iny
L8F3A:  lda     $8C
        cmp     #$68
        beq     L8F52
        .byte   $AF
        .byte   $EF
        tya
        and     #$01
        bne     L8F52
        .byte   $AF
        asl     a
        .byte   $D2
        cmp     #$30
        bcc     L8F52
        lda     #$64
        bne     L8F5A
L8F52:  .byte   $AF
        asl     a
        .byte   $D2
        and     #$03
        clc
        adc     #$66
L8F5A:  sta     ($80),y
        sta     $8C
        iny
        cpy     #$0F
        bcc     L8F3A
        lda     #$65
        sta     ($80),y
        jsr     v21_73E7
        dec     L98EF
        bne     L8F33
        lda     #$F9
        sta     $80
        lda     #$D1
        sta     $81
        ldx     #$01
L8F79:  lda     #$30
        sta     L90E7,x
        lda     $D20A
        and     #$3F
        adc     #$80
        sta     L90E5,x
        lda     #$00
        sta     L90E9,x
        sta     L90E0,x
        sta     L90E2,x
        dex
        bpl     L8F79
        sta     L90E4
        sta     L9A6E
        sta     L9A6C
        sta     L90DF
        jsr     L8B6B
        lda     #$60
        sta     L9A6A
        lda     #$C0
        sta     L9A66
        nop
        nop
        nop
        lda     #$03
        sta     L8FC3
        rts

L8FB8:  jsr     L9101
        jsr     L9008
        jsr     L9073
        rts

L8FC2:  .byte   $02
L8FC3:  .byte   $F5
L8FC4:  .byte   $F7
        plp
        asl     L8058
        eor     ($BF,x)
        adc     ($B3),y
        sta     L285C,x
        txs
        .byte   $BF
        .byte   $E7
        sbc     #$23
        .byte   $74
        cmp     #$6E
        .byte   $5F
        cpx     L2B59
        adc     ($23),y
        ror     $2D,x
        cmp     $3A
        asl     $DC64
        .byte   $3C
        .byte   $7B
        .byte   $73
        asl     L623D
        .byte   $74
        nop
        rol     L5F5B
        lsr     L39E4
        ora     #$A2
        .byte   $CB
        .byte   $9F
        .byte   $C2
        sty     $49,x
        .byte   $3B
        inc     L0000,x
        .byte   $1C
        lda     ($24),y
        asl     $2A
L9002:  .byte   $AD
        .byte   $32
L9004:  brk
        ora     ($28,x)
        .byte   $29
L9008:  dec     L8FC2
        bpl     L9072
        lda     #$1A
        sta     L8FC2
        lda     L98F6
        clc
        adc     #$04
        sta     L991A
        lda     L9987
        adc     #$04
        sta     L9919
        lda     #$01
        sta     L98EF
        jsr     v17_7676
        bmi     L9072
L902D:  lda     ($80),y
        and     #$7F
        cmp     #$6A
        bcs     L9042
        dec     L98EF
L9038:  bmi     L9072
        inc     $80
        bne     L902D
        inc     $81
        bne     L902D
L9042:  sbc     #$6A
        tax
        lda     L99C8
        clc
        adc     #$08
        sta     L99C8
        dec     L8FC3
        bne     L905A
        pla
        pla
        pla
        pla
        jmp     v49_375B

L905A:  lda     $80
        sec
        sbc     L9004,x
        sta     $80
        bcs     L9066
        dec     $81
L9066:  lda     #$00
        jsr     L906D
        ldy     #$28
L906D:  sta     ($80),y
        iny
        sta     ($80),y
L9072:  rts

L9073:  lda     L9826
        bne     L90D1
        inc     L9826
        lda     $D00C
        ora     $D00D
        and     #$0C
        beq     L90CB
        ldx     #$00
        and     #$08
        beq     L908C
        inx
L908C:  lda     L98F6
        cmp     #$C4
        bcs     L90CB
        adc     #$0E
        cmp     L90E7,x
        bcc     L90BF
L909A:  lda     #$1F
        sta     L99D1
L909F:  asl     a
        asl     a
        .byte   $E0
L90A2:  brk
        bne     L90AA
        sta     L9A6A
        .byte   $B0
L90A9:  .byte   $03
L90AA:  sta     L9A66
L90AD:  lda     L99D1
        bne     L909F
        pla
        pla
        pla
        pla
L90B6:  dec     $02A5
        jsr     v08_3964
        jmp     v06_37AB

L90BF:  lda     L90E7,x
        cmp     #$30
        beq     L90CB
        lda     #$FF
        sta     L90E9,x
L90CB:  jsr     v53_2A44
        sta     $D01E
L90D1:  rts

L90D2:  lda     #$2C
        pha
        jsr     L8638
        pla
        pla
        bmi     L90CB
        jmp     L9101

L90DF:  .byte   $C7
L90E0:  cpx     #$D7
L90E2:  clv
        .byte   $7D
L90E4:  .byte   $A1
L90E5:  .byte   $4D
L90E6:  .byte   $53
L90E7:  sta     ($34),y
L90E9:  .byte   $CF
        .byte   $36
L90EB:  .byte   $17
        .byte   $39
L90ED:  .byte   $02
        .byte   $06
L90EF:  ora     ($03,x)
L90F1:  .byte   $03
        .byte   $03
        .byte   $02
        .byte   $02
        ora     ($01,x)
        brk
        brk
L90F9:  asl     a
        .byte   $07
        .byte   $04
        asl     a
        .byte   $07
L90FE:  .byte   $04
        asl     a
        .byte   $07
L9101:  dec     L90DF
        bpl     L9125
        ldy     L8637
L9109:  lda     L90A9,y
        sta     ($98),y
        ldy     $02A3
        lda     L90F1,y
        sta     L90DF
        lda     L90E4
        eor     #$01
        sta     L90E4
        tax
        dec     L90E0,x
        bmi     L9126
L9125:  rts

L9126:  lda     L90E9,x
        bne     L9170
        lda     L9987
        clc
        adc     L90ED,x
        sta     L991B
        lda     L90E5,x
        jsr     v26_732D
        beq     L9151
        clc
        adc     L90E5,x
        sta     L90E5,x
        lda     L90EF,x
        clc
        adc     L90F9,y
        sta     L90E0,x
L914E:  jmp     L91A0

L9151:  txa
        eor     #$01
        tay
        lda     L90E9,y
        beq     L916B
        lda     L9987
        clc
        adc     #$08
        sbc     L90E5,y
        bcs     L9167
        eor     #$FF
L9167:  cmp     #$07
        bcc     L914E
L916B:  lda     #$01
        sta     L90E9,x
L9170:  inc     L90E2,x
        lda     L90E2,x
        lsr     a
        lsr     a
        lsr     a
        lsr     a
        lsr     a
        and     #$03
        clc
        adc     L90EF,x
        sta     L90E0,x
        lda     L90E7,x
        clc
        adc     L90E9,x
        sta     L90E7,x
        cmp     #$30
        bne     L9197
        lda     #$00
        sta     L90E9,x
L9197:  cmp     #$BF
L9199:  bne     L91A0
        lda     #$FF
        sta     L90E9,x
L91A0:  lda     #$00
        sta     $80
        cpx     #$01
        beq     L91B2
        lda     L90E5
        sta     L9A68
        lda     #$A6
        bne     L91BA
L91B2:  lda     L90E6
        sta     L9A64
        lda     #$A7
L91BA:  sta     $81
        ldy     L90E7,x
        inc     L90EB,x
        lda     L90EB,x
        and     #$02
        beq     L91CB
        lda     #$09
L91CB:  tax
        tya
        and     #$01
        asl     a
        asl     a
        asl     a
        sta     ($80),y
        iny
        lda     #$09
        sta     $8C
L91D9:  lda     L91E5,x
        sta     ($80),y
        inx
        iny
        dec     $8C
        bne     L91D9
        rts

L91E5:  ora     ($5A,x)
        ldy     L5A3C,x
        sta     ($42,x)
        brk
        brk
        brk
        .byte   $80
        .byte   $5A
        and     L5A3C,x
        .byte   $42
        bit     L0000
        brk
        .byte   $1A
        eor     $8F,x
L91FB:  beq     L91FB
        jmp     L4C97

        .byte   $89
        ldx     $A2
        beq     L9237
        and     ($49,x)
        ora     $AF81
        stx     $BE
        .byte   $D2
        .byte   $3F
        cpy     $E7C2
        dec     $12
        cli
        rol     $CC87
        .byte   $47
        bit     L26A8
        .byte   $57
        tya
        iny
        .byte   $62
        lda     #$D2
        .byte   $5F
        ror     a
        eor     ($6C,x)
        .byte   $BF
        inc     L88E0,x
        .byte   $22
        dex
        lsr     $E8
        tax
        and     L33F2
        ora     $C4,x
        adc     ($1C),y
        lsr     a
        .byte   $62
L9237:  cmp     L2988
        asl     a
        sbc     #$74
        dey
        sec
        adc     ($E0),y
        and     $79,x
        pla
        .byte   $1F
        .byte   $C4
L9246:  ldy     $F7
        .byte   $4F
        ora     L8088,x
        sbc     $ACA9
        ror     $4B
        txs
        .byte   $1B
        dey
        .byte   $D2
        cpx     L7E57
        .byte   $A3
        sbc     L2C0D,x
        eor     L6E59,y
        sbc     ($79),y
        and     $D938,y
        .byte   $03
        .byte   $14
        .byte   $D7
        .byte   $AB
        .byte   $4F
        sty     $DD
        .byte   $A7
        cpy     $FA
        ldx     $BF
        lda     L64C9,y
        .byte   $F2
        .byte   $72
        .byte   $0F
        .byte   $C3
        .byte   $A3
        .byte   $64
        .byte   $03
        cmp     $81
        .byte   $DC
L927D:  .byte   $12
        .byte   $DA
        sty     $DCCF
        jmp     (LC004)

        php
        clc
        .byte   $62
        .byte   $80
        pla
        .byte   $8F
        .byte   $89
        .byte   $34
        .byte   $BB
        asl     a
        .byte   $42
        lda     ($1E),y
        lsr     L730E,x
        eor     $3E,x
        .byte   $F7
        .byte   $C2
        sta     L7E1D
        lda     $ACB2,x
        pha
        .byte   $82
        sty     $EB14
        .byte   $7A
        jmp     LAAB7

        .byte   $D4
        .byte   $80
        cmp     ($A1),y
        .byte   $2F
        ror     L8682
        lda     $E0,x
        sbc     L2E78
        cli
        .byte   $32
        adc     ($1A,x)
        clv
        .byte   $9F
        stx     L63B5
        lsr     $A6,x
        .byte   $0B
        and     #$94
        inc     L636B
        jsr     L0050
        rts

        sta     ($AB),y
        inc     $6D,x
        .byte   $AB
        sty     L71E7
        dec     $34,x
        nop
        .byte   $12
        lda     $F4F1,x
        ror     $89
        sec
        .byte   $D4
        jmp     L6926

        .byte   $83
        bvs     v04_3B30
        adc     L762C,y
        ldy     #$3B
        .byte   $C2
        .byte   $4B
        .byte   $14
        sbc     $ABD1
        rts

        .byte   $74
        cpy     #$18
        and     #$BB
        rol     $B8D2,x
        tax
        .byte   $E2
        .byte   $14
        asl     $48
        ora     ($F3),y
        .byte   $C7
        .byte   $73
v00_38EF:
        jmp     L38EF

v01_4CBD:
        jmp     L4CBD

v02_1B02:
        jmp     L1B02

v03_8513:
        jmp     L8513

v04_3B30:
        jmp     L3B30

v05_4D83:
        jmp     L4D83

v06_37AB:
        jmp     L37AB

v07_45ED:
        jmp     L45ED

v08_3964:
        jmp     L3964

v09_733D:
        jmp     L733D

v10_7388:
        jmp     L7388

v11_74CA:
        jmp     L74CA

v12_73B3:
        jmp     L73B3

v13_7499:
        jmp     L7499

v14_6E58:
        jmp     L6E58

v15_28A5:
        jmp     L28A5

v16_7C95:
        jmp     L7C95

v17_7676:
        jmp     L7676

v18_739C:
        jmp     L739C

v19_54E3:
        jmp     L54E3

v20_7412:
        jmp     L7412

v21_73E7:
        jmp     L73E7

v22_73F3:
        jmp     L73F3

v23_71D1:
        jmp     L71D1

v24_70B6:
        jmp     L70B6

v25_7023:
        jmp     L7023

v26_732D:
        jmp     L732D

v27_7100:
        jmp     L7100

v28_711C:
        jmp     L711C

v29_70E0:
        jmp     L70E0

v30_73FF:
        jmp     L73FF

v31_71F4:
        jmp     L71F4

v32_5CEC:
        jmp     L5CEC

v33_546E:
        .byte   $4C
L9364:  .byte   $6E
        .byte   $54
v34_6F5A:
        jmp     L6F5A

v35_7039:
        jmp     L7039

v36_70A2:
        jmp     L70A2

v37_6EF3:
        jmp     L6EF3

v38_74BC:
        jmp     L74BC

v39_73C5:
        jmp     L73C5

v40_5495:
        jmp     L5495

v41_7183:
        jmp     L7183

v42_6F21:
        jmp     L6F21

v43_7E53:
        jmp     L7E53

v44_725F:
        jmp     L725F

v45_852C:
        jmp     L852C

v46_867F:
        jmp     L867F

v47_8A57:
        .byte   $4C
L938E:  .byte   $57
L938F:  txa
v48_8318:
        .byte   $4C
L9391:  clc
L9392:  .byte   $83
v49_375B:
        jmp     L375B

v50_7200:
        jmp     L7200

v51_8F1C:
        jmp     L8F1C

v52_8FB8:
        jmp     L8FB8

v53_2A44:
        .byte   $4C
        .byte   $44
L93A1:  rol     a
        .byte   $52
        sta     L5C7A,y
        sed
        cmp     L79A8,y
        .byte   $C7
        bvs     L93A1
        cld
        ldy     $39
        sbc     $CE
        dec     $51,x
        sbc     #$6F
        .byte   $89
        sty     $E6
        sbc     $E656,y
        .byte   $32
        .byte   $33
        beq     L93CE
        cpy     #$AE
        .byte   $37
        and     ($C6),y
        brk
        lda     $DDB1
        cpx     $77
        ror     a
        .byte   $8F
        .byte   $EF
L93CE:  .byte   $A3
        ora     L5817
        dec     $E2
        bcc     L9455
        brk
        ora     $89,x
        .byte   $1C
        lda     ($53,x)
        .byte   $F7
        .byte   $82
        sbc     L9F20,y
        adc     ($6D,x)
        inc     $4F
        tya
        clv
        .byte   $0B
        and     $82,x
        bit     $7B
        .byte   $5A
        .byte   $DF
        txs
        beq     L941E
        txs
        lda     $BB3B,y
        ora     #$6D
        .byte   $F7
        stx     $5D,y
        .byte   $FB
        sbc     L3D86,x
        .byte   $0E
        .byte   $A6
L9400:  .byte   $FF
        .byte   $FF
        .byte   $FF
        .byte   $FF
        .byte   $FF
        .byte   $FF
        .byte   $FF
        .byte   $7F
        .byte   $7F
        rol     L300C,x
        sei
        sed
        sed
        .byte   $FC
        .byte   $FC
        .byte   $FF
        .byte   $FF
        .byte   $FF
        .byte   $FF
        .byte   $FF
L9416:  brk
        .byte   $14
        .byte   $1C
        rol     L5ABD,x
        .byte   $3E
        .byte   $3C
L941E:  sei
        .byte   $7C
        .byte   $7C
        sec
        .byte   $54
        .byte   $92
        .byte   $20
        brk
L9426:  brk
        asl     $0C
        .byte   $12
        clc
        .byte   $1E
        .byte   $24
L942D:  .byte   $13
        ora     a:$06
L9431:  brk
        brk
        .byte   $12
        asl     L1E2D,x
        brk
        brk
        .byte   $14
        asl     L1C3E,x
        brk
        brk
        asl     a
        asl     $0E1F,x
        brk
        brk
        .byte   $12
        asl     L1E2D,x
        brk
        .byte   $12
        asl     L3F2D,x
        .byte   $12
        brk
        .byte   $0C
        asl     $1221,x
        .byte   $0C
L9455:  brk
        .byte   $12
        and     $123F
        .byte   $0C
L945B:  .byte   $0C
        .byte   $5C
        .byte   $9E
        ror     L1C0C,x
        lsr     $0CBE,x
        .byte   $1C
        dec     $0C3E,x
        .byte   $5C
        .byte   $BE
        .byte   $3E
L946B:  rol     L6D3E,x
        brk
        brk
        brk
        brk
        brk
        brk
        bpl     L9496
        jsr     L3F37
        .byte   $1F
        rol     L2424
        .byte   $12
        brk
        brk
        brk
        brk
        brk
        brk
        jsr     L4140
        .byte   $37
        .byte   $1F
        asl     $140E,x
        .byte   $14
        asl     a
        brk
        brk
        brk
        brk
        brk
        brk
L9494:  rti

        .byte   $20
L9496:  and     ($17),y
        .byte   $1F
        .byte   $1F
        asl     $080C
        .byte   $04
        brk
        brk
        brk
        brk
        brk
        brk
        brk
        jsr     L1751
        .byte   $1F
        .byte   $1F
        asl     $121C
        bpl     L94AF
L94AF:  brk
        brk
        brk
        brk
        brk
        bpl     L94DE
        .byte   $0B
        .byte   $1F
        .byte   $1F
        .byte   $0F
        asl     $1119,x
        jsr     L0000
        brk
        brk
        brk
        bpl     L94CD
        bpl     L94DE
        .byte   $1F
        .byte   $0F
        .byte   $07
        asl     $0A0A
L94CD:  ora     L0000
        brk
        brk
        brk
        brk
        .byte   $02
        .byte   $03
        ora     $03
        ora     ($0B,x)
        .byte   $17
        .byte   $07
        .byte   $02
        asl     $09
L94DE:  brk
        brk
        brk
        brk
        brk
        brk
        brk
        brk
        brk
        .byte   $07
        .byte   $0F
        .byte   $0F
        .byte   $3F
        .byte   $5F
        eor     a:$26
        brk
        brk
        brk
        brk
        brk
        ora     ($03,x)
        .byte   $33
        .byte   $4F
        .byte   $07
        asl     $0416
        php
        brk
        brk
        brk
        brk
        brk
        brk
        brk
        .byte   $04
        .byte   $0B
        .byte   $37
        .byte   $07
        .byte   $07
        .byte   $0F
L950A:  asl     a:L0010
        brk
        brk
        brk
        brk
        brk
        brk
        brk
        .byte   $04
        asl     $0E16
        .byte   $0F
        .byte   $07
        .byte   $0F
        .byte   $12
        ora     ($01,x)
        brk
        brk
        brk
        brk
        brk
        brk
        php
        .byte   $1C
        and     L1F1F
        .byte   $0F
        asl     $0A
        ora     #$10
        brk
        brk
        brk
        brk
        brk
        brk
        php
        .byte   $1C
        and     L1F1F
        .byte   $0F
        .byte   $07
        .byte   $02
        .byte   $02
        .byte   $04
        brk
        brk
        brk
        brk
        brk
        brk
        bpl     L957E
        .byte   $5B
        .byte   $3F
        .byte   $3F
        .byte   $1F
        asl     $120A
        ora     (L0000,x)
        brk
        brk
        brk
        brk
        brk
        php
        .byte   $1C
        and     L1F1F
        .byte   $0F
        ora     $0A0A
        .byte   $04
        brk
        brk
        brk
        brk
        brk
        brk
        php
        .byte   $1C
        bit     L1F1F
        ora     $050E
        ora     $08
        brk
        brk
        brk
        brk
        brk
        .byte   $02
        .byte   $03
        ora     $03
        ora     ($03,x)
        .byte   $07
        .byte   $07
        .byte   $02
        ora     $04
L957E:  brk
        brk
        brk
        brk
        brk
        brk
        brk
        .byte   $14
        .byte   $1C
        rol     a
        .byte   $3F
        .byte   $1F
        .byte   $07
        .byte   $03
        .byte   $02
        .byte   $04
        brk
        brk
        asl     a
        .byte   $0F
        ora     $0E,x
        .byte   $07
        .byte   $1F
        .byte   $07
        .byte   $04
        php
        brk
        brk
        brk
        brk
        brk
        brk
        brk
        brk
        brk
        brk
        brk
        brk
        plp
        and     L3F57,x
        .byte   $0F
        .byte   $1F
        bit     $04
L95AD:  php
        brk
        brk
        brk
        brk
        brk
        brk
        brk
        .byte   $02
        .byte   $03
        ora     $03
        ora     ($03,x)
        .byte   $03
        .byte   $03
        ora     L0000
        brk
        brk
        brk
        brk
        .byte   $02
        .byte   $03
        ora     $03
        ora     ($03,x)
        .byte   $03
        ora     $04
        php
        brk
        brk
        brk
        brk
        brk
        brk
        ora     ($01,x)
        .byte   $03
        .byte   $03
        ora     ($03,x)
        .byte   $17
        .byte   $2F
        .byte   $07
        .byte   $0F
        .byte   $03
        brk
        brk
        ora     ($01,x)
        .byte   $03
        .byte   $03
        ora     #$07
        .byte   $03
        .byte   $1B
        .byte   $27
        .byte   $07
        .byte   $07
        .byte   $04
        php
        brk
        brk
        brk
        .byte   $02
        .byte   $03
        .byte   $07
        .byte   $07
        .byte   $03
        .byte   $0B
        .byte   $07
        .byte   $03
        .byte   $07
L95F9:  .byte   $07
        .byte   $37
L95FB:  .byte   $0F
        .byte   $02
        ora     (L0000,x)
        brk
        brk
        brk
        brk
        brk
        jsr     L6870
        bvs     L95F9
        cpx     #$F0
L960B:  pha
        .byte   $80
        .byte   $80
        brk
        brk
        brk
        brk
        brk
        brk
        bpl     L964E
        ldy     $F8,x
        sed
        beq     L967B
        bvc     L95AD
        php
        brk
        brk
        brk
        brk
        brk
        brk
        bpl     L965E
        ldy     $F8,x
        sed
L9629:  beq     L960B
        rti

        rti

        jsr     L0000
        brk
        brk
        brk
        brk
        php
        .byte   $1C
        .byte   $DA
        .byte   $FC
        .byte   $FC
        sed
        bvs     L968C
        pha
        .byte   $80
        brk
        brk
        brk
        brk
        brk
        brk
        bpl     L967E
        ldy     $F8,x
        sed
        beq     L95FB
        bvc     L969D
        .byte   $20
L964E:  brk
        brk
        brk
        brk
        brk
        brk
        bpl     L968E
        .byte   $34
        sed
        sed
        bcs     L96CB
        ldy     #$A0
        .byte   $10
L965E:  brk
        brk
        brk
        brk
        brk
        rti

        .byte   $C0
L9665:  ldy     #$C0
        .byte   $80
        .byte   $C0
L9669:  cpx     #$E0
        rti

        ldy     #$20
        brk
        brk
        brk
        brk
L9672:  brk
        brk
        brk
        plp
        sec
        .byte   $54
        .byte   $FC
        sed
        .byte   $E0
L967B:  cpy     #$40
        .byte   $20
L967E:  brk
        brk
        bvc     L9672
        tay
        bvs     L9665
        sed
        cpx     #$20
        bpl     L968A
L968A:  brk
        brk
L968C:  brk
        brk
L968E:  brk
        brk
        brk
        brk
        brk
L9693:  brk
        brk
        .byte   $14
        ldy     $FCEA,x
        beq     L9693
        bit     $20
L969D:  .byte   $10
L969E:  brk
L969F:  brk
        brk
        brk
        brk
        brk
        php
        .byte   $04
        .byte   $04
        cpx     LF8FC
        .byte   $74
        bit     $24
        pha
        brk
        brk
        brk
        brk
        brk
        brk
        .byte   $04
        .byte   $02
        .byte   $82
        cpx     L78F8
        bvs     L96E4
        plp
        bvc     L96BF
L96BF:  brk
        brk
        brk
        brk
        brk
        .byte   $02
        .byte   $04
        sty     $F8E8
        sed
        .byte   $70
L96CB:  bmi     L96DD
        jsr     L0000
        brk
        brk
        brk
        brk
        brk
        .byte   $04
        txa
        inx
        sed
        sed
L96DA:  bvs     L9714
        pha
L96DD:  php
        brk
        brk
L96E0:  brk
        brk
        brk
        brk
L96E4:  php
        .byte   $14
        bne     L96E0
        sed
        beq     L9763
        tya
        dey
        .byte   $04
        brk
        brk
        brk
        brk
L96F2:  brk
        php
        bpl     L96FE
        inx
        sed
        beq     L96DA
        bvs     L974C
        bvc     L969E
L96FE:  brk
        brk
        brk
        brk
        brk
        rti

        cpy     #$A0
        cpy     #$80
        bne     L96F2
        cpx     #$40
        rts

        bcc     L970F
L970F:  brk
        brk
        brk
        brk
        brk
L9714:  brk
        brk
        brk
L9717:  cpx     #$F0
        beq     L9717
        .byte   $FA
        .byte   $B2
        .byte   $64
        brk
        brk
        brk
        brk
L9722:  brk
        brk
        .byte   $80
        cpy     #$CC
        .byte   $F2
        cpx     #$70
        pla
L972B:  jsr     L0010
        brk
        brk
        brk
        brk
        brk
        brk
        jsr     LECD0
        cpx     #$E0
        beq     L97AB
        php
        brk
        brk
        brk
        brk
        brk
        brk
        brk
        brk
        brk
        rti

        cpy     #$A0
        iny
L9749:  beq     L972B
        .byte   $E0
L974C:  cpx     #$B0
        brk
        brk
        jsr     L2040
        rti

        cpy     #$A0
        cpx     #$F0
        bne     L9722
        ldy     #$20
        bpl     L975E
L975E:  brk
        brk
        brk
        brk
        brk
L9763:  rti

        cpy     #$E0
        cpy     #$80
        .byte   $80
        cpy     #$C0
        cpy     #$E0
        brk
        brk
        brk
        rti

        cpy     #$E0
        cpy     #$90
        cpx     #$C0
        .byte   $80
        .byte   $80
        cpy     #$C0
        rti

        jsr     L0000
        brk
        .byte   $80
        .byte   $80
        cpy     #$90
        jsr     LC0C0
        .byte   $80
        .byte   $80
        brk
        .byte   $80
        .byte   $80
        rti

        brk
        brk
        eor     L3652
        adc     $FDDB
        bit     $92
L9797:  stx     $D65B
        eor     $DA
        .byte   $AF
        adc     #$D2
        lda     $01
        cmp     L7965,x
L97A4:  .byte   $93
        lsr     $64
        sta     $0C73,y
        .byte   $CF
L97AB:  .byte   $9F
        .byte   $7B
        and     $B1B5
        lda     $DC,x
        bvc     L97A4
        tay
        .byte   $AB
        .byte   $80
        ora     ($47,x)
        .byte   $54
        lsr     $53
        .byte   $02
        rti

        adc     #$83
        eor     #$64
        asl     L3C3C,x
        .byte   $A3
        lda     #$8D
        .byte   $BF
        and     L669B,y
        .byte   $92
        beq     L9806
        .byte   $6F
        .byte   $9C
        .byte   $F7
        rol     $AA,x
        cpy     L5CDA
        inx
        .byte   $B2
        .byte   $CB
        eor     ($82,x)
        rti

        lsr     $51
        jmp     (LA01C)

        txa
        eor     $E3
        adc     L5A2D,x
        inc     $22,x
        sta     ($E2),y
        .byte   $1A
        .byte   $F2
        cpx     $98
        rti

        asl     a
        .byte   $C3
        .byte   $87
        .byte   $42
        lsr     $1E
        .byte   $5C
        cmp     L4ED3,y
        cpy     L4606
        .byte   $63
        .byte   $C7
L9800:  .byte   $1A
L9801:  .byte   $1A
L9802:  brk
L9803:  .byte   $1A
L9804:  .byte   $1A
L9805:  .byte   $1A
L9806:  .byte   $1A
L9807:  .byte   $1A
L9808:  .byte   $1A
L9809:  .byte   $1A
        .byte   $1A
        .byte   $1A
        .byte   $1A
        .byte   $1A
        .byte   $1A
        .byte   $1A
        .byte   $1A
        .byte   $1A
L9812:  .byte   $1A
L9813:  .byte   $1A
        .byte   $1A
        .byte   $1A
        .byte   $1A
L9817:  ora     ($80,x)
L9819:  .byte   $1A
L981A:  .byte   $1A
L981B:  brk
        brk
        brk
        brk
L981F:  brk
        brk
        brk
        brk
L9823:  .byte   $1A
L9824:  .byte   $1A
L9825:  .byte   $1A
L9826:  .byte   $1A
L9827:  .byte   $10
L9828:  ora     $05
        bpl     L983C
L982C:  asl     a
L982D:  asl     a
        bpl     L9840
        .byte   $0F
        .byte   $0F
        bpl     L9844
        bpl     L9846
        bpl     L9848
        bpl     L984A
        bpl     L984C
L983C:  bpl     L984E
        .byte   $10
L983F:  .byte   $80
L9840:  .byte   $1A
        .byte   $1A
        .byte   $1A
        .byte   $1A
L9844:  .byte   $1A
        .byte   $1A
L9846:  .byte   $1A
        .byte   $1A
L9848:  .byte   $1A
        .byte   $1A
L984A:  .byte   $1A
        .byte   $1A
L984C:  .byte   $1A
        .byte   $1A
L984E:  .byte   $1A
        .byte   $1A
        .byte   $1A
        .byte   $1A
        .byte   $1A
        .byte   $1A
L9854:  .byte   $1A
        .byte   $1A
        .byte   $1A
        .byte   $1A
        .byte   $1A
        .byte   $1A
        .byte   $1A
        .byte   $1A
        .byte   $1A
        .byte   $1A
        .byte   $1A
        .byte   $1A
        .byte   $1A
        .byte   $1A
        .byte   $1A
        .byte   $1A
L9864:  .byte   $1A
        .byte   $1A
        .byte   $1A
        .byte   $1A
        .byte   $1A
        .byte   $1A
        .byte   $1A
        .byte   $1A
        .byte   $1A
        .byte   $1A
        .byte   $1A
        .byte   $1A
L9870:  .byte   $1A
        .byte   $1A
        .byte   $1A
        .byte   $1A
L9874:  .byte   $1A
L9875:  .byte   $1A
L9876:  .byte   $1A
L9877:  .byte   $1A
L9878:  .byte   $1A
        .byte   $1A
        .byte   $1A
        .byte   $1A
        .byte   $1A
        .byte   $1A
        .byte   $1A
        .byte   $1A
        .byte   $1A
        .byte   $1A
        .byte   $1A
L9883:  .byte   $1A
L9884:  .byte   $1A
L9885:  .byte   $1A
        .byte   $1A
        .byte   $1A
        .byte   $1A
        brk
        brk
        brk
        brk
        brk
        brk
        brk
        brk
        brk
        brk
        brk
        brk
        brk
        brk
        brk
        brk
        brk
L989A:  brk
L989B:  brk
L989C:  brk
        brk
        brk
        brk
        brk
        brk
        brk
        brk
        brk
        brk
        brk
        brk
        brk
        brk
        brk
        brk
        brk
        brk
        brk
        brk
L98B0:  brk
L98B1:  brk
L98B2:  brk
        brk
        brk
        brk
        brk
        brk
        brk
        brk
        brk
        brk
        brk
        brk
        brk
        brk
        brk
        brk
        brk
        brk
        brk
        brk
L98C6:  brk
L98C7:  brk
L98C8:  brk
        brk
        brk
        brk
        brk
        brk
        brk
        brk
        brk
        brk
        brk
        brk
        brk
        brk
        brk
        brk
        brk
        brk
        brk
        brk
L98DC:  brk
L98DD:  brk
        brk
        brk
        brk
        brk
        brk
        brk
        brk
        brk
        brk
        brk
L98E8:  brk
L98E9:  brk
        brk
        brk
        brk
L98ED:  brk
L98EE:  brk
L98EF:  .byte   $FE
L98F0:  .byte   $C7
L98F1:  brk
L98F2:  brk
L98F3:  brk
L98F4:  brk
L98F5:  brk
L98F6:  .byte   $74
L98F7:  .byte   $FF
L98F8:  brk
L98F9:  brk
        brk
L98FB:  brk
L98FC:  brk
L98FD:  brk
L98FE:  brk
L98FF:  brk
L9900:  brk
L9901:  brk
L9902:  brk
L9903:  brk
L9904:  brk
L9905:  brk
L9906:  brk
L9907:  brk
L9908:  brk
L9909:  brk
L990A:  brk
L990B:  brk
L990C:  brk
L990D:  brk
L990E:  brk
L990F:  brk
L9910:  brk
L9911:  brk
L9912:  brk
L9913:  .byte   $50
L9914:  .byte   $01
L9915:  ora     (L0000,x)
L9917:  .byte   $01
L9918:  brk
L9919:  brk
L991A:  brk
L991B:  brk
L991C:  brk
L991D:  brk
L991E:  brk
L991F:  brk
L9920:  brk
L9921:  brk
L9922:  brk
        brk
        brk
        brk
        brk
        brk
        brk
L9929:  brk
        brk
        brk
        brk
        brk
        brk
        brk
L9930:  brk
        brk
        brk
        brk
        brk
        brk
        brk
L9937:  .byte   $10
L9938:  bpl     L993A
L993A:  brk
        brk
        brk
        brk
        brk
        brk
        brk
        brk
        brk
        brk
        brk
        brk
        brk
L9947:  .byte   $01
L9948:  brk
        brk
        brk
        brk
        brk
        brk
        brk
L994F:  .byte   $03
L9950:  brk
        brk
        brk
        brk
        brk
        brk
        brk
L9957:  .byte   $04
L9958:  brk
        brk
        brk
        brk
        brk
        brk
        brk
L995F:  .byte   $02
L9960:  brk
        brk
        brk
        brk
        brk
        brk
        brk
L9967:  .byte   $0E
L9968:  brk
        brk
        brk
        brk
        brk
        brk
        brk
L996F:  brk
L9970:  brk
        brk
        brk
        brk
        brk
        brk
        brk
L9977:  brk
L9978:  brk
        brk
        brk
        brk
        brk
        brk
        brk
L997F:  .byte   $01
L9980:  brk
        brk
        brk
        brk
        brk
        brk
        brk
L9987:  .byte   $3C
L9988:  brk
        brk
        brk
        brk
        brk
        brk
        brk
L998F:  brk
L9990:  brk
L9991:  ora     ($3C,x)
L9993:  .byte   $10
L9994:  .byte   $FF
L9995:  brk
L9996:  .byte   $74
L9997:  brk
L9998:  brk
L9999:  brk
L999A:  brk
L999B:  .byte   $80
L999C:  asl     a
L999D:  brk
L999E:  brk
L999F:  brk
L99A0:  brk
L99A1:  brk
L99A2:  brk
L99A3:  brk
L99A4:  brk
L99A5:  brk
L99A6:  brk
L99A7:  brk
L99A8:  brk
L99A9:  brk
L99AA:  brk
L99AB:  brk
L99AC:  brk
L99AD:  brk
L99AE:  brk
L99AF:  brk
L99B0:  brk
L99B1:  brk
L99B2:  brk
L99B3:  brk
L99B4:  brk
L99B5:  brk
L99B6:  brk
L99B7:  brk
L99B8:  brk
L99B9:  brk
L99BA:  brk
L99BB:  brk
L99BC:  brk
L99BD:  brk
L99BE:  brk
L99BF:  brk
L99C0:  brk
L99C1:  brk
L99C2:  brk
L99C3:  brk
L99C4:  brk
L99C5:  brk
L99C6:  brk
L99C7:  brk
L99C8:  brk
L99C9:  brk
L99CA:  brk
L99CB:  brk
L99CC:  brk
L99CD:  brk
L99CE:  brk
L99CF:  brk
L99D0:  brk
L99D1:  brk
L99D2:  brk
L99D3:  brk
L99D4:  brk
L99D5:  brk
L99D6:  brk
L99D7:  brk
L99D8:  brk
L99D9:  brk
        brk
L99DB:  brk
L99DC:  brk
L99DD:  brk
L99DE:  brk
L99DF:  brk
L99E0:  brk
L99E1:  brk
L99E2:  brk
L99E3:  brk
L99E4:  brk
        brk
        brk
        brk
L99E8:  brk
        brk
        brk
        brk
L99EC:  brk
        brk
        brk
        brk
L99F0:  brk
        brk
        brk
        brk
L99F4:  brk
        brk
        brk
        brk
L99F8:  brk
L99F9:  brk
        brk
        brk
L99FC:  brk
        brk
        brk
        brk
L9A00:  brk
        brk
        brk
        brk
L9A04:  brk
        brk
        brk
        brk
L9A08:  brk
        brk
        brk
        brk
L9A0C:  brk
        brk
        brk
        brk
L9A10:  brk
        brk
        brk
        brk
L9A14:  brk
        brk
        brk
        brk
L9A18:  brk
        brk
        brk
        brk
L9A1C:  brk
L9A1D:  brk
        brk
        brk
        brk
L9A21:  brk
        brk
        brk
        brk
L9A25:  brk
L9A26:  brk
L9A27:  brk
L9A28:  brk
L9A29:  brk
L9A2A:  brk
L9A2B:  brk
L9A2C:  brk
L9A2D:  brk
L9A2E:  brk
L9A2F:  brk
L9A30:  brk
L9A31:  brk
L9A32:  brk
L9A33:  brk
L9A34:  brk
L9A35:  brk
L9A36:  brk
L9A37:  brk
L9A38:  brk
L9A39:  brk
L9A3A:  brk
L9A3B:  brk
L9A3C:  brk
L9A3D:  brk
L9A3E:  brk
L9A3F:  brk
L9A40:  .byte   $FF
L9A41:  brk
L9A42:  brk
L9A43:  brk
L9A44:  brk
L9A45:  brk
L9A46:  brk
L9A47:  brk
L9A48:  brk
L9A49:  brk
L9A4A:  brk
L9A4B:  brk
L9A4C:  brk
L9A4D:  brk
L9A4E:  .byte   $24
L9A4F:  .byte   $02
L9A50:  .byte   $C1
L9A51:  .byte   $3C
L9A52:  brk
L9A53:  brk
L9A54:  brk
L9A55:  brk
L9A56:  brk
L9A57:  brk
L9A58:  brk
L9A59:  brk
L9A5A:  brk
L9A5B:  brk
L9A5C:  brk
L9A5D:  brk
L9A5E:  brk
L9A5F:  brk
L9A60:  brk
L9A61:  brk
L9A62:  brk
L9A63:  brk
L9A64:  brk
L9A65:  brk
L9A66:  brk
L9A67:  brk
L9A68:  brk
L9A69:  brk
L9A6A:  brk
L9A6B:  brk
L9A6C:  brk
L9A6D:  brk
L9A6E:  brk
        brk
L9A70:  brk
L9A71:  brk
L9A72:  brk
L9A73:  brk
L9A74:  brk
L9A75:  brk
L9A76:  brk
L9A77:  brk
L9A78:  brk
L9A79:  brk
L9A7A:  brk
L9A7B:  brk
L9A7C:  brk
L9A7D:  brk
L9A7E:  brk
L9A7F:  brk
L9A80:  brk
L9A81:  brk
L9A82:  brk
L9A83:  brk
L9A84:  brk
L9A85:  brk
        brk
        brk
        brk
        brk
        brk
        brk
        brk
        brk
        brk
        brk
        brk
L9A91:  brk
        brk
        brk
        brk
        brk
        brk
        brk
        brk
        brk
        brk
        brk
        brk
L9A9D:  brk
        brk
        brk
        brk
        brk
        brk
        brk
        brk
        brk
        brk
        brk
        brk
L9AA9:  brk
        brk
L9AAB:  brk
L9AAC:  brk
L9AAD:  brk
L9AAE:  brk
L9AAF:  brk
L9AB0:  brk
L9AB1:  brk
        brk
        brk
        brk
        brk
        brk
        brk
        brk
        brk
        brk
        brk
        brk
L9ABD:  brk
L9ABE:  brk
L9ABF:  brk
L9AC0:  brk
L9AC1:  brk
L9AC2:  brk
L9AC3:  brk
L9AC4:  brk
L9AC5:  brk
L9AC6:  brk
L9AC7:  brk
L9AC8:  brk
L9AC9:  brk
L9ACA:  brk
L9ACB:  brk
L9ACC:  brk
L9ACD:  brk
L9ACE:  brk
L9ACF:  brk
L9AD0:  brk
L9AD1:  brk
L9AD2:  brk
        brk
        brk
        brk
        brk
        brk
        brk
        brk
        brk
        brk
L9ADC:  brk
        brk
        brk
        brk
        brk
        brk
L9AE2:  brk
        brk
        brk
        brk
        brk
        brk
        brk
        brk
        brk
        brk
        brk
        brk
        brk
        brk
        brk
        brk
L9AF2:  brk
        brk
        brk
        brk
        brk
        brk
        brk
        brk
        brk
        brk
        brk
        brk
        brk
        brk
        brk
        brk
L9B02:  brk
        brk
        brk
        brk
        brk
        brk
        brk
        brk
        brk
        brk
        brk
        brk
        brk
        brk
        brk
        brk
L9B12:  brk
        brk
        brk
        brk
        brk
        brk
L9B18:  brk
        brk
        brk
        brk
        brk
        brk
L9B1E:  brk
        brk
        brk
        brk
        brk
        brk
        brk
        brk
        brk
        brk
        brk
        brk
L9B2A:  brk
        brk
        brk
        brk
        brk
        brk
        brk
        brk
        brk
        brk
        brk
        brk
L9B36:  brk
        brk
        brk
        brk
        brk
        brk
        brk
        brk
        brk
        brk
        brk
        brk
L9B42:  brk
L9B43:  brk
L9B44:  brk
L9B45:  brk
L9B46:  brk
L9B47:  brk
L9B48:  brk
L9B49:  brk
        brk
        brk
        brk
        brk
        brk
        brk
        brk
        brk
        brk
        brk
        brk
        brk
        brk
        brk
        brk
        brk
        brk
        brk
        brk
        brk
L9B5E:  brk
L9B5F:  brk
        brk
        brk
        brk
        brk
        brk
        brk
        brk
        brk
        brk
        brk
        brk
        brk
        brk
        brk
        brk
        brk
        brk
        brk
        brk
        brk
        brk
        brk
        brk
        brk
L9B78:  brk
        brk
        brk
        brk
        brk
        brk
        brk
        brk
        brk
        brk
        brk
        brk
        brk
        brk
        brk
        brk
        brk
        brk
        brk
        brk
        brk
        brk
        brk
L9B8F:  brk
        brk
        brk
        brk
        brk
        brk
        brk
        brk
        brk
        brk
        brk
        brk
        brk
        brk
        brk
        brk
        brk
        brk
        brk
        brk
        brk
        brk
        brk
        brk
L9BA7:  brk
L9BA8:  brk
        brk
        brk
        brk
        brk
        brk
        brk
        brk
        brk
        brk
        brk
        brk
        brk
        brk
        brk
        brk
        brk
        brk
        brk
        brk
        brk
        brk
        brk
        brk
L9BC0:  brk
L9BC1:  brk
L9BC2:  brk
L9BC3:  brk
L9BC4:  brk
L9BC5:  brk
L9BC6:  brk
L9BC7:  brk
        brk
        brk
        brk
        brk
        brk
L9BCD:  brk
        brk
        brk
        brk
        brk
        brk
L9BD3:  brk
        brk
        brk
        brk
        brk
        brk
L9BD9:  brk
L9BDA:  brk
L9BDB:  brk
L9BDC:  brk
L9BDD:  brk
        brk
        brk
L9BE0:  brk
        brk
        brk
L9BE3:  brk
        brk
        brk
L9BE6:  brk
        brk
        brk
        brk
        brk
        brk
        brk
        brk
        brk
        brk
        brk
        brk
        brk
        brk
        brk
        brk
        brk
        brk
        brk
        brk
        brk
        brk
        brk
        brk
L9BFE:  brk
        brk
        brk
        brk
        brk
L9C03:  brk
        brk
        brk
        brk
        brk
        brk
        brk
        brk
        brk
        brk
        brk
        brk
        brk
        brk
        brk
        brk
        brk
        brk
        brk
L9C16:  brk
        brk
        brk
        brk
        brk
        brk
        brk
        brk
        brk
        brk
        brk
        brk
        brk
        brk
        brk
        brk
        brk
        brk
        brk
        brk
        brk
        brk
        brk
        brk
L9C2E:  brk
        brk
        brk
        brk
        brk
        brk
        brk
        brk
        brk
        brk
        brk
        brk
        brk
        brk
        brk
        brk
        brk
        brk
        brk
        brk
        brk
        brk
        brk
        brk
L9C46:  brk
        brk
        brk
L9C49:  brk
        brk
        brk
        brk
        brk
        brk
        brk
        brk
        brk
        brk
        brk
        brk
        brk
        brk
        brk
        brk
        brk
        brk
        brk
L9C5C:  brk
        brk
L9C5E:  brk
        brk
        brk
        brk
        brk
        brk
        brk
        brk
        brk
        brk
        brk
        brk
        brk
        brk
        brk
        brk
        brk
        brk
        brk
        brk
        brk
        brk
        brk
        brk
L9C76:  brk
        brk
        brk
        brk
        brk
        brk
        brk
        brk
        brk
        brk
        brk
        brk
        brk
        brk
        brk
        brk
        brk
        brk
        brk
        brk
        brk
        brk
        brk
        brk
L9C8E:  brk
        brk
        brk
        brk
        brk
        brk
        brk
        brk
        brk
        brk
        brk
        brk
        brk
        brk
        brk
        brk
        brk
        brk
        brk
        brk
        brk
        brk
        brk
        brk
L9CA6:  brk
        brk
        brk
        brk
        brk
        brk
        brk
        brk
        brk
        brk
        brk
        brk
        brk
        brk
        brk
        brk
        brk
        brk
        brk
        brk
        brk
        brk
        brk
        brk
        brk
        brk
        brk
        brk
        brk
        brk
        brk
        brk
        brk
        brk
        brk
        brk
        brk
        brk
        brk
        brk
        brk
        brk
        brk
        brk
        brk
        brk
        brk
        brk
        brk
        brk
        brk
        brk
        brk
        brk
L9CDC:  brk
        brk
        brk
        brk
        brk
        brk
        brk
        brk
        brk
        brk
        brk
        brk
        brk
        brk
        brk
        brk
        brk
        brk
        brk
        brk
        brk
        brk
        brk
        brk
        brk
        brk
        brk
        brk
        brk
        brk
        brk
        brk
        brk
        brk
        brk
        brk
        brk
        brk
        brk
        brk
        brk
        brk
        brk
        brk
        brk
        brk
        brk
        brk
        brk
        brk
        brk
        brk
        brk
        brk
        brk
        brk
        brk
        brk
        brk
        brk
        brk
        brk
        brk
        brk
        brk
        brk
        brk
        brk
        brk
        brk
        brk
        brk
        brk
        brk
        brk
        brk
        brk
        brk
        brk
        brk
        brk
        brk
        brk
        brk
        brk
        brk
        brk
        brk
        brk
        brk
        brk
        brk
        brk
        brk
        brk
        brk
L9D3C:  brk
        brk
        brk
        brk
        brk
        brk
        brk
        brk
        brk
        brk
        brk
        brk
        brk
        brk
        brk
        brk
        brk
        brk
        brk
        brk
        brk
        brk
        brk
        brk
        brk
        brk
        brk
        brk
        brk
        brk
        brk
        brk
        brk
        brk
        brk
        brk
        brk
        brk
        brk
        brk
        brk
        brk
        brk
        brk
        brk
        brk
        brk
        brk
        brk
        brk
        brk
        brk
        brk
        brk
        brk
        brk
        brk
        brk
        brk
        brk
        brk
        brk
        brk
        brk
        brk
        brk
        brk
        brk
        brk
        brk
        brk
        brk
        brk
        brk
        brk
        brk
        brk
        brk
        brk
        brk
        brk
        brk
        brk
        brk
        brk
        brk
        brk
        brk
        brk
        brk
        brk
        brk
        brk
        brk
        brk
        brk
        brk
        brk
        brk
        brk
        brk
        brk
        brk
        brk
        brk
        brk
        brk
        brk
        brk
        brk
        brk
        brk
        brk
        brk
        brk
        brk
        brk
        brk
        brk
        brk
        brk
        brk
        brk
        brk
        brk
        brk
        brk
        brk
L9DBC:  brk
        brk
        brk
        brk
        brk
        brk
        brk
        brk
        brk
        brk
        brk
        brk
        brk
        brk
        brk
        brk
        brk
        brk
        brk
        brk
        brk
        brk
        brk
        brk
        brk
        brk
        brk
        brk
        brk
        brk
        brk
        brk
        brk
        brk
        brk
        brk
        brk
        brk
        brk
        brk
        brk
        brk
        brk
        brk
        brk
        brk
        brk
        brk
        brk
        brk
        brk
        brk
        brk
        brk
        brk
        brk
        brk
        brk
        brk
        brk
        brk
        brk
        brk
        brk
        brk
        brk
        brk
        brk
        brk
        brk
        brk
        brk
        brk
        brk
        brk
        brk
        brk
        brk
        brk
        brk
        brk
        brk
        brk
        brk
        brk
        brk
        brk
        brk
        brk
        brk
        brk
        brk
        brk
        brk
        brk
        brk
        brk
        brk
        brk
        brk
        brk
        brk
        brk
        brk
        brk
        brk
        brk
        brk
        brk
        brk
        brk
        brk
        brk
        brk
        brk
        brk
        brk
        brk
        brk
        brk
        brk
        brk
        brk
        brk
        brk
        brk
        brk
        brk
        brk
        brk
        brk
        brk
        brk
        brk
        brk
        brk
        brk
        brk
        brk
        brk
        brk
        brk
        brk
        brk
        brk
        brk
        brk
        brk
        brk
        brk
        brk
        brk
        brk
        brk
        brk
        brk
        brk
        brk
        brk
        brk
        brk
        brk
        brk
        brk
        brk
        brk
        brk
        brk
        brk
        brk
        brk
        brk
        brk
        brk
        brk
        brk
        brk
        brk
        brk
        brk
        brk
        brk
        brk
        brk
        brk
        brk
        brk
        brk
        brk
        brk
        brk
        brk
        brk
        brk
        brk
        brk
        brk
        brk
        brk
        brk
        brk
        brk
        brk
        brk
        brk
        brk
        brk
        brk
        brk
        brk
        brk
        brk
        brk
        brk
        brk
        brk
        brk
        brk
        brk
        brk
        brk
        brk
        brk
        brk
        brk
        brk
        brk
        brk
        brk
        brk
        brk
        brk
        brk
        brk
        brk
        brk
        brk
        brk
        brk
        brk
        brk
        brk
        brk
        brk
        brk
        brk
        brk
        brk
        brk
        brk
        brk
        brk
        brk
        brk
        brk
        brk
        brk
        brk
        brk
        brk
        brk
        brk
        brk
        brk
        brk
        brk
        brk
        brk
        brk
        brk
        brk
        brk
        brk
        brk
        brk
        brk
        brk
        brk
        brk
        brk
        brk
        brk
        brk
        brk
        brk
        brk
        brk
        brk
        brk
        brk
        brk
        brk
        brk
        brk
        brk
        brk
        brk
        brk
        brk
        brk
        brk
L9EE9:  brk
        brk
        brk
        brk
        brk
        brk
        brk
        brk
        brk
        brk
        brk
        brk
        brk
        brk
        brk
        brk
        brk
        brk
        brk
        brk
        brk
        brk
        brk
        brk
        brk
        brk
        brk
        brk
        brk
        brk
        brk
        brk
        brk
        brk
        brk
        brk
        brk
        brk
        brk
        brk
        brk
        brk
        brk
        brk
        brk
        brk
        brk
        brk
        brk
        brk
        brk
        brk
        brk
        brk
        brk
L9F20:  brk
        brk
        brk
        brk
        brk
        brk
        brk
        brk
        brk
        brk
        brk
        brk
        brk
        brk
        brk
        brk
        brk
        brk
        brk
        brk
        brk
        brk
        brk
        brk
        brk
        brk
        brk
        brk
        brk
        brk
        brk
        brk
        brk
        brk
        brk
        brk
        brk
        brk
        brk
        brk
        brk
        brk
        brk
        brk
        brk
        brk
        brk
        brk
        brk
        brk
        brk
        brk
        brk
        brk
        brk
        brk
        brk
        brk
        brk
        brk
        brk
        brk
        brk
        brk
        brk
        brk
        brk
        brk
        brk
        brk
        brk
        brk
        brk
        brk
        brk
        brk
        brk
        brk
        brk
        brk
        brk
        brk
        brk
        brk
        brk
        brk
        brk
        brk
        brk
        brk
        brk
        brk
        brk
        brk
        brk
        brk
        brk
        brk
        brk
        brk
        brk
        brk
        brk
        brk
        brk
        brk
        brk
        brk
        brk
        brk
        brk
        brk
        brk
        brk
        brk
        brk
        brk
        brk
        brk
        brk
        brk
        brk
        brk
        brk
        brk
        brk
        brk
        brk
        brk
        brk
        brk
        brk
        brk
        brk
        brk
        brk
        brk
        brk
        brk
        brk
        brk
        brk
        brk
        brk
        brk
        brk
        brk
        brk
        brk
        brk
        brk
        brk
        brk
        brk
        brk
        brk
        brk
        brk
        brk
        brk
        brk
        brk
        brk
        brk
        brk
        brk
        brk
        brk
        brk
        brk
        brk
        brk
        brk
        brk
        brk
        brk
        brk
        brk
        brk
        brk
        brk
        brk
        brk
        brk
        brk
        brk
        brk
        brk
        brk
        brk
        brk
        brk
        brk
        brk
        brk
        brk
        brk
        brk
        brk
        brk
        brk
        brk
        brk
        brk
        brk
        brk
        brk
        brk
        brk
        brk
        brk
        brk
        brk
        brk
        brk
        brk
        brk
        brk
        brk
        brk
        brk
        brk
        brk
        brk
