
;======================================================================
proc_0000:
0000  push ds
0001  mov ax, 0
0004  push ax
0005  call 0x5c60
0008  mov ax, 0x10
000B  mov ds, ax
000D  call 0x13aa
0010  mov byte ptr [0x690], 4
0015  mov word ptr [0x6df8], 0
001B  mov byte ptr [0x69b], 0
0020  call 0x1419
0023  call 0x13e8
0026  mov ax, word ptr [0x693]
0029  add ax, 0x240
002C  mov word ptr [0x6e00], ax
002F  mov ax, 4
0032  int 0x10
0034  mov al, 4
0036  cmp byte ptr [0x697], 0xfd
003B  je 0x3f
003D  mov al, 6
L003F:
003F  mov byte ptr [0x690], al
0042  mov ah, 0xb
0044  mov bx, 0x101
0047  int 0x10
0049  mov word ptr [0x416], 0
004F  mov word ptr [4], 0
0055  call 0x1d31
0058  cmp byte ptr [0x697], 0xfd
005D  je 0x65
005F  mov dx, 0x3d9
0062  mov al, 0x20
0064  out dx, al
L0065:
0065  call 0x2e10
0068  call 0x26e1
006B  call 0x26da
006E  mov byte ptr [0x41a], 0
0073  mov ax, 0xffff
0076  mov word ptr [0x41d], ax
0079  mov word ptr [0x41f], ax
007C  mov byte ptr [0], 0xff
L0081:
0081  call 0x2690
0084  mov word ptr [8], 0
008A  mov word ptr [4], 0
0090  call 0x1d31
0093  call 0x5b21
0096  call 0x5cb0
0099  call 0x5b21
009C  cmp byte ptr [0x41a], 0
00A1  jne 0xae
L00A3:
00A3  call 0x5b21
00A6  call 0x5ee5
00A9  mov byte ptr [0x41a], 1
L00AE:
00AE  mov ax, word ptr [0x6df8]
00B1  mov word ptr [8], ax
00B4  mov byte ptr [0x1f80], 3
00B9  call 0x26da
00BC  mov word ptr [4], 0
00C2  call 0x1d31
00C5  call 0x5b21
00C8  mov word ptr [0x1c30], 0
00CE  sub ah, ah
00D0  int 0x1a
00D2  mov word ptr [0x412], dx
00D6  mov word ptr [0x414], 0
00DC  mov byte ptr [0x418], 0
00E1  mov byte ptr [0x419], 0
00E6  mov byte ptr [0x41c], 0
00EB  mov byte ptr [0x41b], 0
00F0  call 0x5b21
L00F3:
00F3  cmp byte ptr [0x1f80], 0
00F8  je 0x81
00FA  cmp byte ptr [0x41b], 0
00FF  jne 0xae
0101  cmp byte ptr [0x41c], 0
0106  jne 0xa3
0108  call 0x2a00
010B  call 0x5400
010E  mov byte ptr [0x1f81], 0xff
0113  call 0x5b21
0116  mov word ptr [4], 0
011C  cmp byte ptr [0x419], 0
0121  je 0x137
0123  call 0x7a1
0126  mov byte ptr [0x550], 2
012B  mov byte ptr [0x576], 1
0130  mov byte ptr [0x578], 0x20
0135  jmp 0x140
L0137:
0137  mov word ptr [0x579], 0
013D  call 0x70d
L0140:
0140  call 0x1e40
0143  call 0x1830
0146  call 0x2210
0149  call 0x2330
014C  call 0x26f2
014F  call 0x26fc
0152  call 0x58bd
L0155:
0155  cmp byte ptr [0x1f80], 0
015A  jne 0x15f
015C  jmp 0x81
L015F:
015F  call 0x1338
0162  cmp byte ptr [0x41c], 0
0167  je 0x16c
0169  jmp 0xa3
L016C:
016C  cmp byte ptr [0x41b], 0
0171  je 0x176
0173  jmp 0xae
L0176:
0176  call 0x1200
0179  call 0x8e5
017C  call 0x1e63
017F  cmp byte ptr [0x1cb8], 0
0184  jne 0x191
0186  inc byte ptr [0x40f]
018A  test byte ptr [0x40f], 3
018F  jne 0x155
L0191:
0191  call 0x546d
0194  call 0x4a0
0197  call 0x1936
019A  call 0x184b
019D  call 0x2216
01A0  call 0x237b
01A3  call 0x26b3
01A6  cmp byte ptr [0x551], 0
01AB  je 0x155
01AD  cmp byte ptr [0x1f80], 0
01B2  jne 0x1b7
01B4  jmp 0x81
L01B7:
01B7  sub ah, ah
01B9  int 0x1a
01BB  mov word ptr [0x410], dx
01BF  mov ax, word ptr [0x579]
01C2  mov word ptr [1], ax
01C5  mov al, byte ptr [0x57b]
01C8  mov byte ptr [3], al
01CB  mov byte ptr [0x419], 1
01D0  cmp byte ptr [0x418], 0
01D5  je 0x1e5
01D7  mov byte ptr [0x418], 0
01DC  mov word ptr [4], 7
01E2  jmp 0x238
01E4  90
L01E5:
01E5  call 0x2dfd
01E8  test dl, 0xa0
01EB  je 0x20a
01ED  mov bx, word ptr [8]
01F1  and bx, 3
01F5  cmp bx, 3
01F8  je 0x20a
01FA  mov cl, 2
01FC  shl bx, cl
01FE  and dx, 3
0202  add bx, dx
0204  mov al, byte ptr [bx + 0x421]
0208  jmp 0x21c
L020A:
020A  call 0x2dfd
020D  and dx, 7
0211  cmp dx, 5
0214  jae 0x20a
0216  mov bx, dx
0218  mov al, byte ptr [bx + 0x42d]
L021C:
021C  sub ah, ah
021E  cmp ax, word ptr [0x41d]
0222  jne 0x22a
0224  cmp ax, word ptr [0x41f]
0228  je 0x1e5
L022A:
022A  mov word ptr [4], ax
022D  mov cx, word ptr [0x41d]
0231  mov word ptr [0x41f], cx
0235  mov word ptr [0x41d], ax
L0238:
0238  mov word ptr [6], 0
023E  mov bx, word ptr [4]
0242  cmp bx, 7
0245  jbe 0x249
0247  sub bx, bx
L0249:
0249  shl bx, 1
024B  jmp word ptr cs:[bx + 0x250]
0250  dw 0x03E2
0252  dw 0x03E2
0254  dw 0x0459
0256  dw 0x0394
0258  dw 0x0349
025A  dw 0x02FE
025C  dw 0x02AA
025E  dw 0x0260
L0260:
0260  mov word ptr [4], 7
0266  call 0x1bf0
0269  call 0x2790
026C  call 0x7a1
026F  call 0x1e40
0272  call 0x3405
0275  call 0x6100
0278  call 0x4f59
027B  call 0x58bd
L027E:
027E  call 0x1338
0281  call 0x1200
0284  call 0x546d
0287  call 0x8e5
028A  call 0x6106
028D  call 0x2f66
0290  call 0x2e60
0293  call 0x4c10
0296  mov al, byte ptr [0x551]
0299  or al, byte ptr [0x553]
029D  or al, byte ptr [0x41c]
02A1  or al, byte ptr [0x41b]
02A5  je 0x27e
02A7  jmp 0x427
L02AA:
02AA  mov word ptr [4], 6
02B0  call 0x1bf0
02B3  call 0x2790
02B6  call 0x4c00
02B9  call 0x7a1
02BC  call 0x3405
02BF  call 0x1e40
02C2  call 0x58bd
L02C5:
02C5  call 0x1338
02C8  call 0x1200
02CB  call 0x546d
02CE  call 0x4943
02D1  call 0x47d6
02D4  call 0x8e5
02D7  cmp byte ptr [0x1cb8], 0
02DC  je 0x2e3
02DE  call 0x1e63
02E1  jmp 0x2e6
L02E3:
02E3  call 0x3150
L02E6:
02E6  mov al, byte ptr [0x551]
02E9  or al, byte ptr [0x552]
02ED  or al, byte ptr [0x553]
02F1  or al, byte ptr [0x41b]
02F5  or al, byte ptr [0x41c]
02F9  je 0x2c5
02FB  jmp 0x427
L02FE:
02FE  mov word ptr [4], 5
0304  call 0x1bf0
0307  call 0x2790
030A  call 0x457a
030D  call 0x7a1
0310  call 0x3405
0313  call 0x1e40
0316  call 0x58bd
L0319:
0319  call 0x1338
031C  call 0x1200
031F  call 0x546d
0322  call 0x45ab
0325  call 0x4340
0328  call 0x8e5
032B  call 0x3150
032E  call 0x1e63
0331  mov al, byte ptr [0x552]
0334  or al, byte ptr [0x553]
0338  or al, byte ptr [0x551]
033C  or al, byte ptr [0x41c]
0340  or al, byte ptr [0x41b]
0344  je 0x319
0346  jmp 0x427
L0349:
0349  mov word ptr [4], 4
034F  call 0x1bf0
0352  call 0x2790
0355  call 0x7a1
0358  call 0x3405
035B  call 0x1e40
035E  call 0x4090
0361  call 0x58bd
L0364:
0364  call 0x1338
0367  call 0x1200
036A  call 0x546d
036D  call 0x8e5
0370  call 0x3e90
0373  call 0x40c2
0376  call 0x3150
0379  call 0x1e63
037C  mov al, byte ptr [0x552]
037F  or al, byte ptr [0x553]
0383  or al, byte ptr [0x551]
0387  or al, byte ptr [0x41c]
038B  or al, byte ptr [0x41b]
038F  je 0x364
0391  jmp 0x427
L0394:
0394  mov word ptr [4], 3
039A  call 0x1bf0
039D  call 0x2790
03A0  call 0x7a1
03A3  call 0x3405
03A6  call 0x1e40
03A9  call 0x3b30
03AC  call 0x3c90
03AF  call 0x58bd
L03B2:
03B2  call 0x1338
03B5  call 0x1200
03B8  call 0x546d
03BB  call 0x8e5
03BE  call 0x3cb1
03C1  call 0x3b42
03C4  call 0x3150
03C7  call 0x1e63
03CA  mov al, byte ptr [0x552]
03CD  or al, byte ptr [0x553]
03D1  or al, byte ptr [0x551]
03D5  or al, byte ptr [0x41c]
03D9  or al, byte ptr [0x41b]
03DD  je 0x3b2
03DF  jmp 0x427
03E1  90
L03E2:
03E2  mov word ptr [4], 1
03E8  call 0x1bf0
03EB  call 0x2790
03EE  call 0x7a1
03F1  call 0x3405
03F4  call 0x1e40
03F7  call 0x58bd
L03FA:
03FA  call 0x1338
03FD  call 0x1200
0400  call 0x546d
0403  call 0x8e5
0406  call 0x3150
0409  call 0x1e63
040C  call 0x3850
040F  cmp byte ptr [0x554], 0
0414  jne 0x459
0416  mov al, byte ptr [0x552]
0419  or al, byte ptr [0x551]
041D  or al, byte ptr [0x41b]
0421  or al, byte ptr [0x41c]
0425  je 0x3fa
L0427:
0427  cmp byte ptr [0x41b], 0
042C  je 0x431
042E  jmp 0xae
L0431:
0431  cmp byte ptr [0x41c], 0
0436  je 0x43b
0438  jmp 0xa3
L043B:
043B  cmp byte ptr [0x552], 0
0440  je 0x447
0442  mov byte ptr [0x419], 0
L0447:
0447  mov ax, word ptr [4]
044A  mov word ptr [6], ax
044D  mov word ptr [4], 0
0453  call 0x1bf0
0456  jmp 0xf3
L0459:
0459  mov word ptr [4], 2
045F  call 0x1bf0
0462  call 0x2790
0465  call 0x35c9
0468  call 0x7a1
046B  mov byte ptr [0x1cbf], 0
0470  mov byte ptr [0x1cb8], 0
0475  call 0x58bd
L0478:
0478  call 0x1338
047B  call 0x1200
047E  call 0x546d
0481  call 0x8e5
0484  call 0x3675
0487  call 0x37e5
048A  mov al, byte ptr [0x552]
048D  or al, byte ptr [0x553]
0491  or al, byte ptr [0x41c]
0495  or al, byte ptr [0x41b]
0499  je 0x478
049B  jmp 0x427
049D  00 00 00

;======================================================================
proc_04A0:
04A0  dec byte ptr [0x531]
04A4  je 0x4a7
L04A6:
04A6  ret 
L04A7:
04A7  inc byte ptr [0x531]
04AB  call 0x13d8
04AE  jne 0x4a6
04B0  cmp byte ptr [0x55a], 0
04B5  jne 0x4a6
04B7  cmp byte ptr [0x1673], 0
04BC  jne 0x4a6
04BE  sub ah, ah
04C0  int 0x1a
04C2  cmp dx, word ptr [0x544]
04C6  je 0x4a6
04C8  mov word ptr [0x544], dx
04CC  mov bx, word ptr [8]
04D0  mov al, byte ptr [bx + 0x532]
04D4  cmp byte ptr [0x57b], 0x60
04D9  ja 0x4df
04DB  shr al, 1
04DD  shr al, 1
L04DF:
04DF  mov byte ptr [0x531], al
04E2  mov bx, word ptr [0x52f]
04E6  call 0x658
04E9  je 0x50c
04EB  mov al, byte ptr [0x525]
04EE  add al, byte ptr [bx + 0x529]
04F2  cmp al, 4
04F4  jb 0x4a6
L04F6:
04F6  call 0x2dfd
04F9  and dl, 3
04FC  cmp dl, byte ptr [0x52f]
0500  je 0x4f6
0502  cmp dl, 3
0505  je 0x4f6
0507  mov bl, dl
0509  jmp 0x535
050B  90
L050C:
050C  mov al, byte ptr [bx + 0x529]
0510  add byte ptr [0x525], al
0514  cmp byte ptr [0x525], 4
0519  jb 0x583
051B  call 0x2dfd
051E  cmp dl, 0x40
0521  ja 0x539
L0523:
0523  call 0x2dfd
0526  and dl, 3
0529  cmp dl, 3
052C  je 0x523
052E  mov bl, dl
0530  call 0x658
0533  jne 0x523
L0535:
0535  mov word ptr [0x52f], bx
L0539:
0539  mov al, byte ptr [bx + 0x526]
053D  mov byte ptr [0x525], al
0540  mov ax, 0x10
0543  mov es, ax
0545  mov di, 0x4d7
0548  mov ah, byte ptr [bx + 0x52c]
054C  mov bx, word ptr [8]
0550  mov bl, byte ptr [bx + 0x2aba]
0554  mov bh, ah
0556  call 0x67d
0559  cmp word ptr [0x52f], 1
055E  je 0x56e
0560  shr byte ptr [0x540], 1
0564  call 0x633
0567  shr byte ptr [0x540], 1
056B  jmp 0x57c
056D  90
L056E:
056E  mov al, byte ptr [0x540]
0571  shr al, 1
0573  shr al, 1
0575  call 0x633
0578  shr byte ptr [0x540], 1
L057C:
057C  call 0x633
057F  mov bx, word ptr [0x52f]
L0583:
0583  cmp byte ptr [0x4d6], 0
0588  je 0x5d0
058A  mov ax, word ptr [0x579]
058D  cmp bl, 1
0590  je 0x5bf
0592  inc word ptr [0x55f]
0596  add ax, 4
0599  cmp ax, 0x123
059C  jb 0x5cd
L059E:
059E  mov byte ptr [0x55b], 0x11
05A3  mov byte ptr [0x571], 1
05A8  mov byte ptr [0x576], 1
05AD  mov byte ptr [0x578], 0x18
05B2  mov byte ptr [0x572], 1
05B7  mov byte ptr [0x55c], 0
05BC  jmp 0x5d0
05BE  90
L05BF:
05BF  dec word ptr [0x55f]
05C3  sub ax, 4
05C6  jb 0x59e
05C8  cmp ax, 8
05CB  jb 0x59e
L05CD:
05CD  mov word ptr [0x579], ax
L05D0:
05D0  push ds
05D1  shl bx, 1
05D3  mov ax, word ptr [bx + 0x51d]
05D7  mov word ptr [0x523], ax
05DA  mov si, word ptr [bx + 0x517]
05DE  mov ax, 0xb800
05E1  mov ds, ax
05E3  mov es, ax
05E5  mov di, si
05E7  cmp bx, 2
05EA  jne 0x5f1
05EC  cld 
05ED  dec di
05EE  jmp 0x5f3
05F0  90
L05F1:
05F1  std 
05F2  inc di
L05F3:
05F3  mov cx, 0x27f
05F6  push di
05F7  push si
05F8  rep movsb byte ptr es:[di], byte ptr [si]
05FA  pop si
05FB  pop di
05FC  add si, 0x2000
0600  add di, 0x2000
0604  mov cx, 0x280
0607  rep movsb byte ptr es:[di], byte ptr [si]
0609  pop ds
060A  mov di, word ptr [0x523]
060E  mov bl, byte ptr [0x525]
0612  sub bh, bh
0614  add bx, 0x4d7
0618  mov cx, 0x10
L061B:
061B  mov al, byte ptr [bx]
061D  mov byte ptr es:[di], al
0620  add bx, 4
0623  xor di, 0x2000
0627  test di, 0x2000
062B  jne 0x630
062D  add di, 0x50
L0630:
0630  loop 0x61b
0632  ret 

;======================================================================
proc_0633:
0633  lahf 
0634  mov bx, word ptr [0x52f]
0638  mov bl, byte ptr [bx + 0x541]
063C  mov cx, 5
063F  cmp bl, 9
0642  je 0x64e
L0644:
0644  sahf 
0645  rcr byte ptr [bx + 0x1016], 1
0649  lahf 
064A  inc bx
064B  loop 0x644
064D  ret 
L064E:
064E  sahf 
064F  rcl byte ptr [bx + 0x1016]
0653  lahf 
0654  dec bx
0655  loop 0x64e
0657  ret 

;======================================================================
proc_0658:
0658  mov byte ptr [0x4d6], 0
065D  mov al, byte ptr [0x57c]
0660  cmp al, byte ptr [bx + 0x53d]
0664  jb 0x679
0666  cmp al, byte ptr [bx + 0x53a]
066A  jae 0x679
066C  cmp byte ptr [0x55c], 1
0671  jae 0x674
0673  ret 
L0674:
0674  mov byte ptr [0x4d6], 1
L0679:
0679  cmp al, al
067B  ret 
067C  C3

;======================================================================
proc_067D:
067D  mov byte ptr [0x540], 0
0682  cld 
0683  mov cx, 0x20
0686  mov ax, 0xaaaa
0689  rep stosw word ptr es:[di], ax
068B  sub di, 0x40
068E  mov ax, 0x4444
0691  mov word ptr es:[di + 4], ax
0695  mov word ptr es:[di + 6], ax
0699  call 0x2dfd
069C  cmp dl, bl
069E  jb 0x6a4
06A0  cmp dh, bh
06A2  ja 0x6a5
L06A4:
06A4  ret 
L06A5:
06A5  call 0x2dfd
06A8  cmp dl, 0x18
06AB  jb 0x6c7
06AD  cmp dl, 0x60
06B0  jb 0x6d0
06B2  push di
06B3  call 0x6de
06B6  shl al, 1
06B8  mov byte ptr [0x540], al
06BB  pop di
06BC  add di, 2
06BF  call 0x6de
06C2  or byte ptr [0x540], al
06C6  ret 
L06C7:
06C7  mov cx, 0x20
06CA  mov si, 0x490
06CD  jmp 0x6d6
06CF  90
L06D0:
06D0  mov cx, 0x10
06D3  mov si, 0x460
L06D6:
06D6  rep movsw word ptr es:[di], word ptr [si]
06D8  mov byte ptr [0x540], 3
06DD  ret 

;======================================================================
proc_06DE:
06DE  call 0x2dfd
06E1  and dx, 6
06E5  cmp dl, 6
06E8  jne 0x6ed
06EA  sub al, al
06EC  ret 
L06ED:
06ED  mov bx, dx
06EF  mov si, word ptr [bx + 0x4d0]
06F3  mov cx, 8
L06F6:
06F6  lodsw ax, word ptr [si]
06F7  stosw word ptr es:[di], ax
06F8  add di, 2
06FB  loop 0x6f6
06FD  mov al, 1
06FF  ret 

;======================================================================
proc_0700:
0700  mov word ptr [0x57d], 0
0706  mov word ptr [0x684], 0
070C  ret 

;======================================================================
proc_070D:
070D  mov cx, 0
0710  mov ah, 1
0712  cmp word ptr [0x579], 0xa0
0718  jb 0x71f
071A  mov cx, 0x128
071D  mov ah, 0xff
L071F:
071F  mov byte ptr [0x56e], ah
0723  mov byte ptr [0x558], 3
0728  mov byte ptr [0x559], 0xc
072D  mov dl, 0xb4
072F  mov word ptr [0x579], cx
0733  mov byte ptr [0x57b], dl
0737  mov byte ptr [0x57c], 0xe6
073C  call 0x2cb0
073F  mov word ptr [0x55f], ax
0742  mov word ptr [0x561], 0xb03
0748  call 0x1124
074B  mov byte ptr [0x571], 0
0750  mov word ptr [0x572], 2
0756  mov byte ptr [0x576], 1
075B  mov byte ptr [0x55b], 0
0760  mov byte ptr [0x550], 0
0765  mov byte ptr [0x55c], 0
076A  mov byte ptr [0x55a], 0
076F  mov byte ptr [0x583], 0
0774  mov byte ptr [0x698], 0
0779  mov byte ptr [0x699], 0
077E  mov byte ptr [0x551], 0
0783  mov byte ptr [0x584], 0
0788  mov byte ptr [0x552], 0
078D  mov word ptr [0x554], 0
0793  mov byte ptr [0x553], 0
0798  mov byte ptr [0x127c], 0
079D  call 0x700
07A0  ret 

;======================================================================
proc_07A1:
07A1  mov bx, word ptr [4]
07A5  cmp bx, 0
07A8  jne 0x7b5
07AA  mov cx, word ptr [1]
07AE  mov dl, byte ptr [3]
07B2  jmp 0x7bf
07B4  90
L07B5:
07B5  mov dl, byte ptr [bx + 0x5e9]
07B9  shl bl, 1
07BB  mov cx, word ptr [bx + 0x5d9]
L07BF:
07BF  mov word ptr [0x579], cx
07C3  mov byte ptr [0x57b], dl
07C7  mov al, dl
07C9  add al, 0x32
07CB  mov byte ptr [0x57c], al
07CE  call 0x2cb0
07D1  mov word ptr [0x55f], ax
07D4  mov ax, word ptr [0xfb2]
07D7  mov word ptr [0x569], ax
07DA  mov ax, word ptr [0xfbe]
07DD  mov word ptr [0x567], ax
07E0  mov word ptr [0x561], ax
07E3  call 0x1124
07E6  mov byte ptr [0x571], 1
07EB  mov byte ptr [0x56e], 0
07F0  mov byte ptr [0x576], 1
07F5  mov byte ptr [0x578], 0x40
07FA  mov al, 0xa
07FC  cmp word ptr [4], 7
0801  jne 0x805
0803  sub al, al
L0805:
0805  mov byte ptr [0x55b], al
0808  mov byte ptr [0x550], 0
080D  mov byte ptr [0x55c], 0
0812  mov byte ptr [0x55a], 0
0817  mov byte ptr [0x583], 0
081C  mov byte ptr [0x698], 0
0821  mov byte ptr [0x699], 0
0826  mov byte ptr [0x551], 0
082B  mov byte ptr [0x584], 0
0830  mov byte ptr [0x552], 0
0835  mov word ptr [0x554], 0
083B  mov byte ptr [0x553], 0
0840  mov byte ptr [0x127c], 0
0845  call 0x700
0848  cmp word ptr [4], 2
084D  jne 0x871
084F  mov byte ptr [0x576], 0x10
0854  mov word ptr [0x574], 0x10
085A  sub ah, ah
085C  int 0x1a
085E  mov word ptr [0x5f1], dx
0862  mov byte ptr [0x5f3], 0
0867  mov byte ptr [0x5f4], 5
086C  mov byte ptr [0x5f5], 1
L0871:
0871  ret 

;======================================================================
proc_0872:
0872  mov word ptr [0x592a], 0x400
0878  cmp byte ptr [0x584], 0
087D  je 0x880
087F  ret 
L0880:
0880  mov byte ptr [0x576], 8
0885  mov dl, 0xff
0887  mov al, byte ptr [0x57b]
088A  cmp al, byte ptr [0x2652]
088E  jae 0x892
0890  mov dl, 1
L0892:
0892  mov byte ptr [0x571], dl
0896  mov ax, word ptr [0x579]
0899  sub ax, word ptr [0x2650]
089D  mov dl, 0xff
089F  ja 0x8a5
08A1  mov dl, 1
08A3  not ax
L08A5:
08A5  mov byte ptr [0x56e], dl
08A9  cmp ah, 0
08AC  je 0x8b1
08AE  mov ax, 0xff
L08B1:
08B1  not al
08B3  cmp al, 0x30
08B5  jae 0x8b9
08B7  mov al, 0x30
L08B9:
08B9  mov bl, al
08BB  shr bl, 1
08BD  shr bl, 1
08BF  sub al, bl
08C1  mov byte ptr [0x578], al
08C4  mov cl, 5
08C6  shr al, cl
08C8  mov word ptr [0x572], ax
08CB  mov byte ptr [0x55c], 0
08D0  mov byte ptr [0x39e0], 0
08D5  mov byte ptr [0x577], 1
08DA  mov byte ptr [0x55b], 0x10
08DF  mov byte ptr [0x584], 1
08E4  ret 

;======================================================================
proc_08E5:
08E5  sub ah, ah
08E7  int 0x1a
08E9  cmp dx, word ptr [0x57d]
08ED  jne 0x8fd
08EF  cmp word ptr [0x684], 0
08F4  je 0x8fc
08F6  dec word ptr [0x684]
08FA  je 0x90c
L08FC:
08FC  ret 
L08FD:
08FD  mov ax, 0x20
0900  cmp byte ptr [0x697], 0xfd
0905  jne 0x909
0907  shr ax, 1
L0909:
0909  mov word ptr [0x684], ax
L090C:
090C  cmp word ptr [4], 2
0911  je 0x91d
0913  mov cl, byte ptr [0x571]
0917  or cl, byte ptr [0x56e]
091B  jne 0x926
L091D:
091D  push dx
091E  push ax
091F  call 0x13d8
0922  pop ax
0923  pop dx
0924  je 0x8fc
L0926:
0926  mov word ptr [0x57d], dx
092A  mov word ptr [0x57f], ax
092D  cmp word ptr [4], 4
0932  jne 0x93b
0934  cmp byte ptr [0x39e1], 0
0939  jne 0x8fc
L093B:
093B  cmp word ptr [4], 6
0940  jne 0x949
0942  cmp byte ptr [0x44bd], 0
0947  jne 0x8fc
L0949:
0949  cmp word ptr [4], 2
094E  je 0x953
0950  jmp 0xbac
L0953:
0953  mov si, word ptr [8]
0957  shl si, 1
0959  mov ax, word ptr [0x57d]
095C  sub ax, word ptr [0x5f1]
0960  cmp ax, word ptr [si + 0x589]
0964  jb 0x9d6
0966  cmp ax, word ptr [si + 0x599]
096A  jb 0x971
096C  mov byte ptr [0x552], 1
L0971:
0971  dec byte ptr [0x5f5]
0975  jne 0x9b9
0977  call 0x597f
097A  mov byte ptr [0x5f5], 6
097F  mov al, byte ptr [0x5f4]
0982  cmp byte ptr [0x57b], 0xb3
0987  jb 0x992
0989  cmp al, 0xc8
098B  jae 0x992
098D  add al, 0x1e
098F  mov byte ptr [0x5f4], al
L0992:
0992  mov dl, byte ptr [0x57b]
0996  sub dl, al
0998  jae 0x99c
099A  sub dl, dl
L099C:
099C  mov cx, word ptr [0x579]
09A0  and dl, 0xf8
09A3  call 0x2cb0
09A6  mov di, ax
09A8  mov si, 0x64e
09AB  mov ax, 0xb800
09AE  mov es, ax
09B0  mov bp, 0xe
09B3  mov cx, 0x503
09B6  call 0x2d35
L09B9:
09B9  mov byte ptr [0x56e], 0
09BE  mov byte ptr [0x571], 1
09C3  mov byte ptr [0x5f3], 1
09C8  mov byte ptr [0x576], 0x20
09CD  sub bx, bx
09CF  mov ah, 0xb
09D1  int 0x10
09D3  jmp 0xa86
L09D6:
09D6  mov si, word ptr [8]
09DA  shl si, 1
09DC  sub bx, bx
09DE  cmp ax, word ptr [si + 0x5a9]
09E2  jb 0x9f6
09E4  inc bl
09E6  cmp ax, word ptr [si + 0x5b9]
09EA  jb 0x9f6
09EC  mov bl, 5
09EE  cmp ax, word ptr [si + 0x5c9]
09F2  jb 0x9f6
09F4  dec bl
L09F6:
09F6  mov ah, 0xb
09F8  int 0x10
09FA  mov al, byte ptr [0x56e]
09FD  mov byte ptr [0x56f], al
0A00  mov al, byte ptr [0x571]
0A03  mov byte ptr [0x570], al
0A06  mov al, byte ptr [0x698]
0A09  cmp al, 0
0A0B  jne 0xa1a
0A0D  cmp word ptr [0x574], 0x10
0A12  jb 0xa2e
0A14  dec word ptr [0x574]
0A18  jmp 0xa37
L0A1A:
0A1A  cmp al, byte ptr [0x56e]
0A1E  jne 0xa2e
0A20  cmp word ptr [0x574], 0x30
0A25  jae 0xa37
0A27  add word ptr [0x574], 3
0A2C  jmp 0xa37
L0A2E:
0A2E  mov byte ptr [0x56e], al
0A31  mov word ptr [0x574], 0x20
L0A37:
0A37  mov ax, word ptr [0x574]
0A3A  mov cl, 3
0A3C  shr ax, cl
0A3E  mov bx, word ptr [8]
0A42  shl bl, 1
0A44  cmp ax, word ptr [bx + 0x66c]
0A48  jbe 0xa4e
0A4A  mov ax, word ptr [bx + 0x66c]
L0A4E:
0A4E  mov word ptr [0x572], ax
0A51  call 0xfc9
0A54  mov al, byte ptr [0x699]
0A57  cmp al, 0
0A59  jne 0xa6a
0A5B  not al
0A5D  cmp byte ptr [0x576], 0x10
0A62  jb 0xa7e
0A64  dec byte ptr [0x576]
0A68  jmp 0xa86
L0A6A:
0A6A  cmp al, byte ptr [0x571]
0A6E  jne 0xa7e
0A70  cmp byte ptr [0x576], 0x40
0A75  jae 0xa86
0A77  add byte ptr [0x576], 4
0A7C  jmp 0xa86
L0A7E:
0A7E  mov byte ptr [0x571], al
0A81  mov byte ptr [0x576], 0x20
L0A86:
0A86  mov si, word ptr [8]
0A8A  mov dl, byte ptr [0x57b]
0A8E  mov cl, 4
0A90  mov bl, byte ptr [0x576]
0A94  shr bl, cl
0A96  cmp bl, byte ptr [si + 0x67c]
0A9A  jbe 0xaa0
0A9C  mov bl, byte ptr [si + 0x67c]
L0AA0:
0AA0  mov al, byte ptr [0x571]
0AA3  cmp al, 1
0AA5  jb 0xace
0AA7  jne 0xab4
0AA9  add dl, bl
0AAB  cmp dl, 0xb4
0AAE  jb 0xace
0AB0  mov dl, 0xb3
0AB2  jmp 0xace
L0AB4:
0AB4  sub dl, bl
0AB6  jb 0xabd
0AB8  cmp dl, 3
0ABB  ja 0xace
L0ABD:
0ABD  mov ax, word ptr [0x9b8]
0AC0  cmp ax, word ptr [0x55d]
0AC4  jne 0xacc
0AC6  mov ax, word ptr [0x57d]
0AC9  mov word ptr [0x5f1], ax
L0ACC:
0ACC  mov dl, 2
L0ACE:
0ACE  mov byte ptr [0x57b], dl
0AD2  mov cx, word ptr [0x579]
0AD6  call 0x2cb0
0AD9  mov word ptr [0x563], ax
0ADC  cmp byte ptr [0x5f3], 0
0AE1  je 0xae9
0AE3  mov bx, 0x10
0AE6  jmp 0xb64
0AE8  90
L0AE9:
0AE9  mov al, byte ptr [0x56e]
0AEC  cmp al, byte ptr [0x56f]
0AF0  jne 0xafb
0AF2  mov al, byte ptr [0x571]
0AF5  cmp al, byte ptr [0x570]
0AF9  je 0xb00
L0AFB:
0AFB  mov bx, 0x18
0AFE  jmp 0xb64
L0B00:
0B00  inc word ptr [0x587]
0B04  mov bx, word ptr [0x587]
0B08  mov al, byte ptr [0x698]
0B0B  or al, byte ptr [0x699]
0B0F  jne 0xb13
0B11  shr bl, 1
L0B13:
0B13  cmp byte ptr [0x57b], 0xb3
0B18  jb 0xb21
0B1A  cmp byte ptr [0x571], 1
0B1F  je 0xb3c
L0B21:
0B21  cmp byte ptr [0x57b], 4
0B26  ja 0xb2f
0B28  cmp byte ptr [0x699], 0
0B2D  jne 0xb53
L0B2F:
0B2F  mov al, byte ptr [0x576]
0B32  sub ah, ah
0B34  shr ax, 1
0B36  cmp ax, word ptr [0x574]
0B3A  jae 0xb53
L0B3C:
0B3C  cmp byte ptr [0x56e], 0
0B41  je 0xb53
0B43  and bx, 6
0B47  cmp byte ptr [0x56e], 1
0B4C  je 0xb64
0B4E  or bl, 8
0B51  jmp 0xb64
L0B53:
0B53  and bx, 2
0B57  or bl, 0x10
0B5A  cmp byte ptr [0x571], 1
0B5F  jne 0xb64
0B61  add bl, 4
L0B64:
0B64  mov ax, word ptr [bx + 0x9a6]
0B68  mov word ptr [0x55d], ax
0B6B  mov ax, word ptr [bx + 0x9c0]
0B6F  mov word ptr [0x565], ax
0B72  mov al, 0x30
0B74  mov cx, 0x2bc
0B77  cmp byte ptr [0x697], 0xfd
0B7C  jb 0xb97
0B7E  je 0xb85
0B80  mov al, 8
0B82  mov cx, 0x3e8
L0B85:
0B85  cmp byte ptr [0x57b], al
0B89  ja 0xb97
L0B8B:
0B8B  call 0x13d8
0B8E  jne 0xb8b
L0B90:
0B90  call 0x13d8
0B93  je 0xb90
L0B95:
0B95  loop 0xb95
L0B97:
0B97  call 0x11e3
0B9A  mov ax, word ptr [0x563]
0B9D  mov word ptr [0x55f], ax
0BA0  call 0x1145
0BA3  call 0x34a0
0BA6  jae 0xbab
0BA8  call 0x1145
L0BAB:
0BAB  ret 
L0BAC:
0BAC  call 0x1b7a
0BAF  jae 0xbb2
L0BB1:
0BB1  ret 
L0BB2:
0BB2  cmp byte ptr [0x1cb8], 0
0BB7  jne 0xbb1
0BB9  cmp byte ptr [0x558], 0
0BBE  je 0xc1c
0BC0  cmp byte ptr [0x559], 0
0BC5  je 0xbd3
0BC7  cmp byte ptr [0x1cbf], 0
0BCC  jne 0xbd2
0BCE  dec byte ptr [0x559]
L0BD2:
0BD2  ret 
L0BD3:
0BD3  dec byte ptr [0x558]
0BD7  jne 0xbe5
0BD9  mov word ptr [0x572], 8
0BDF  call 0xfc9
0BE2  jmp 0xc1c
0BE4  90
L0BE5:
0BE5  call 0x1020
0BE8  mov word ptr [0x55d], bx
0BEC  mov al, byte ptr [0x558]
0BEF  mov ah, byte ptr [0x56e]
0BF3  call 0xf87
0BF6  cmp byte ptr [0x558], 2
0BFB  je 0xc00
0BFD  call 0x11e3
L0C00:
0C00  call 0x1b7a
0C03  jb 0xc1b
0C05  call 0x20f5
0C08  jb 0xc1b
0C0A  mov dl, byte ptr [0x57b]
0C0E  mov cx, word ptr [0x579]
0C12  call 0x2cb0
0C15  mov word ptr [0x55f], ax
0C18  call 0x1145
L0C1B:
0C1B  ret 
L0C1C:
0C1C  cmp byte ptr [0x55c], 1
0C21  jb 0xc6a
0C23  jne 0xc5f
0C25  inc byte ptr [0x55c]
0C29  mov word ptr [0x572], 6
0C2F  mov dl, byte ptr [0x57b]
0C33  mov cx, word ptr [0x579]
0C37  call 0x2cb0
0C3A  mov word ptr [0x563], ax
0C3D  call 0x11e3
0C40  call 0x1b7a
0C43  jb 0xc66
0C45  call 0x20f5
0C48  jb 0xc66
0C4A  mov ax, word ptr [0x563]
0C4D  mov word ptr [0x55f], ax
0C50  mov word ptr [0x565], 0xe03
0C56  mov word ptr [0x55d], 0x9da
0C5C  call 0x1145
L0C5F:
0C5F  cmp byte ptr [0x699], 0
0C64  jne 0xc67
L0C66:
0C66  ret 
L0C67:
0C67  jmp 0xe78
L0C6A:
0C6A  cmp byte ptr [0x571], 0
0C6F  jne 0xc74
0C71  jmp 0xe23
L0C74:
0C74  call 0xfc9
0C77  jae 0xc90
0C79  mov byte ptr [0x56e], 0
0C7E  mov byte ptr [0x576], 2
0C83  mov byte ptr [0x571], 1
0C88  mov byte ptr [0x55b], 0
0C8D  jmp 0xcc1
0C8F  90
L0C90:
0C90  mov al, byte ptr [0x578]
0C93  sub byte ptr [0x577], al
0C97  jae 0xcc1
0C99  cmp byte ptr [0x571], 1
0C9E  je 0xcb6
0CA0  cmp byte ptr [0x576], 1
0CA5  jbe 0xcae
0CA7  dec byte ptr [0x576]
0CAB  jmp 0xcc1
0CAD  90
L0CAE:
0CAE  mov byte ptr [0x571], 1
0CB3  jmp 0xcc1
0CB5  90
L0CB6:
0CB6  cmp byte ptr [0x576], 4
0CBB  jae 0xcc1
0CBD  inc byte ptr [0x576]
L0CC1:
0CC1  cmp byte ptr [0x55a], 0
0CC6  jne 0xce7
0CC8  cmp byte ptr [0x55b], 0
0CCD  je 0xcd5
0CCF  dec byte ptr [0x55b]
0CD3  jne 0xce7
L0CD5:
0CD5  cmp byte ptr [0x571], 1
0CDA  jne 0xce7
0CDC  call 0x1608
0CDF  jae 0xce7
0CE1  mov al, byte ptr [0x57c]
0CE4  jmp 0xd29
0CE6  90
L0CE7:
0CE7  mov al, byte ptr [0x57c]
0CEA  cmp byte ptr [0x571], 1
0CEF  je 0xd06
0CF1  sub al, byte ptr [0x576]
0CF5  jae 0xd4f
0CF7  sub al, al
0CF9  mov byte ptr [0x571], 1
0CFE  mov byte ptr [0x576], 1
0D03  jmp 0xd4f
0D05  90
L0D06:
0D06  add al, byte ptr [0x576]
0D0A  cmp al, 0xe6
0D0C  jbe 0xd4f
0D0E  cmp word ptr [4], 7
0D13  jne 0xd22
0D15  cmp al, 0xf8
0D17  jb 0xd4f
0D19  mov al, 0xf8
0D1B  mov byte ptr [0x551], 1
0D20  jmp 0xd4f
L0D22:
0D22  mov al, 0xe6
0D24  mov byte ptr [0x550], 0
L0D29:
0D29  mov byte ptr [0x571], 0
0D2E  mov byte ptr [0x584], 0
0D33  mov word ptr [0x572], 2
0D39  mov byte ptr [0x55b], 0
0D3E  mov byte ptr [0x55a], 0
0D43  cmp byte ptr [0x55c], 0
0D48  je 0xd4f
0D4A  push ax
0D4B  call 0x5ac2
0D4E  pop ax
L0D4F:
0D4F  mov byte ptr [0x57c], al
0D52  sub al, 0x32
0D54  jae 0xd58
0D56  sub al, al
L0D58:
0D58  mov byte ptr [0x57b], al
0D5B  mov dl, byte ptr [0x57b]
0D5F  mov cx, word ptr [0x579]
0D63  call 0x2cb0
0D66  mov word ptr [0x563], ax
0D69  cmp byte ptr [0x583], 0
0D6E  jne 0xd73
0D70  call 0x11e3
L0D73:
0D73  call 0x1b7a
0D76  jb 0xdc4
0D78  call 0x20f5
0D7B  jb 0xdc4
0D7D  mov ax, word ptr [0x563]
0D80  mov word ptr [0x55f], ax
0D83  cmp byte ptr [0x584], 0
0D88  je 0xda1
0D8A  add word ptr [0x585], 2
0D8F  mov bx, word ptr [0x585]
0D93  and bx, 0xe
0D97  mov ax, word ptr [bx + 0xfc2]
0D9B  mov bx, word ptr [bx + 0xfd2]
0D9F  jmp 0xda8
L0DA1:
0DA1  mov ax, word ptr [0x569]
0DA4  mov bx, word ptr [0x567]
L0DA8:
0DA8  mov word ptr [0x55d], ax
0DAB  mov word ptr [0x565], bx
0DAF  mov al, 0x32
0DB1  sub al, byte ptr [0x57c]
0DB5  je 0xdde
0DB7  jb 0xdde
0DB9  mov cx, 0x168
L0DBC:
0DBC  loop 0xdbc
0DBE  sub bh, al
0DC0  je 0xdc4
0DC2  jae 0xdca
L0DC4:
0DC4  mov byte ptr [0x583], 1
0DC9  ret 
L0DCA:
0DCA  mov word ptr [0x565], bx
0DCE  mov ah, bl
0DD0  shl ah, 1
0DD2  mul ah
0DD4  add ax, word ptr [0x569]
0DD8  mov word ptr [0x55d], ax
0DDB  jmp 0xe1f
0DDD  90
L0DDE:
0DDE  cmp word ptr [4], 7
0DE3  jne 0xdee
0DE5  mov al, byte ptr [0x57b]
0DE8  sub al, 0xbb
0DEA  jb 0xe1f
0DEC  jae 0xdfc
L0DEE:
0DEE  cmp byte ptr [0x550], 2
0DF3  jne 0xe1f
0DF5  mov al, byte ptr [0x57b]
0DF8  sub al, 0x5e
0DFA  jb 0xe1f
L0DFC:
0DFC  sub bh, al
0DFE  je 0xe02
0E00  jae 0xe16
L0E02:
0E02  cmp word ptr [4], 7
0E07  jne 0xe0f
0E09  mov byte ptr [0x551], 1
0E0E  ret 
L0E0F:
0E0F  call 0x70d
0E12  call 0x59cb
0E15  ret 
L0E16:
0E16  mov word ptr [0x565], bx
0E1A  mov byte ptr [0x576], 2
L0E1F:
0E1F  call 0x1145
0E22  ret 
L0E23:
0E23  cmp word ptr [4], 7
0E28  je 0xe31
0E2A  cmp byte ptr [0x57b], 0xb4
0E2F  jae 0xe78
L0E31:
0E31  call 0x1608
0E34  jb 0xe43
0E36  mov byte ptr [0x56e], 0
0E3B  mov byte ptr [0x571], 1
0E40  jmp 0xeb1
0E42  90
L0E43:
0E43  cmp word ptr [4], 0
0E48  jne 0xe78
0E4A  call 0x22f7
0E4D  jb 0xe56
0E4F  mov byte ptr [0x56c], 0
0E54  jmp 0xe78
L0E56:
0E56  cmp byte ptr [0x56c], 0
0E5B  jne 0xe60
0E5D  call 0x591f
L0E60:
0E60  mov byte ptr [0x699], 1
0E65  mov byte ptr [0x56c], 1
0E6A  call 0x2dfd
0E6D  and dl, 1
0E70  jne 0xe74
0E72  mov dl, 0xff
L0E74:
0E74  mov byte ptr [0x698], dl
L0E78:
0E78  mov al, byte ptr [0x56e]
0E7B  mov byte ptr [0x56f], al
0E7E  mov al, byte ptr [0x698]
0E81  mov byte ptr [0x56e], al
0E84  mov al, byte ptr [0x699]
0E87  mov byte ptr [0x571], al
0E8A  cmp al, 0
0E8C  jne 0xe91
0E8E  jmp 0xf34
L0E91:
0E91  cmp byte ptr [0x571], 1
0E96  jne 0xec9
0E98  cmp byte ptr [0x57b], 0xb4
0E9D  jb 0xeb1
0E9F  mov byte ptr [0x571], 0
0EA4  mov byte ptr [0x584], 0
0EA9  mov byte ptr [0x699], 0
0EAE  jmp 0xf34
L0EB1:
0EB1  mov ah, 1
0EB3  mov al, 0x20
0EB5  mov byte ptr [0x55b], 8
0EBA  cmp byte ptr [0x550], 1
0EBF  jne 0xef1
0EC1  mov byte ptr [0x550], 0
0EC6  jmp 0xef1
0EC8  90
L0EC9:
0EC9  mov byte ptr [0x55b], 0
0ECE  mov ax, word ptr [0x572]
0ED1  mov bl, al
0ED3  cmp al, 2
0ED5  jbe 0xed9
0ED7  sub al, 2
L0ED9:
0ED9  mov word ptr [0x572], ax
0EDC  mov ah, 8
0EDE  mov al, bl
0EE0  xor al, 0xf
0EE2  mov cl, 4
0EE4  shl al, cl
0EE6  cmp byte ptr [0x550], 1
0EEB  jne 0xef1
0EED  inc byte ptr [0x550]
L0EF1:
0EF1  mov byte ptr [0x578], al
0EF4  mov byte ptr [0x576], ah
0EF8  mov byte ptr [0x577], 1
0EFD  mov byte ptr [0x55c], 0
0F02  mov bl, byte ptr [0x56e]
0F06  inc bl
0F08  shl bl, 1
0F0A  cmp byte ptr [0x571], 0xff
0F0F  je 0xf14
0F11  add bl, 6
L0F14:
0F14  sub bh, bh
0F16  mov ax, word ptr [bx + 0xfaa]
0F1A  mov word ptr [0x569], ax
0F1D  mov ax, word ptr [bx + 0xfb6]
0F21  mov word ptr [0x567], ax
0F24  mov byte ptr [0x39e0], 0
0F29  cmp byte ptr [0x127c], 0
0F2E  je 0xf33
0F30  call 0x58f8
L0F33:
0F33  ret 
L0F34:
0F34  cmp word ptr [4], 0
0F39  je 0xf45
0F3B  cmp word ptr [4], 7
0F40  je 0xf45
0F42  call 0x3445
L0F45:
0F45  call 0xfc9
0F48  mov dl, byte ptr [0x57b]
0F4C  mov cx, word ptr [0x579]
0F50  call 0x2cb0
0F53  mov word ptr [0x563], ax
0F56  mov al, byte ptr [0x56e]
0F59  or al, byte ptr [0x571]
0F5D  jne 0xf63
0F5F  call 0x1069
0F62  ret 
L0F63:
0F63  call 0x1020
0F66  mov word ptr [0x55d], bx
0F6A  call 0x11e3
0F6D  call 0x1b7a
0F70  jb 0xf86
0F72  call 0x20f5
0F75  jb 0xf86
0F77  mov ax, word ptr [0x563]
0F7A  mov word ptr [0x55f], ax
0F7D  mov word ptr [0x565], 0xb03
0F83  call 0x1145
L0F86:
0F86  ret 

;======================================================================
proc_0F87:
0F87  mov cx, 0xb03
0F8A  sub cl, al
0F8C  mov word ptr [0x565], cx
0F90  cmp ah, 0xff
0F93  je 0xfa6
0F95  sub ah, ah
0F97  shl al, 1
0F99  add word ptr [0x55d], ax
0F9D  mov word ptr [0x579], 0
0FA3  jmp 0xfb4
0FA5  90
L0FA6:
0FA6  sub ah, ah
0FA8  shl al, 1
0FAA  shl al, 1
0FAC  shl al, 1
0FAE  add ax, 0x128
0FB1  mov word ptr [0x579], ax
L0FB4:
0FB4  push ds
0FB5  pop es
0FB6  mov si, word ptr [0x55d]
0FBA  mov di, 0xe
0FBD  mov al, 3
0FBF  call 0x2d70
0FC2  mov word ptr [0x55d], 0xe
0FC8  ret 

;======================================================================
proc_0FC9:
0FC9  mov word ptr [0x5f6], 8
0FCF  mov word ptr [0x5f8], 0x123
0FD5  cmp word ptr [4], 7
0FDA  jne 0xfe8
0FDC  mov word ptr [0x5f6], 0x24
0FE2  mov word ptr [0x5f8], 0x10f
L0FE8:
0FE8  mov ax, word ptr [0x579]
0FEB  cmp byte ptr [0x56e], 1
0FF0  jb 0x101e
0FF2  jne 0x1007
0FF4  add ax, word ptr [0x572]
0FF8  cmp ax, word ptr [0x5f8]
0FFC  jb 0x101b
0FFE  mov ax, word ptr [0x5f8]
1001  dec ax
1002  mov word ptr [0x579], ax
1005  stc 
1006  ret 
L1007:
1007  sub ax, word ptr [0x572]
100B  jb 0x1013
100D  cmp ax, word ptr [0x5f6]
1011  jae 0x101b
L1013:
1013  mov ax, word ptr [0x5f6]
1016  mov word ptr [0x579], ax
1019  stc 
101A  ret 
L101B:
101B  mov word ptr [0x579], ax
L101E:
101E  clc 
101F  ret 

;======================================================================
proc_1020:
1020  mov al, byte ptr [0x56e]
1023  cmp al, byte ptr [0x56f]
1027  je 0x102f
1029  mov word ptr [0x572], 2
L102F:
102F  cmp word ptr [0x572], 8
1034  jae 0x1045
1036  dec byte ptr [0x577]
103A  mov al, byte ptr [0x577]
103D  and al, 3
103F  jne 0x1045
1041  inc word ptr [0x572]
L1045:
1045  mov bl, byte ptr [0x56b]
1049  inc bl
104B  cmp bl, 6
104E  jb 0x1052
1050  mov bl, 0
L1052:
1052  mov byte ptr [0x56b], bl
1056  cmp byte ptr [0x56e], 0xff
105B  jne 0x1060
105D  add bl, 6
L1060:
1060  shl bl, 1
1062  sub bh, bh
1064  mov bx, word ptr [bx + 0xf7a]
1068  ret 

;======================================================================
proc_1069:
1069  mov word ptr [0x572], 2
106F  mov byte ptr [0x577], 8
1074  cmp word ptr [0x561], 0xc02
107A  jne 0x1087
107C  inc byte ptr [0x56d]
1080  test byte ptr [0x56d], 7
1085  jne 0x10dc
L1087:
1087  call 0x11e3
108A  call 0x1b7a
108D  jb 0x10dc
108F  call 0x20f5
1092  jb 0x10dc
1094  call 0x2dfd
1097  mov bl, dl
1099  and bx, 0xe
109D  mov si, word ptr [bx + 0xf92]
10A1  mov ax, 0xb800
10A4  mov es, ax
10A6  mov di, word ptr [0x55f]
10AA  mov bp, 0x5fa
10AD  mov word ptr [0x561], 0xc02
10B3  mov cx, 0x602
10B6  call 0x2d35
10B9  call 0x2dfd
10BC  mov bl, dl
10BE  and bx, 6
10C2  mov si, word ptr [bx + 0xfa2]
10C6  mov di, word ptr [0x55f]
10CA  add di, 0xf0
10CE  mov bp, 0x612
10D1  mov cx, 0x602
10D4  call 0x2d35
10D7  mov byte ptr [0x583], 0
L10DC:
10DC  ret 

;======================================================================
proc_10DD:
10DD  mov byte ptr [0x55c], 0
10E2  mov byte ptr [0x571], 1
10E7  mov byte ptr [0x576], 2
10EC  mov byte ptr [0x578], 1
10F1  mov byte ptr [0x577], 0xff
10F6  mov byte ptr [0x56e], 0
10FB  mov byte ptr [0x55a], 1
1100  mov ax, word ptr [0xfac]
1103  mov word ptr [0x569], ax
1106  mov ax, word ptr [0xfb8]
1109  mov word ptr [0x567], ax
110C  mov byte ptr [0x550], 2
1111  ret 

;======================================================================
proc_1112:
1112  mov cx, word ptr [0x579]
1116  mov dl, byte ptr [0x57b]
111A  call 0x2cb0
111D  mov word ptr [0x55f], ax
1120  call 0x1124
1123  ret 

;======================================================================
proc_1124:
1124  mov ax, 0x10
1127  mov es, ax
1129  mov di, 0x5fa
112C  push ds
112D  mov si, word ptr [0x55f]
1131  mov ax, 0xb800
1134  mov ds, ax
1136  mov cx, word ptr es:[0x561]
113B  call 0x2dca
113E  pop ds
113F  mov byte ptr [0x583], 0
1144  ret 

;======================================================================
proc_1145:
1145  mov ax, 0xb800
1148  mov es, ax
114A  mov di, word ptr [0x55f]
114E  mov bp, 0x5fa
1151  mov si, word ptr [0x55d]
1155  mov cx, word ptr [0x565]
1159  mov word ptr [0x561], cx
115D  mov byte ptr [0x583], 0
1162  call 0x2d35
1165  ret 

;======================================================================
proc_1166:
1166  mov dl, byte ptr [0x57b]
116A  mov cx, word ptr [0x579]
116E  sub cx, 0xc
1171  jae 0x1175
1173  sub cx, cx
L1175:
1175  cmp cx, 0x10f
1179  jb 0x117e
117B  mov cx, 0x10e
L117E:
117E  call 0x2cb0
1181  mov word ptr [0x581], ax
1184  mov di, ax
1186  mov ax, 0xb800
1189  mov es, ax
118B  mov bp, 0xe
118E  mov si, 0x1679
1191  mov cx, 0x1205
1194  call 0x2ccc
1197  sub ah, ah
1199  int 0x1a
119B  mov word ptr [0x57f], dx
119F  mov word ptr [0x5a3c], 0
11A5  mov word ptr [0x5a3e], 0
L11AB:
11AB  call 0x5a1c
11AE  sub ah, ah
11B0  int 0x1a
11B2  sub dx, word ptr [0x57f]
11B6  cmp dx, 0xa
11B9  jb 0x11ab
11BB  call 0x5b21
11BE  mov di, word ptr [0x581]
11C2  mov si, 0xe
11C5  mov cx, 0x1205
11C8  mov byte ptr [0x583], 0
11CD  call 0x2d9d
11D0  cmp byte ptr [0x1678], 0
11D5  je 0x11e2
11D7  cmp byte ptr [0x1f80], 0
11DC  je 0x11e2
11DE  dec byte ptr [0x1f80]
L11E2:
11E2  ret 

;======================================================================
proc_11E3:
11E3  mov ax, 0xb800
11E6  mov es, ax
11E8  mov di, word ptr [0x55f]
11EC  mov si, 0x5fa
11EF  mov cx, word ptr [0x561]
11F3  call 0x2d9d
11F6  ret 
11F7  00 00 00 00 00 00 00 00 00

;======================================================================
proc_1200:
1200  sub ah, ah
1202  int 0x1a
1204  mov ax, dx
1206  sub ax, word ptr [0x69f]
120A  cmp ax, 2
120D  jae 0x1210
120F  ret 
L1210:
1210  mov word ptr [0x69f], dx
1214  cmp byte ptr [0x69b], 0
1219  jne 0x122e
121B  call 0x12c1
121E  call 0x13b7
1221  mov dx, ax
L1223:
1223  call 0x13b7
1226  sub ax, dx
1228  cmp ax, 0xf8ed
122B  jb 0x1223
122D  ret 
L122E:
122E  mov dx, 0x201
1231  in al, dx
1232  and al, 0x10
1234  mov byte ptr [0x69a], al
1237  mov byte ptr [0x69e], 3
123C  call 0x13b7
123F  mov word ptr [0x69c], ax
1242  out dx, al
1243  mov cx, 0x7d0
L1246:
1246  in al, dx
1247  test al, 1
1249  jne 0x125e
124B  test byte ptr [0x69e], 1
1250  je 0x125e
1252  and byte ptr [0x69e], 0xfe
1257  call 0x12a1
125A  mov byte ptr [0x698], bl
L125E:
125E  test al, 2
1260  jne 0x1275
1262  test byte ptr [0x69e], 2
1267  je 0x1275
1269  and byte ptr [0x69e], 0xfd
126E  call 0x12a1
1271  mov byte ptr [0x699], bl
L1275:
1275  test byte ptr [0x69e], 3
127A  je 0x12a0
127C  call 0x13b7
127F  sub ax, word ptr [0x69c]
1283  cmp ax, 0x1964
1286  loopne 0x1246
1288  test byte ptr [0x69e], 1
128D  je 0x1294
128F  mov byte ptr [0x698], 0xff
L1294:
1294  test byte ptr [0x69e], 2
1299  je 0x12a0
129B  mov byte ptr [0x699], 0xff
L12A0:
12A0  ret 

;======================================================================
proc_12A1:
12A1  push ax
12A2  call 0x13b7
12A5  sub ax, word ptr [0x69c]
12A9  mov bx, ax
12AB  pop ax
12AC  cmp bx, 0xf5e6
12B0  jae 0x12b5
12B2  mov bl, 1
12B4  ret 
L12B5:
12B5  cmp bx, 0xfafa
12B9  jae 0x12be
12BB  sub bl, bl
12BD  ret 
L12BE:
12BE  mov bl, 0xff
12C0  ret 

;======================================================================
proc_12C1:
12C1  mov al, byte ptr [0x6ba]
12C4  cmp byte ptr [0x697], 0xfd
12C9  je 0x12d3
12CB  and al, byte ptr [0x6bd]
12CF  and al, byte ptr [0x6be]
L12D3:
12D3  xor al, 0x80
12D5  je 0x12d9
12D7  mov al, 1
L12D9:
12D9  mov byte ptr [0x699], al
12DC  mov al, byte ptr [0x6b8]
12DF  cmp byte ptr [0x697], 0xfd
12E4  je 0x12ee
12E6  and al, byte ptr [0x6bc]
12EA  and al, byte ptr [0x6bf]
L12EE:
12EE  xor al, 0x80
12F0  je 0x12f7
12F2  mov byte ptr [0x699], 0xff
L12F7:
12F7  mov al, byte ptr [0x6b9]
12FA  cmp byte ptr [0x697], 0xfd
12FF  je 0x1309
1301  and al, byte ptr [0x6bc]
1305  and al, byte ptr [0x6bd]
L1309:
1309  xor al, 0x80
130B  je 0x130f
130D  mov al, 1
L130F:
130F  mov byte ptr [0x698], al
1312  mov al, byte ptr [0x6bb]
1315  cmp byte ptr [0x697], 0xfd
131A  je 0x1324
131C  and al, byte ptr [0x6be]
1320  and al, byte ptr [0x6bf]
L1324:
1324  xor al, 0x80
1326  je 0x132d
1328  mov byte ptr [0x698], 0xff
L132D:
132D  mov al, byte ptr [0x6b7]
1330  mov cl, 3
1332  shr al, cl
1334  mov byte ptr [0x69a], al
1337  ret 

;======================================================================
proc_1338:
1338  mov ax, word ptr [0x693]
133B  cmp ax, word ptr [0x691]
133F  je 0x1357
1341  mov word ptr [0x691], ax
1344  test byte ptr [0x6c0], 0x80
1349  jne 0x1358
134B  mov ax, word ptr [0x693]
134E  cmp ax, word ptr [0x6e00]
1352  je 0x1357
1354  call 0x5e70
L1357:
1357  ret 
L1358:
1358  test byte ptr [0x6c9], 0x80
135D  je 0x1360
135F  ret 
L1360:
1360  test byte ptr [0x6cc], 0x80
1365  jne 0x136d
1367  mov byte ptr [0x1f80], 9
136C  ret 
L136D:
136D  test byte ptr [0x6c1], 0x80
1372  je 0x13a5
1374  test byte ptr [0x6cb], 0x80
1379  jne 0x1381
137B  mov byte ptr [0x41c], 0xff
1380  ret 
L1381:
1381  test byte ptr [0x6c8], 0x80
1386  jne 0x138e
1388  mov byte ptr [0x41b], 0xff
138D  ret 
L138E:
138E  test byte ptr [0x6c7], 0x80
1393  jne 0x13a4
1395  not byte ptr [0]
1399  cmp byte ptr [0], 0
139E  jne 0x13a3
13A0  call 0x5b21
L13A3:
13A3  ret 
L13A4:
13A4  ret 
L13A5:
13A5  call 0x147f
13A8  pop ax
13A9  retf 

;======================================================================
proc_13AA:
13AA  mov ax, 0xf000
13AD  mov es, ax
13AF  mov al, byte ptr es:[0xfffe]
13B3  mov byte ptr [0x697], al
13B6  ret 

;======================================================================
proc_13B7:
13B7  mov al, 0
13B9  out 0x43, al
13BB  nop 
13BC  nop 
13BD  in al, 0x40
13BF  mov ah, al
13C1  nop 
13C2  in al, 0x40
13C4  xchg ah, al
13C6  ret 
13C7  E8 ED FF 8B D8 2B C1 8B CB 3B C2 73 01 C3 3B D2
13D7  C3

;======================================================================
proc_13D8:
13D8  mov dx, 0x3da
13DB  in al, dx
13DC  and al, 8
13DE  ret 
13DF  00 00 00 00 00 00 00 00 00

;======================================================================
proc_13E8:
13E8  push ax
13E9  push es
13EA  push di
13EB  push cx
13EC  mov ax, 0x10
13EF  mov es, ax
13F1  cld 
13F2  mov di, 0x6b7
13F5  mov cx, 0x16
13F8  mov al, 0x80
13FA  rep stosb byte ptr es:[di], al
13FC  mov ax, word ptr es:[0x693]
1400  sub ax, 0x70
1403  mov word ptr es:[0x691], ax
1407  mov ax, 0x40
140A  mov es, ax
140C  mov al, byte ptr es:[0x12]
1410  mov byte ptr cs:[0x13e7], al
1414  pop cx
1415  pop di
1416  pop es
1417  pop ax
1418  ret 

;======================================================================
proc_1419:
1419  sub ax, ax
141B  mov es, ax
141D  mov ax, word ptr es:[0x24]
1421  mov bx, word ptr es:[0x26]
1426  mov cx, word ptr es:[0x120]
142B  mov dx, word ptr es:[0x122]
1430  mov word ptr cs:[0x13df], ax
1434  mov word ptr cs:[0x13e1], bx
1439  mov word ptr cs:[0x13e3], cx
143E  mov word ptr cs:[0x13e5], dx
1443  mov bx, 0x14b3
1446  cmp byte ptr [0x697], 0xfd
144B  jne 0x1450
144D  mov bx, 0x14fb
L1450:
1450  cli 
1451  mov word ptr es:[0x24], bx
1456  mov word ptr es:[0x26], cs
145B  cmp byte ptr [0x697], 0xfd
1460  jne 0x147d
1462  mov word ptr es:[0x120], 0x1554
1469  mov word ptr es:[0x122], cs
146E  mov ax, 0x40
1471  mov es, ax
1473  mov al, byte ptr es:[0x18]
1477  or al, 1
1479  mov byte ptr es:[0x18], al
L147D:
147D  sti 
147E  ret 

;======================================================================
proc_147F:
147F  sub ax, ax
1481  mov es, ax
1483  mov ax, word ptr cs:[0x13df]
1487  mov bx, word ptr cs:[0x13e1]
148C  mov cx, word ptr cs:[0x13e3]
1491  mov dx, word ptr cs:[0x13e5]
1496  cli 
1497  mov word ptr es:[0x24], ax
149B  mov word ptr es:[0x26], bx
14A0  cmp byte ptr [0x697], 0xfd
14A5  jne 0x14b1
14A7  mov word ptr es:[0x120], cx
14AC  mov word ptr es:[0x122], dx
L14B1:
14B1  sti 
14B2  ret 

;======================================================================
proc_14B3:
14B3  push ax
14B4  push es
14B5  push di
14B6  push cx
14B7  mov di, 0x10
14BA  mov es, di
14BC  in al, 0x60
14BE  mov ah, al
14C0  and al, 0x7f
14C2  test ah, 0x80
14C5  jne 0x14cc
14C7  inc word ptr es:[0x693]
L14CC:
14CC  mov di, 0x6a1
14CF  mov cx, 0x16
14D2  cld 
14D3  repne scasb al, byte ptr es:[di]
14D5  jne 0x14e3
14D7  sub di, 0x6a2
14DB  and ah, 0x80
14DE  mov byte ptr es:[di + 0x6b7], ah
L14E3:
14E3  in al, 0x61
14E5  mov ah, al
14E7  or al, 0x80
14E9  out 0x61, al
14EB  mov al, ah
14ED  out 0x61, al
14EF  call 0x1572
14F2  pop cx
14F3  pop di
14F4  pop es
14F5  mov al, 0x20
14F7  out 0x20, al
14F9  pop ax
14FA  iret 

;======================================================================
proc_14FB:
14FB  sti 
14FC  push ax
14FD  push es
14FE  push di
14FF  push cx
1500  mov di, 0x10
1503  mov es, di
1505  mov ah, al
1507  and al, 0x7f
1509  test ah, 0x80
150C  jne 0x1513
150E  inc word ptr es:[0x693]
L1513:
1513  cmp ah, 0xff
1516  je 0x1530
1518  cmp ah, 0x55
151B  je 0x1530
151D  push es
151E  mov di, 0x40
1521  mov es, di
1523  mov cl, byte ptr es:[0x12]
1528  pop es
1529  cmp cl, byte ptr cs:[0x13e7]
152E  je 0x1535
L1530:
1530  call 0x13e8
1533  jmp 0x154c
L1535:
1535  mov di, 0x6a1
1538  mov cx, 0x16
153B  cld 
153C  repne scasb al, byte ptr es:[di]
153E  jne 0x154c
1540  sub di, 0x6a2
1544  and ah, 0x80
1547  mov byte ptr es:[di + 0x6b7], ah
L154C:
154C  call 0x1572
154F  pop cx
1550  pop di
1551  pop es
1552  pop ax
1553  iret 
1554  CD 09 CF
L1557:
1557  mov ax, 0xf000
155A  mov ss, ax
155C  mov ax, 0x40
155F  mov ds, ax
1561  mov bx, 0x72
1564  mov word ptr [bx], 0x1234
1568  mov ax, 0
156B  mov es, ax
156D  ljmp 0xf000:0xe05b

;======================================================================
proc_1572:
1572  mov al, byte ptr es:[0x6c9]
1576  or al, byte ptr es:[0x6b7]
157B  cmp al, 0
157D  jne 0x15c9
157F  test byte ptr es:[0x6ca], 0x80
1585  jne 0x158d
1587  mov al, 0x20
1589  out 0x20, al
158B  jmp 0x1557
L158D:
158D  test byte ptr es:[0x6b9], 0x80
1593  jne 0x15a4
1595  cmp byte ptr es:[0x690], 1
159B  jb 0x15c9
159D  dec byte ptr es:[0x690]
15A2  jmp 0x15b9
L15A4:
15A4  test byte ptr es:[0x6bb], 0x80
15AA  jne 0x15c9
15AC  cmp byte ptr es:[0x690], 7
15B2  jae 0x15c9
15B4  inc byte ptr es:[0x690]
L15B9:
15B9  push dx
15BA  mov al, 2
15BC  mov dx, 0x3d4
15BF  out dx, al
15C0  mov al, byte ptr es:[0x690]
15C4  add al, 0x27
15C6  inc dx
15C7  out dx, al
15C8  pop dx
L15C9:
15C9  ret 
15CA  00 00 00 00 00 00

;======================================================================
proc_15D0:
15D0  mov bx, word ptr [8]
15D4  mov cl, byte ptr [bx + 0x100e]
L15D8:
15D8  call 0x2dfd
15DB  and dl, 7
15DE  cmp dl, cl
15E0  ja 0x15d8
15E2  add dl, byte ptr [bx + 0x1006]
15E6  cmp dl, byte ptr [0x1028]
15EA  je 0x15d8
15EC  mov byte ptr [0x1028], dl
15F0  mov bl, dl
15F2  mov cl, byte ptr [bx + 0xff0]
15F6  mov dl, 0x88
15F8  test cl, 0x80
15FB  jne 0x15ff
15FD  mov dl, 0x90
L15FF:
15FF  and cx, 0x7f
1603  shl cx, 1
1605  shl cx, 1
1607  ret 

;======================================================================
proc_1608:
1608  cmp word ptr [4], 7
160D  jne 0x1613
160F  call 0x30fa
1612  ret 
L1613:
1613  cmp word ptr [4], 0
1618  je 0x161e
161A  call 0x16c6
161D  ret 
L161E:
161E  mov al, byte ptr [0x57b]
1621  and al, 0xf8
1623  cmp al, 0x60
1625  je 0x1630
1627  call 0x1657
162A  jb 0x1656
162C  call 0x17ad
162F  ret 
L1630:
1630  cmp byte ptr [0x550], 2
1635  jae 0x1655
1637  mov byte ptr [0x57b], al
163A  add al, 0x32
163C  mov byte ptr [0x57c], al
163F  cmp byte ptr [0x550], 1
1644  je 0x1653
1646  mov byte ptr [0x550], 1
164B  sub ah, ah
164D  int 0x1a
164F  mov word ptr [0x556], dx
L1653:
1653  stc 
1654  ret 
L1655:
1655  clc 
L1656:
1656  ret 

;======================================================================
proc_1657:
1657  mov cl, byte ptr [0x57b]
165B  add cl, 2
165E  and cl, 0xf8
1661  mov bx, word ptr [8]
1665  mov bl, byte ptr [bx + 0x1006]
L1669:
1669  mov al, byte ptr [bx + 0xff0]
166D  cmp al, 0
166F  jne 0x1678
1671  mov byte ptr [0x127c], 0
1676  clc 
1677  ret 
L1678:
1678  inc bx
1679  mov ch, 0x88
167B  test al, 0x80
167D  jne 0x1681
167F  mov ch, 0x90
L1681:
1681  cmp cl, ch
1683  jne 0x1669
1685  and ax, 0x7f
1688  shl ax, 1
168A  shl ax, 1
168C  mov dx, word ptr [0x579]
1690  and dx, 0xfff8
1694  cmp dx, ax
1696  jb 0x1669
1698  mov dx, word ptr [0x579]
169C  sub dx, 0xf
169F  and dx, 0xfff8
16A3  cmp dx, ax
16A5  ja 0x1669
16A7  sub ch, 2
16AA  mov byte ptr [0x57b], ch
16AE  add ch, 0x32
16B1  mov byte ptr [0x57c], ch
16B5  cmp byte ptr [0x127c], 0
16BA  jne 0x16c4
16BC  mov byte ptr [0x127c], 1
16C1  call 0x590e
L16C4:
16C4  stc 
16C5  ret 

;======================================================================
proc_16C6:
16C6  mov byte ptr [0x39e0], 0
16CB  cmp byte ptr [0x571], 1
16D0  jne 0x16fc
16D2  mov ax, word ptr [0x2650]
16D5  sub ax, 4
16D8  mov dl, byte ptr [0x2652]
16DC  sub dl, 8
16DF  mov si, 0xc
16E2  mov bx, word ptr [0x579]
16E6  mov dh, byte ptr [0x57b]
16EA  mov di, 0x18
16ED  mov cx, 0xe10
16F0  call 0x2e29
16F3  jae 0x16fc
16F5  mov byte ptr [0x551], 1
16FA  clc 
16FB  ret 
L16FC:
16FC  cmp word ptr [4], 3
1701  jne 0x170e
1703  call 0x3c43
1706  jae 0x170e
1708  mov byte ptr [0x55c], 1
170D  ret 
L170E:
170E  mov cl, byte ptr [0x57b]
1712  and cl, 0xf8
1715  mov bx, word ptr [4]
1719  shl bx, 1
171B  mov bx, word ptr [bx + 0x1269]
L171F:
171F  mov ch, byte ptr [bx + 0x1029]
1723  cmp ch, 0
1726  jne 0x172a
1728  clc 
1729  ret 
L172A:
172A  mov al, byte ptr [bx + 0x1089]
172E  mov byte ptr [0x127b], al
1731  shl bl, 1
1733  mov ax, word ptr [bx + 0x11a9]
1737  mov word ptr [0x1279], ax
173A  mov ax, word ptr [bx + 0x10e9]
173E  shr bl, 1
1740  inc bx
1741  cmp cl, ch
1743  jne 0x171f
1745  mov dx, word ptr [0x579]
1749  and dx, 0xfff8
174D  cmp dx, ax
174F  jb 0x171f
1751  mov dx, word ptr [0x579]
1755  sub dx, word ptr [0x1279]
1759  jae 0x175d
175B  sub dx, dx
L175D:
175D  and dx, 0xfffc
1761  cmp dx, ax
1763  ja 0x171f
1765  mov byte ptr [0x57b], ch
1769  add ch, 0x32
176C  mov byte ptr [0x57c], ch
1770  mov al, byte ptr [0x127b]
1773  mov byte ptr [0x55c], al
1776  cmp al, 0
1778  je 0x1780
177A  and word ptr [0x579], 0xfffc
L1780:
1780  cmp word ptr [4], 4
1785  jne 0x1797
1787  dec bx
1788  sub bx, 0x27
178B  jb 0x1797
178D  cmp bx, 0x10
1790  jae 0x1797
1792  inc bx
1793  mov byte ptr [0x39e0], bl
L1797:
1797  stc 
1798  ret 

;======================================================================
proc_1799:
1799  mov cl, 3
179B  shr bx, cl
179D  mov ch, bl
179F  mov cl, 3
17A1  shr bx, cl
17A3  mov cl, ch
17A5  and cl, 7
17A8  mov ch, 0x80
17AA  shr ch, cl
17AC  ret 

;======================================================================
proc_17AD:
17AD  mov dl, byte ptr [0x57b]
17B1  and dl, 0xf8
17B4  sub bx, bx
17B6  cmp dl, 8
17B9  je 0x17c9
17BB  inc bl
17BD  cmp dl, 0x28
17C0  je 0x17c9
17C2  inc bl
17C4  cmp dl, 0x48
17C7  jne 0x1810
L17C9:
17C9  mov ax, word ptr [0x579]
17CC  cmp bx, word ptr [0x52f]
17D0  jne 0x17fc
17D2  cmp byte ptr [0x525], 3
17D7  ja 0x17fc
17D9  cmp bl, 1
17DC  je 0x17ee
17DE  mov cx, 4
17E1  sub cl, byte ptr [0x525]
17E5  shl cl, 1
17E7  shl cl, 1
17E9  add ax, cx
17EB  jmp 0x17fc
17ED  90
L17EE:
17EE  sub ch, ch
17F0  mov cl, byte ptr [0x525]
17F4  inc cl
17F6  shl cl, 1
17F8  shl cl, 1
17FA  sub ax, cx
L17FC:
17FC  mov bl, byte ptr [bx + 0x1025]
1800  mov si, bx
1802  mov bx, ax
1804  add bx, 0xa
1807  call 0x1799
180A  test byte ptr [bx + si + 0x1016], ch
180E  jne 0x1812
L1810:
1810  clc 
1811  ret 
L1812:
1812  mov byte ptr [0x57b], dl
1816  add dl, 0x32
1819  mov byte ptr [0x57c], dl
181D  and word ptr [0x579], 0xfff8
1823  mov byte ptr [0x55c], 1
1828  stc 
1829  ret 
182A  00 00 00 00 00 00

;======================================================================
proc_1830:
1830  mov byte ptr [0x1665], 0
1835  mov byte ptr [0x1673], 0
183A  mov byte ptr [0x1677], 0
183F  mov byte ptr [0x1678], 0
1844  mov word ptr [0x166c], 9
184A  ret 

;======================================================================
proc_184B:
184B  cmp byte ptr [0x1673], 0
1850  je 0x185c
1852  sub ah, ah
1854  int 0x1a
1856  cmp dx, word ptr [0x17ec]
185A  jne 0x185d
L185C:
185C  ret 
L185D:
185D  mov word ptr [0x17ec], dx
1861  cmp byte ptr [0x1677], 0
1866  je 0x187f
1868  mov ax, word ptr [0x1671]
186B  and ax, 0xfff8
186E  mov bx, word ptr [0x579]
1872  and bx, 0xfff8
1876  cmp ax, bx
1878  jne 0x187f
187A  mov byte ptr [0x1674], 0
L187F:
187F  inc byte ptr [0x17e9]
1883  cmp word ptr [0x17ea], 1
1888  ja 0x188e
188A  dec word ptr [0x17ea]
L188E:
188E  mov ax, word ptr [0x1671]
1891  mov dx, word ptr [0x17ea]
1895  mov cl, 3
1897  shr dl, cl
1899  cmp byte ptr [0x1674], 1
189E  jb 0x18b5
18A0  jne 0x18af
18A2  add ax, dx
18A4  cmp ax, 0x12f
18A7  jb 0x18b5
18A9  mov ax, 0x12e
18AC  jmp 0x18b5
18AE  90
L18AF:
18AF  sub ax, dx
18B1  jae 0x18b5
18B3  sub ax, ax
L18B5:
18B5  mov word ptr [0x1671], ax
18B8  mov bx, word ptr [0x17df]
18BC  mov al, byte ptr [0x17e9]
18BF  shr al, 1
18C1  add al, byte ptr [0x1673]
18C5  mov dl, al
18C7  sub al, byte ptr [0x1676]
18CB  jb 0x18e1
18CD  sub bh, al
18CF  je 0x18d3
18D1  jae 0x18e1
L18D3:
18D3  mov byte ptr [0x1673], 0
18D8  mov byte ptr [0x1678], 0
18DD  call 0x1922
L18E0:
18E0  ret 
L18E1:
18E1  mov byte ptr [0x1673], dl
18E5  mov cx, word ptr [0x1671]
18E9  mov word ptr [0x17e1], bx
18ED  call 0x2cb0
18F0  mov word ptr [0x17e7], ax
18F3  cmp byte ptr [0x17e9], 2
18F8  je 0x18fd
18FA  call 0x1922
L18FD:
18FD  call 0x1b7a
1900  jb 0x18e0
1902  mov di, word ptr [0x17e7]
1906  mov word ptr [0x17e5], di
190A  mov cx, word ptr [0x17e1]
190E  mov word ptr [0x17e3], cx
1912  mov ax, 0xb800
1915  mov es, ax
1917  mov si, word ptr [0x17dd]
191B  mov bp, 0x17ee
191E  call 0x2ccc
1921  ret 

;======================================================================
proc_1922:
1922  mov ax, 0xb800
1925  mov es, ax
1927  mov di, word ptr [0x17e5]
192B  mov si, 0x17ee
192E  mov cx, word ptr [0x17e3]
1932  call 0x2d9d
1935  ret 

;======================================================================
proc_1936:
1936  dec byte ptr [0x166a]
193A  je 0x193d
L193C:
193C  ret 
L193D:
193D  mov byte ptr [0x166a], 0xd
1942  call 0x13d8
1945  jne 0x193c
1947  cmp byte ptr [0x1665], 0
194C  je 0x1951
194E  call 0x1b05
L1951:
1951  cmp byte ptr [0x1673], 0
1956  jne 0x193c
1958  cmp byte ptr [0x1665], 0
195D  jne 0x19cd
195F  cmp byte ptr [0x57b], 0x60
1964  ja 0x193c
1966  mov byte ptr [0x1677], 0
196B  cmp byte ptr [0x550], 1
1970  jne 0x198a
1972  cmp byte ptr [0x418], 0
1977  jne 0x198a
1979  sub ah, ah
197B  int 0x1a
197D  sub dx, word ptr [0x556]
1981  cmp dx, 0x48
1984  jb 0x198a
1986  inc byte ptr [0x1677]
L198A:
198A  call 0x2dfd
198D  cmp byte ptr [0x1677], 0
1992  je 0x199a
1994  and dl, 3
1997  jmp 0x19a2
1999  90
L199A:
199A  and dl, 0xf
199D  cmp dl, 0xc
19A0  jae 0x193c
L19A2:
19A2  mov byte ptr [0x1669], dl
19A6  call 0x1aea
19A9  mov word ptr [0x1666], cx
19AD  mov byte ptr [0x1668], dl
19B1  call 0x1b05
19B4  jb 0x198a
19B6  mov byte ptr [0x1665], 0x1d
19BB  mov bx, word ptr [8]
19BF  shl bl, 1
19C1  mov ax, word ptr [bx + 0x181e]
19C5  mov word ptr [0x166c], ax
19C8  mov byte ptr [0x1670], 1
L19CD:
19CD  call 0x1b05
19D0  jb 0x19e0
19D2  mov byte ptr [0x1664], 0
19D7  call 0x1b4c
19DA  jae 0x19e1
19DC  inc byte ptr [0x1664]
L19E0:
19E0  ret 
L19E1:
19E1  cmp byte ptr [0x1665], 0x10
19E6  jne 0x19f0
19E8  sub ah, ah
19EA  int 0x1a
19EC  mov word ptr [0x166e], dx
L19F0:
19F0  cmp byte ptr [0x1665], 0xf
19F5  jne 0x1a76
19F7  sub ah, ah
19F9  int 0x1a
19FB  sub dx, word ptr [0x166e]
19FF  cmp dx, word ptr [0x166c]
1A03  jae 0x1a76
1A05  cmp byte ptr [0x1670], 0
1A0A  je 0x1a75
1A0C  cmp byte ptr [0x1673], 0
1A11  jne 0x1a75
1A13  cmp byte ptr [0x418], 0
1A18  jne 0x1a75
1A1A  dec byte ptr [0x1670]
1A1E  mov byte ptr [0x1678], 1
1A23  mov al, byte ptr [0x1668]
1A26  mov byte ptr [0x1673], al
1A29  call 0x2dfd
1A2C  and dx, 0xf
1A30  add dx, word ptr [0x1666]
1A34  mov word ptr [0x1671], dx
1A38  mov al, 1
1A3A  cmp dx, word ptr [0x579]
1A3E  jb 0x1a42
1A40  mov al, 0xff
L1A42:
1A42  mov byte ptr [0x1674], al
1A45  call 0x2dfd
1A48  mov bl, dl
1A4A  and bx, 6
1A4E  mov ax, word ptr [bx + 0x17c9]
1A52  mov word ptr [0x17dd], ax
1A55  mov ax, word ptr [bx + 0x17d1]
1A59  mov word ptr [0x17df], ax
1A5C  shr bl, 1
1A5E  mov al, byte ptr [bx + 0x17d9]
1A62  mov byte ptr [0x1676], al
1A65  mov word ptr [0x17ea], 0x20
1A6B  mov byte ptr [0x17e9], 1
1A70  mov byte ptr [0x1675], 0
L1A75:
1A75  ret 
L1A76:
1A76  dec byte ptr [0x1665]
1A7A  mov cx, word ptr [0x1666]
1A7E  mov dl, byte ptr [0x1668]
1A82  cmp byte ptr [0x1665], 0xe
1A87  jbe 0x1a93
1A89  add dl, byte ptr [0x1665]
1A8D  sub dl, 0xe
1A90  jmp 0x1a9a
1A92  90
L1A93:
1A93  add dl, 0xe
1A96  sub dl, byte ptr [0x1665]
L1A9A:
1A9A  mov byte ptr [0x166b], dl
1A9E  call 0x2cb0
1AA1  mov di, ax
1AA3  mov ax, 0xb800
1AA6  mov es, ax
1AA8  cld 
1AA9  mov cx, 4
1AAC  cmp byte ptr [0x1665], 0xe
1AB1  jbe 0x1ad7
1AB3  cmp byte ptr [0x418], 0
1AB8  je 0x1ad2
1ABA  mov al, byte ptr [0x166b]
1ABD  sub al, byte ptr [0x1668]
1AC1  sub ah, ah
1AC3  mov cl, 3
1AC5  shl ax, cl
1AC7  add ax, 0x15e0
1ACA  mov si, ax
1ACC  mov cx, 4
1ACF  rep movsw word ptr es:[di], word ptr [si]
1AD1  ret 
L1AD2:
1AD2  sub ax, ax
1AD4  rep stosw word ptr es:[di], ax
1AD6  ret 
L1AD7:
1AD7  mov al, byte ptr [0x166b]
1ADA  sub al, byte ptr [0x1668]
1ADE  mov ah, 0xa
1AE0  mul ah
1AE2  add ax, 0x2681
1AE5  mov si, ax
1AE7  rep movsw word ptr es:[di], word ptr [si]
1AE9  ret 

;======================================================================
proc_1AEA:
1AEA  sub bh, bh
1AEC  mov bl, dl
1AEE  and bl, 3
1AF1  shl bl, 1
1AF3  mov cx, word ptr [bx + 0x1658]
1AF7  mov bl, dl
1AF9  shr bl, 1
1AFB  shr bl, 1
1AFD  and bl, 3
1B00  mov dl, byte ptr [bx + 0x1660]
1B04  ret 

;======================================================================
proc_1B05:
1B05  mov ax, word ptr [0x1666]
1B08  mov dl, byte ptr [0x1668]
1B0C  mov bx, word ptr [0x579]
1B10  mov dh, byte ptr [0x57b]
1B14  mov si, 0x20
1B17  mov di, 0x18
1B1A  mov cx, 0xe0f
1B1D  call 0x2e29
1B20  jae 0x1b4b
1B22  cmp byte ptr [0x571], 1
1B27  jne 0x1b4a
1B29  cmp byte ptr [0x55a], 0
1B2E  jne 0x1b4a
1B30  cmp byte ptr [0x57b], 0x60
1B35  jae 0x1b4a
1B37  cmp byte ptr [0x1665], 5
1B3C  jb 0x1b4a
1B3E  cmp byte ptr [0x1665], 0x19
1B43  jae 0x1b4a
1B45  mov byte ptr [0x551], 1
L1B4A:
1B4A  stc 
L1B4B:
1B4B  ret 

;======================================================================
proc_1B4C:
1B4C  mov al, byte ptr [0x1669]
1B4F  cmp al, 8
1B51  jae 0x1b78
1B53  mov bx, 2
1B56  test al, 4
1B58  je 0x1b5c
1B5A  shl bl, 1
L1B5C:
1B5C  mov ax, word ptr [bx + 0x1f30]
1B60  add ax, 0x10
1B63  cmp ax, word ptr [0x1666]
1B67  jb 0x1b78
1B69  sub ax, 0x30
1B6C  jae 0x1b70
1B6E  sub ax, ax
L1B70:
1B70  cmp ax, word ptr [0x1666]
1B74  ja 0x1b78
1B76  stc 
1B77  ret 
L1B78:
1B78  clc 
1B79  ret 

;======================================================================
proc_1B7A:
1B7A  cmp word ptr [4], 0
1B7F  jne 0x1be1
1B81  mov dl, byte ptr [0x1673]
1B85  cmp dl, 0
1B88  je 0x1be1
1B8A  mov cx, word ptr [0x17df]
1B8E  xchg ch, cl
1B90  mov si, 0x10
1B93  mov ax, word ptr [0x1671]
1B96  mov bx, word ptr [0x579]
1B9A  mov dh, byte ptr [0x57b]
1B9E  mov di, 0x18
1BA1  mov ch, 0xe
1BA3  call 0x2e29
1BA6  jae 0x1be2
1BA8  call 0x11e3
1BAB  call 0x1922
1BAE  call 0x10dd
1BB1  cmp byte ptr [0x1675], 0
1BB6  jne 0x1bdf
1BB8  mov byte ptr [0x1675], 1
1BBD  call 0x1166
1BC0  mov dl, 1
1BC2  cmp byte ptr [0x1674], 0xff
1BC7  je 0x1bcb
1BC9  mov dl, 0xff
L1BCB:
1BCB  mov byte ptr [0x1674], dl
1BCF  mov word ptr [0x17ea], 0x60
1BD5  mov byte ptr [0x17e9], 1
1BDA  mov byte ptr [0x55c], 0
L1BDF:
1BDF  stc 
1BE0  ret 
L1BE1:
1BE1  clc 
L1BE2:
1BE2  ret 
1BE3  00 00 00 00 00 00 00 00 00 00 00 00 00

;======================================================================
proc_1BF0:
1BF0  sub bx, bx
1BF2  mov ah, 0xb
1BF4  int 0x10
1BF6  cmp word ptr [6], 7
1BFB  jne 0x1c12
1BFD  cmp byte ptr [0x553], 0
1C02  je 0x1c12
1C04  call 0x528b
1C07  mov word ptr [0x579], 0x98
1C0D  mov byte ptr [0x57b], 0x5f
L1C12:
1C12  mov ax, 0xb800
1C15  mov es, ax
1C17  cld 
1C18  mov word ptr [0x1839], 0
1C1E  call 0x1c67
1C21  call 0x5b21
1C24  call 0x1d31
1C27  cmp word ptr [4], 0
1C2C  jne 0x1c49
1C2E  cmp byte ptr [0x553], 0
1C33  je 0x1c46
1C35  cmp word ptr [6], 7
1C3A  jne 0x1c41
1C3C  call 0x5313
1C3F  jmp 0x1c49
L1C41:
1C41  call 0x38b0
1C44  jmp 0x1c49
L1C46:
1C46  call 0x1d76
L1C49:
1C49  cmp word ptr [4], 7
1C4E  je 0x1c5a
1C50  mov ax, 0xaaaa
1C53  cmp word ptr [4], 2
1C58  jne 0x1c5d
L1C5A:
1C5A  mov ax, 0x5555
L1C5D:
1C5D  mov word ptr [0x1839], ax
1C60  call 0x1c67
1C63  call 0x5b21
1C66  ret 

;======================================================================
proc_1C67:
1C67  call 0x5896
1C6A  mov word ptr [0x1835], 1
1C70  mov byte ptr [0x1837], 8
1C75  mov cx, word ptr [0x579]
1C79  mov dl, byte ptr [0x57b]
1C7D  add cx, 0xc
1C80  and cx, 0xfff0
1C84  add dl, 8
1C87  mov byte ptr [0x1838], 0
L1C8C:
1C8C  call 0x5897
1C8F  mov word ptr [0x1832], cx
1C93  mov byte ptr [0x1834], dl
1C97  call 0x2cb0
1C9A  mov di, ax
1C9C  mov bl, byte ptr [0x1837]
L1CA0:
1CA0  mov ax, word ptr [0x1839]
1CA3  mov cx, word ptr [0x1835]
1CA7  shr cx, 1
1CA9  shr cx, 1
1CAB  shr cx, 1
1CAD  rep stosw word ptr es:[di], ax
1CAF  mov cx, word ptr [0x1835]
1CB3  shr cx, 1
1CB5  shr cx, 1
1CB7  and cx, 0xfe
1CBB  sub di, cx
1CBD  xor di, 0x2000
1CC1  test di, 0x2000
1CC5  jne 0x1cca
1CC7  add di, 0x50
L1CCA:
1CCA  dec bl
1CCC  jne 0x1ca0
1CCE  cmp byte ptr [0x1838], 0xf
1CD3  jne 0x1cd6
1CD5  ret 
L1CD6:
1CD6  add word ptr [0x1835], 0x20
1CDB  add byte ptr [0x1837], 0x10
1CE0  mov cx, word ptr [0x1832]
1CE4  mov dl, byte ptr [0x1834]
1CE8  sub cx, 0x10
1CEB  jae 0x1cf4
1CED  sub cx, cx
1CEF  or byte ptr [0x1838], 1
L1CF4:
1CF4  mov ax, word ptr [0x1835]
1CF7  add ax, cx
1CF9  cmp ax, 0x140
1CFC  jb 0x1d0b
1CFE  mov ax, 0x140
1D01  sub ax, cx
1D03  mov word ptr [0x1835], ax
1D06  or byte ptr [0x1838], 2
L1D0B:
1D0B  sub dl, 8
1D0E  jae 0x1d17
1D10  sub dl, dl
1D12  or byte ptr [0x1838], 4
L1D17:
1D17  mov al, byte ptr [0x1837]
1D1A  add al, dl
1D1C  jb 0x1d22
1D1E  cmp al, 0xc8
1D20  jb 0x1d2e
L1D22:
1D22  mov al, 0xc8
1D24  sub al, dl
1D26  mov byte ptr [0x1837], al
1D29  or byte ptr [0x1838], 8
L1D2E:
1D2E  jmp 0x1c8c

;======================================================================
proc_1D31:
1D31  cmp byte ptr [0x697], 0xfd
1D36  je 0x1d48
1D38  mov ah, 0xb
1D3A  mov bh, 1
1D3C  mov si, word ptr [4]
1D40  mov bl, byte ptr [si + 0x1853]
1D44  int 0x10
1D46  jmp 0x1d67
L1D48:
1D48  mov si, word ptr [4]
1D4C  mov bl, 1
1D4E  mov bh, byte ptr [si + 0x183b]
1D52  call 0x1d6e
1D55  mov bl, 2
1D57  mov bh, byte ptr [si + 0x1843]
1D5B  call 0x1d6e
1D5E  mov bl, 3
1D60  mov bh, byte ptr [si + 0x184b]
1D64  call 0x1d6e
L1D67:
1D67  mov ah, 0xb
1D69  sub bx, bx
1D6B  int 0x10
1D6D  ret 

;======================================================================
proc_1D6E:
1D6E  mov ax, 0x1000
1D71  push si
1D72  int 0x10
1D74  pop si
1D75  ret 

;======================================================================
proc_1D76:
1D76  cmp word ptr [6], 7
1D7B  jne 0x1d81
1D7D  call 0x6040
1D80  ret 
L1D81:
1D81  call 0x57d5
1D84  mov ax, 0x185b
1D87  cmp byte ptr [0x552], 0
1D8C  je 0x1dc6
1D8E  mov bx, word ptr [0x1c30]
1D92  add word ptr [0x1c30], 2
1D97  and bx, 6
1D9B  mov ax, word ptr [bx + 0x1c26]
1D9F  cmp byte ptr [0x1f80], 0
1DA4  je 0x1daa
1DA6  dec byte ptr [0x1f80]
L1DAA:
1DAA  cmp byte ptr [0x552], 0xdd
1DAF  jne 0x1dc6
1DB1  cmp word ptr [8], 0
1DB6  je 0x1dc6
1DB8  cmp byte ptr [0x1f80], 1
1DBD  jb 0x1dc6
1DBF  call 0x5be0
1DC2  call 0x5b21
1DC5  ret 
L1DC6:
1DC6  mov word ptr [0x1c2e], ax
1DC9  mov word ptr [0x1c1b], 0x8080
1DCF  mov byte ptr [0x1c1d], 0x1c
L1DD4:
1DD4  call 0x1e17
1DD7  sub ah, ah
1DD9  int 0x1a
1DDB  mov word ptr [0x1830], dx
L1DDF:
1DDF  call 0x57e4
1DE2  sub ah, ah
1DE4  int 0x1a
1DE6  cmp dx, word ptr [0x1830]
1DEA  je 0x1ddf
1DEC  cmp byte ptr [0x1c1d], 0x14
1DF1  ja 0x1e02
1DF3  sub bh, bh
1DF5  mov bl, byte ptr [0x1c1d]
1DF9  and bl, 6
1DFC  mov ax, word ptr [bx + 0x1c1e]
1E00  jmp 0x1e0a
L1E02:
1E02  mov ax, word ptr [0x1c1b]
1E05  stc 
1E06  rcr al, 1
1E08  mov ah, al
L1E0A:
1E0A  mov word ptr [0x1c1b], ax
1E0D  dec byte ptr [0x1c1d]
1E11  jne 0x1dd4
1E13  call 0x5b21
1E16  ret 

;======================================================================
proc_1E17:
1E17  cld 
1E18  push ds
1E19  pop es
1E1A  mov si, word ptr [0x1c2e]
1E1E  mov di, 0xe
1E21  mov cx, 0x60
L1E24:
1E24  lodsw ax, word ptr [si]
1E25  and ax, word ptr [0x1c1b]
1E29  stosw word ptr es:[di], ax
1E2A  loop 0x1e24
1E2C  mov ax, 0xb800
1E2F  mov es, ax
1E31  mov si, 0xe
1E34  mov di, 0xed0
1E37  mov cx, 0xc08
1E3A  call 0x2d9d
1E3D  ret 
1E3E  00 00

;======================================================================
proc_1E40:
1E40  mov byte ptr [0x1cbf], 0
1E45  mov word ptr [0x1ce1], 0
1E4B  mov byte ptr [0x1cc0], 0
1E50  mov byte ptr [0x1cc1], 0
1E55  mov byte ptr [0x1cb8], 0
1E5A  mov byte ptr [0x1cc8], 0xb1
1E5F  call 0x5450
1E62  ret 

;======================================================================
proc_1E63:
1E63  sub ah, ah
1E65  int 0x1a
1E67  mov cx, dx
1E69  sub dx, word ptr [0x1cc9]
1E6D  mov ax, word ptr [0x1ce1]
1E70  and ax, 1
1E73  add ax, 1
1E76  cmp dx, ax
1E78  jae 0x1e7b
L1E7A:
1E7A  ret 
L1E7B:
1E7B  call 0x13d8
1E7E  je 0x1e7a
1E80  mov word ptr [0x1cc9], cx
1E84  inc word ptr [0x1ce1]
1E88  cmp byte ptr [0x1cc1], 0
1E8D  je 0x1ee2
1E8F  dec byte ptr [0x1cc1]
1E93  jne 0x1ec9
1E95  call 0x5b21
1E98  cmp byte ptr [0x1cb8], 0
1E9D  je 0x1ec2
1E9F  cmp word ptr [4], 0
1EA4  je 0x1eb7
1EA6  mov byte ptr [0x552], 0xdd
1EAB  mov word ptr [0x579], 0xa0
1EB1  mov byte ptr [0x57b], 0x60
1EB6  ret 
L1EB7:
1EB7  cmp byte ptr [0x1f80], 0
1EBC  je 0x1ec2
1EBE  dec byte ptr [0x1f80]
L1EC2:
1EC2  call 0x20e1
1EC5  call 0x1e40
1EC8  ret 
L1EC9:
1EC9  call 0x2022
1ECC  mov ax, 0x104
1ECF  sub al, byte ptr [0x1cc1]
1ED3  cmp byte ptr [0x1cd0], 0xff
1ED8  je 0x1edc
1EDA  mov ah, 0xff
L1EDC:
1EDC  call 0x2059
1EDF  jmp 0x1ffb
L1EE2:
1EE2  cmp byte ptr [0x1cb8], 0
1EE7  je 0x1f0c
1EE9  mov dl, byte ptr [0x1cb8]
1EED  cmp word ptr [0x1cb9], 0
1EF2  je 0x1f02
1EF4  dec word ptr [0x1cb9]
1EF8  call 0x2dfd
1EFB  and dl, 1
1EFE  jne 0x1f02
1F00  mov dl, 0xff
L1F02:
1F02  mov byte ptr [0x1cd0], dl
1F06  mov ax, word ptr [0x1cc6]
1F09  jmp 0x1fab
L1F0C:
1F0C  cmp byte ptr [0x1cbf], 0
1F11  jne 0x1f75
1F13  cmp byte ptr [0x1cc0], 0
1F18  jne 0x1f57
1F1A  cmp byte ptr [0x1d58], 0
1F1F  jne 0x1f3d
1F21  cmp byte ptr [0x57b], 0xb4
1F26  jb 0x1f3c
1F28  cmp byte ptr [0x558], 0
1F2D  jne 0x1f3c
1F2F  call 0x2dfd
1F32  mov bx, word ptr [8]
1F36  cmp dl, byte ptr [bx + 0x1cd1]
1F3A  jb 0x1f3d
L1F3C:
1F3C  ret 
L1F3D:
1F3D  mov al, 1
1F3F  mov word ptr [0x59ba], 0
1F45  cmp word ptr [0x579], 0xa0
1F4B  jae 0x1f4f
1F4D  mov al, 0xff
L1F4F:
1F4F  mov byte ptr [0x1cd0], al
1F52  mov byte ptr [0x1cc0], 4
L1F57:
1F57  dec byte ptr [0x1cc0]
1F5B  jne 0x1f65
1F5D  mov byte ptr [0x1cbf], 1
1F62  jmp 0x1f75
1F64  90
L1F65:
1F65  call 0x2022
1F68  mov al, byte ptr [0x1cc0]
1F6B  mov ah, byte ptr [0x1cd0]
1F6F  call 0x2059
1F72  jmp 0x1ffb
L1F75:
1F75  mov byte ptr [0x1d58], 0
1F7A  mov ax, word ptr [0x1cc6]
1F7D  cmp byte ptr [0x57b], 0xb4
1F82  jb 0x1fab
1F84  cmp byte ptr [0x558], 0
1F89  jne 0x1fab
1F8B  call 0x2dfd
1F8E  mov bx, word ptr [8]
1F92  cmp dl, byte ptr [bx + 0x1cd9]
1F96  ja 0x1fab
1F98  cmp ax, word ptr [0x579]
1F9C  ja 0x1fa6
1F9E  mov byte ptr [0x1cd0], 1
1FA3  jmp 0x1fab
1FA5  90
L1FA6:
1FA6  mov byte ptr [0x1cd0], 0xff
L1FAB:
1FAB  cmp byte ptr [0x1cd0], 1
1FB0  jb 0x1fef
1FB2  je 0x1fe2
1FB4  sub ax, 8
1FB7  jae 0x1fef
1FB9  sub ax, ax
L1FBB:
1FBB  cmp byte ptr [0x1cb8], 0
1FC0  je 0x1fcc
1FC2  cmp word ptr [0x1cb9], 0
1FC7  jne 0x1fef
1FC9  jmp 0x1fda
1FCB  90
L1FCC:
1FCC  cmp byte ptr [0x57b], 0xb4
1FD1  jb 0x1fda
1FD3  cmp byte ptr [0x558], 0
1FD8  je 0x1fef
L1FDA:
1FDA  mov byte ptr [0x1cc1], 4
1FDF  jmp 0x1fef
1FE1  90
L1FE2:
1FE2  add ax, 8
1FE5  cmp ax, 0x11e
1FE8  jb 0x1fef
1FEA  mov ax, 0x11e
1FED  jmp 0x1fbb
L1FEF:
1FEF  mov word ptr [0x1cc6], ax
1FF2  call 0x2022
1FF5  mov word ptr [0x1cc4], 0xf04
L1FFB:
1FFB  mov cx, word ptr [0x1cc6]
1FFF  mov dl, byte ptr [0x1cc8]
2003  call 0x2cb0
2006  mov word ptr [0x1ccd], ax
2009  cmp byte ptr [0x1cc0], 3
200E  je 0x2013
2010  call 0x20e1
L2013:
2013  call 0x20f5
2016  jb 0x2021
2018  mov ax, word ptr [0x1ccd]
201B  mov word ptr [0x1cbd], ax
201E  call 0x209b
L2021:
2021  ret 

;======================================================================
proc_2022:
2022  sub bh, bh
2024  cmp byte ptr [0x1cb8], 0
2029  je 0x203b
202B  inc byte ptr [0x1ccf]
202F  mov bl, byte ptr [0x1ccf]
2033  and bl, 6
2036  or bl, 8
2039  jne 0x2051
L203B:
203B  add byte ptr [0x1ccf], 2
2040  mov bl, byte ptr [0x1ccf]
2044  and bl, 2
2047  cmp byte ptr [0x1cd0], 1
204C  jne 0x2051
204E  or bl, 4
L2051:
2051  mov ax, word ptr [bx + 0x15c8]
2055  mov word ptr [0x1cbb], ax
2058  ret 

;======================================================================
proc_2059:
2059  mov cx, 0xf04
205C  sub cl, al
205E  mov word ptr [0x1cc4], cx
2062  cmp ah, 0xff
2065  je 0x2078
2067  sub ah, ah
2069  shl al, 1
206B  add word ptr [0x1cbb], ax
206F  mov word ptr [0x1cc6], 0
2075  jmp 0x2086
2077  90
L2078:
2078  sub ah, ah
207A  shl al, 1
207C  shl al, 1
207E  shl al, 1
2080  add ax, 0x120
2083  mov word ptr [0x1cc6], ax
L2086:
2086  push ds
2087  pop es
2088  mov si, word ptr [0x1cbb]
208C  mov di, 0xe
208F  mov al, 4
2091  call 0x2d70
2094  mov word ptr [0x1cbb], 0xe
209A  ret 

;======================================================================
proc_209B:
209B  mov cx, word ptr [0x1cc4]
209F  mov word ptr [0x1cc2], cx
20A3  mov ax, 0xb800
20A6  cmp byte ptr [0x1cb8], 0
20AB  jne 0x20be
20AD  mov es, ax
20AF  mov di, word ptr [0x1cbd]
20B3  mov si, word ptr [0x1cbb]
20B7  mov bp, 0x1c40
20BA  call 0x2ccc
20BD  ret 
L20BE:
20BE  push ds
20BF  mov ds, ax
20C1  pop es
20C2  push es
20C3  push ds
20C4  mov si, word ptr es:[0x1cbd]
20C9  mov di, 0x1c40
20CC  call 0x2dca
20CF  pop es
20D0  pop ds
20D1  mov si, word ptr [0x1cbb]
20D5  mov di, word ptr [0x1cbd]
20D9  mov cx, word ptr [0x1cc4]
20DD  call 0x2d9d
20E0  ret 

;======================================================================
proc_20E1:
20E1  mov ax, 0xb800
20E4  mov es, ax
20E6  mov di, word ptr [0x1cbd]
20EA  mov si, 0x1c40
20ED  mov cx, word ptr [0x1cc2]
20F1  call 0x2d9d
20F4  ret 

;======================================================================
proc_20F5:
20F5  cmp byte ptr [0x1cb8], 0
20FA  jne 0x2134
20FC  mov al, byte ptr [0x1cbf]
20FF  or al, byte ptr [0x1cc0]
2103  or al, byte ptr [0x1cc1]
2107  je 0x2134
2109  cmp byte ptr [0x57b], 0xa3
210E  jb 0x2134
2110  cmp byte ptr [0x558], 0
2115  jne 0x2134
2117  mov ax, word ptr [0x1cc6]
211A  add ax, 0x20
211D  cmp ax, word ptr [0x579]
2121  jb 0x2134
2123  sub ax, 0x38
2126  jae 0x212a
2128  sub ax, ax
L212A:
212A  cmp ax, word ptr [0x579]
212E  ja 0x2134
2130  call 0x2136
2133  ret 
L2134:
2134  clc 
2135  ret 

;======================================================================
proc_2136:
2136  cmp word ptr [4], 6
213B  jne 0x2149
213D  mov al, byte ptr [0x57b]
2140  mov byte ptr [0x1cc8], al
2143  mov ax, word ptr [0x579]
2146  mov word ptr [0x1cc6], ax
L2149:
2149  mov ax, word ptr [0x1cc6]
214C  add ax, word ptr [0x579]
2150  shr ax, 1
2152  cmp ax, 0x118
2155  jb 0x215a
2157  mov ax, 0x117
L215A:
215A  mov word ptr [0x1cc6], ax
215D  mov bl, 1
215F  cmp ax, 0xa0
2162  ja 0x216e
2164  mov bl, 0xff
2166  mov dx, 0xa1
2169  sub dx, ax
216B  jmp 0x2173
216D  90
L216E:
216E  sub ax, 0x9f
2171  mov dx, ax
L2173:
2173  mov byte ptr [0x1cb8], bl
2177  mov byte ptr [0x1cbf], 1
217C  mov byte ptr [0x1cc1], 0
2181  mov cl, 3
2183  shr dx, cl
2185  mov word ptr [0x1cb9], dx
2189  cmp word ptr [4], 6
218E  jne 0x21bd
2190  call 0x11e3
2193  mov al, byte ptr [0x1cb8]
2196  push ax
2197  mov byte ptr [0x1cb8], 0
219C  mov word ptr [0x1cc4], 0xf04
21A2  mov ax, word ptr [0x15c8]
21A5  mov word ptr [0x1cbb], ax
21A8  mov cx, word ptr [0x1cc6]
21AC  mov dl, byte ptr [0x1cc8]
21B0  call 0x2cb0
21B3  mov word ptr [0x1cbd], ax
21B6  call 0x209b
21B9  pop ax
21BA  mov byte ptr [0x1cb8], al
L21BD:
21BD  call 0x20e1
21C0  call 0x11e3
21C3  mov ax, 0
21C6  cmp word ptr [0x579], 0xa0
21CC  jae 0x21d1
21CE  mov ax, 0x122
L21D1:
21D1  mov word ptr [0x579], ax
21D4  cmp word ptr [4], 0
21D9  jne 0x21de
21DB  call 0x70d
L21DE:
21DE  stc 
21DF  ret 

;======================================================================
proc_21E0:
21E0  mov al, byte ptr [0x1cbf]
21E3  or al, byte ptr [0x1cc0]
21E7  or al, byte ptr [0x1cc1]
21EB  je 0x2209
21ED  mov ax, word ptr [0x327d]
21F0  mov dl, byte ptr [0x327f]
21F4  mov si, 0x10
21F7  mov bx, word ptr [0x1cc6]
21FB  mov dh, byte ptr [0x1cc8]
21FF  mov di, 0x20
2202  mov cx, 0xf1e
2205  call 0x2e29
2208  ret 
L2209:
2209  clc 
220A  ret 
220B  00 00 00 00 00

;======================================================================
proc_2210:
2210  mov byte ptr [0x1d59], 0
2215  ret 

;======================================================================
proc_2216:
2216  sub ah, ah
2218  int 0x1a
221A  cmp dx, word ptr [0x1d5a]
221E  jne 0x2221
L2220:
2220  ret 
L2221:
2221  mov cx, dx
2223  call 0x13d8
2226  je 0x2220
2228  mov word ptr [0x1d5a], cx
222C  call 0x22f7
222F  jb 0x2220
2231  cmp byte ptr [0x1d59], 0
2236  jne 0x226d
2238  cmp byte ptr [0x57b], 0x86
223D  je 0x224e
223F  cmp byte ptr [0x57b], 0x8e
2244  je 0x224e
2246  call 0x2dfd
2249  cmp dl, 5
224C  ja 0x2220
L224E:
224E  call 0x15d0
2251  add dl, 3
2254  mov byte ptr [0x1d5e], dl
2258  call 0x2dfd
225B  and dx, 7
225F  add cx, dx
2261  add cx, 6
2264  mov word ptr [0x1d5c], cx
2268  mov byte ptr [0x1d59], 0x1b
L226D:
226D  dec byte ptr [0x1d59]
2271  mov cx, word ptr [0x1d5c]
2275  mov dl, byte ptr [0x1d5e]
2279  cmp byte ptr [0x1d59], 0xd
227E  jbe 0x2291
2280  add dl, byte ptr [0x1d59]
2284  sub dl, 0xf
2287  mov bx, 0x1b02
228A  sub bh, byte ptr [0x1d59]
228E  jmp 0x229f
2290  90
L2291:
2291  add dl, 0xc
2294  sub dl, byte ptr [0x1d59]
2298  mov bx, 2
229B  add bh, byte ptr [0x1d59]
L229F:
229F  mov word ptr [0x1d64], bx
22A3  mov byte ptr [0x1d5f], dl
22A7  call 0x2cb0
22AA  mov word ptr [0x1d62], ax
22AD  call 0x22dc
22B0  call 0x22f7
22B3  jb 0x22bc
22B5  cmp byte ptr [0x1d59], 0
22BA  jne 0x22bd
L22BC:
22BC  ret 
L22BD:
22BD  mov ax, 0xb800
22C0  mov es, ax
22C2  mov di, word ptr [0x1d62]
22C6  mov si, 0x1cf0
22C9  mov word ptr [0x1d60], di
22CD  mov cx, word ptr [0x1d64]
22D1  mov word ptr [0x1d66], cx
22D5  mov bp, 0x1d24
22D8  call 0x2ccc
22DB  ret 

;======================================================================
proc_22DC:
22DC  cmp byte ptr [0x1d59], 0x1a
22E1  je 0x22f6
22E3  mov ax, 0xb800
22E6  mov es, ax
22E8  mov di, word ptr [0x1d60]
22EC  mov si, 0x1d24
22EF  mov cx, word ptr [0x1d66]
22F3  call 0x2d9d
L22F6:
22F6  ret 

;======================================================================
proc_22F7:
22F7  cmp byte ptr [0x1d59], 0
22FC  jne 0x2300
22FE  clc 
22FF  ret 
L2300:
2300  mov cx, word ptr [0x1d64]
2304  xchg cl, ch
2306  mov ax, word ptr [0x1d5c]
2309  mov dl, byte ptr [0x1d5f]
230D  mov si, 0x10
2310  mov bx, word ptr [0x579]
2314  mov dh, byte ptr [0x57b]
2318  mov di, 0x18
231B  mov ch, 0xe
231D  call 0x2e29
2320  jae 0x2327
2322  mov byte ptr [0x1d58], 1
L2327:
2327  ret 
2328  00 00 00 00 00 00 00 00

;======================================================================
proc_2330:
2330  mov word ptr [0x1f6c], 0
2336  sub ax, ax
2338  mov dl, 1
233A  cmp word ptr [0x579], 0xa0
2340  ja 0x2347
2342  mov ax, 0x12c
2345  mov dl, 0xff
L2347:
2347  mov word ptr [0x1f30], ax
234A  mov word ptr [0x1f32], ax
234D  mov word ptr [0x1f34], ax
2350  mov byte ptr [0x1f3c], dl
2354  mov byte ptr [0x1f3d], dl
2358  mov byte ptr [0x1f3e], dl
235C  mov byte ptr [0x1f48], 1
2361  mov byte ptr [0x1f49], 1
2366  mov byte ptr [0x1f4a], 1
236B  mov byte ptr [0x1f50], 0
2370  mov byte ptr [0x1f51], 0
2375  mov byte ptr [0x1f52], 0
237A  ret 

;======================================================================
proc_237B:
237B  sub ah, ah
237D  int 0x1a
237F  cmp dx, word ptr [0x1f65]
2383  jne 0x2386
L2385:
2385  ret 
L2386:
2386  mov word ptr [0x1f65], dx
238A  cmp byte ptr [0x55a], 0
238F  jne 0x2385
2391  mov bx, word ptr [0x1f6c]
2395  inc bx
2396  cmp bx, 3
2399  jb 0x239e
239B  mov bx, 0
L239E:
239E  mov word ptr [0x1f6c], bx
23A2  call 0x265e
23A5  jb 0x2385
23A7  call 0x2567
23AA  jb 0x2385
23AC  mov bx, word ptr [0x1f6c]
23B0  cmp byte ptr [bx + 0x1f50], 0
23B5  je 0x23eb
23B7  sub ah, ah
23B9  int 0x1a
23BB  mov bx, word ptr [0x1f6c]
23BF  shl bl, 1
23C1  sub dx, word ptr [bx + 0x1f53]
23C5  cmp dx, 0x36
23C8  jb 0x2385
23CA  mov dl, 1
23CC  mov ax, 0
23CF  cmp word ptr [0x579], 0xa0
23D5  ja 0x23dc
23D7  mov ax, 0x12c
23DA  mov dl, 0xff
L23DC:
23DC  mov word ptr [bx + 0x1f30], ax
23E0  shr bl, 1
23E2  mov byte ptr [bx + 0x1f50], 0
23E7  mov byte ptr [bx + 0x1f3c], dl
L23EB:
23EB  mov dl, byte ptr [bx + 0x1f3c]
23EF  mov byte ptr [bx + 0x1f3f], dl
23F3  cmp byte ptr [0x1664], 0
23F8  je 0x2403
23FA  mov word ptr [0x1f69], 0xc
2400  jmp 0x2418
2402  90
L2403:
2403  mov ax, 8
2406  cmp byte ptr [0x57b], 0x60
240B  jbe 0x240f
240D  shr al, 1
L240F:
240F  mov word ptr [0x1f69], ax
2412  cmp bx, word ptr [0x52f]
2416  jne 0x2425
L2418:
2418  cmp byte ptr [bx + 0x1f3c], 0
241D  jne 0x2425
241F  call 0x2dfd
2422  jmp 0x248a
2424  90
L2425:
2425  cmp byte ptr [0x55c], 0
242A  je 0x2466
242C  mov al, byte ptr [bx + 0x1f36]
2430  cmp al, byte ptr [0x57b]
2434  ja 0x2466
2436  add al, 0x10
2438  cmp al, byte ptr [0x57b]
243C  jb 0x2466
243E  call 0x2dfd
2441  mov si, word ptr [8]
2445  cmp dl, byte ptr [si + 0x1f6e]
2449  ja 0x2466
244B  mov word ptr [0x1f69], 0xc
2451  mov al, 1
2453  shl bl, 1
2455  mov cx, word ptr [bx + 0x1f30]
2459  shr bl, 1
245B  cmp cx, word ptr [0x579]
245F  jb 0x2463
2461  mov al, 0xff
L2463:
2463  jmp 0x2492
2465  90
L2466:
2466  mov cl, 0x18
2468  cmp byte ptr [0x57b], 0x60
246D  jbe 0x247a
246F  mov cl, 0x28
2471  cmp byte ptr [bx + 0x1f3c], 0
2476  jne 0x247a
2478  mov cl, 0x10
L247A:
247A  call 0x2dfd
247D  cmp dl, cl
247F  ja 0x2496
2481  mov al, 0
2483  cmp byte ptr [bx + 0x1f3c], 0
2488  jne 0x2492
L248A:
248A  mov al, dl
248C  and al, 1
248E  jne 0x2492
2490  mov al, 0xff
L2492:
2492  mov byte ptr [bx + 0x1f3c], al
L2496:
2496  mov dl, byte ptr [bx + 0x1f3c]
249A  shl bl, 1
249C  mov ax, word ptr [bx + 0x1f30]
24A0  cmp dl, 1
24A3  jb 0x24c2
24A5  jne 0x24b8
24A7  add ax, word ptr [0x1f69]
24AB  cmp ax, 0x12f
24AE  jb 0x24c2
24B0  mov ax, 0x12e
24B3  mov dl, 0xff
24B5  jmp 0x24c2
24B7  90
L24B8:
24B8  sub ax, word ptr [0x1f69]
24BC  jae 0x24c2
24BE  sub ax, ax
24C0  mov dl, 1
L24C2:
24C2  mov word ptr [bx + 0x1f30], ax
24C6  shr bl, 1
24C8  mov byte ptr [bx + 0x1f3c], dl
24CC  mov dl, byte ptr [bx + 0x1f36]
24D0  mov cx, ax
24D2  call 0x2cb0
24D5  mov word ptr [0x1f4b], ax
24D8  mov bx, word ptr [0x1f6c]
24DC  cmp byte ptr [bx + 0x1f48], 0
24E1  jne 0x24f0
24E3  mov al, byte ptr [bx + 0x1f3c]
24E7  or al, byte ptr [bx + 0x1f3f]
24EB  je 0x24f0
24ED  call 0x254d
L24F0:
24F0  call 0x265e
24F3  jb 0x24fa
24F5  call 0x2567
24F8  jae 0x24fb
L24FA:
24FA  ret 
L24FB:
24FB  mov bx, word ptr [0x1f6c]
24FF  mov byte ptr [bx + 0x1f48], 0
2504  cmp byte ptr [bx + 0x1f3c], 0
2509  jne 0x2518
250B  cmp byte ptr [bx + 0x1f3f], 0
2510  je 0x254c
2512  mov si, 0x1e30
2515  jmp 0x2533
2517  90
L2518:
2518  mov si, 0x1e50
251B  inc byte ptr [bx + 0x1f4d]
251F  test byte ptr [bx + 0x1f4d], 1
2524  jne 0x2529
2526  add si, 0x20
L2529:
2529  cmp byte ptr [bx + 0x1f3c], 1
252E  je 0x2533
2530  add si, 0x40
L2533:
2533  shl bl, 1
2535  mov di, word ptr [0x1f4b]
2539  mov word ptr [bx + 0x1f42], di
253D  mov ax, 0xb800
2540  mov es, ax
2542  mov bp, word ptr [bx + 0x1f59]
2546  mov cx, 0x802
2549  call 0x2d35
L254C:
254C  ret 

;======================================================================
proc_254D:
254D  mov bx, word ptr [0x1f6c]
2551  shl bl, 1
2553  mov ax, 0xb800
2556  mov es, ax
2558  mov di, word ptr [bx + 0x1f42]
255C  mov si, word ptr [bx + 0x1f59]
2560  mov cx, 0x802
2563  call 0x2d9d
2566  ret 

;======================================================================
proc_2567:
2567  mov bx, word ptr [0x1f6c]
256B  mov dl, byte ptr [bx + 0x1f36]
256F  shl bl, 1
2571  mov ax, word ptr [bx + 0x1f30]
2575  mov si, 0x10
2578  mov bx, word ptr [0x579]
257C  mov dh, byte ptr [0x57b]
2580  mov di, 0x18
2583  mov cx, 0xe08
2586  call 0x2e29
2589  jb 0x258e
258B  jmp 0x265d
L258E:
258E  mov bx, word ptr [0x1f6c]
2592  cmp byte ptr [bx + 0x1f50], 0
2597  jne 0x260c
2599  cmp byte ptr [0x57c], 0x26
259E  jb 0x260c
25A0  cmp byte ptr [0x55c], 0
25A5  je 0x260e
25A7  mov byte ptr [0x55c], 0
25AC  mov byte ptr [0x55b], 0x11
25B1  mov byte ptr [0x571], 1
25B6  mov byte ptr [0x56e], 0
25BB  mov bx, word ptr [0x1f6c]
25BF  shl bl, 1
25C1  mov di, word ptr [bx + 0x1f42]
25C5  cmp word ptr [bx + 0x1f30], 0x10
25CA  jb 0x25cf
25CC  sub di, 4
L25CF:
25CF  mov word ptr [0x1f67], di
25D3  mov ax, 0xb800
25D6  mov es, ax
25D8  mov si, 0x1d70
25DB  mov bp, 0xe
25DE  mov cx, 0x806
25E1  call 0x2ccc
25E4  sub ah, ah
25E6  int 0x1a
25E8  mov word ptr [0x1f65], dx
L25EC:
25EC  call 0x5a90
25EF  sub ah, ah
25F1  int 0x1a
25F3  sub dx, word ptr [0x1f65]
25F7  cmp dx, 8
25FA  jb 0x25ec
25FC  call 0x5b21
25FF  mov di, word ptr [0x1f67]
2603  mov si, 0xe
2606  mov cx, 0x806
2609  call 0x2d9d
L260C:
260C  stc 
260D  ret 
L260E:
260E  sub ah, ah
2610  int 0x1a
2612  mov bx, word ptr [0x1f6c]
2616  mov byte ptr [bx + 0x1f50], 1
261B  mov byte ptr [bx + 0x1f3c], 1
2620  shl bl, 1
2622  mov word ptr [bx + 0x1f53], dx
2626  call 0x11e3
2629  mov bx, word ptr [0x1f6c]
262D  shl bl, 1
262F  mov si, word ptr [bx + 0x1f5f]
2633  mov di, word ptr [bx + 0x1f42]
2637  mov ax, 0xb800
263A  mov es, ax
263C  mov bp, 0xe
263F  mov cx, 0x802
2642  call 0x2ccc
2645  call 0x1124
2648  mov bx, word ptr [0x1f6c]
264C  mov al, byte ptr [bx + 0x1f39]
2650  call 0x2706
2653  mov ax, 0x3e8
2656  mov bx, 0x2ee
2659  call 0x593b
265C  stc 
L265D:
265D  ret 

;======================================================================
proc_265E:
265E  cmp byte ptr [0x1673], 0
2663  jne 0x2667
2665  clc 
2666  ret 
L2667:
2667  mov bx, word ptr [0x1f6c]
266B  mov dl, byte ptr [bx + 0x1f36]
266F  shl bl, 1
2671  mov ax, word ptr [bx + 0x1f30]
2675  mov si, 0x10
2678  mov di, si
267A  mov bx, word ptr [0x1671]
267E  mov dh, byte ptr [0x1673]
2682  mov cx, 0xc08
2685  call 0x2e29
2688  ret 
2689  00 00 00 00 00 00 00

;======================================================================
proc_2690:
2690  push ds
2691  pop es
2692  mov cx, 7
2695  mov si, 0x1f82
L2698:
2698  lodsb al, byte ptr [si]
2699  mov bx, 7
269C  sub bx, cx
269E  cmp al, byte ptr [bx + 0x1f89]
26A2  loope 0x2698
26A4  ja 0x26a7
26A6  ret 
L26A7:
26A7  mov si, 0x1f82
26AA  mov di, 0x1f89
26AD  mov cx, 7
26B0  rep movsb byte ptr es:[di], byte ptr [si]
26B2  ret 

;======================================================================
proc_26B3:
26B3  mov al, byte ptr [0x1f80]
26B6  cmp al, byte ptr [0x1f81]
26BA  jne 0x26bd
26BC  ret 
L26BD:
26BD  mov byte ptr [0x1f81], al
26C0  sub ah, ah
26C2  mov cl, 4
26C4  shl ax, cl
26C6  add ax, 0x2720
26C9  mov si, ax
26CB  mov ax, 0xb800
26CE  mov es, ax
26D0  mov di, 0x1260
26D3  mov cx, 0x801
26D6  call 0x2d9d
26D9  ret 

;======================================================================
proc_26DA:
26DA  mov di, 0x1f82
26DD  call 0x26e8
26E0  ret 

;======================================================================
proc_26E1:
26E1  mov di, 0x1f89
26E4  call 0x26e8
26E7  ret 

;======================================================================
proc_26E8:
26E8  push ds
26E9  pop es
26EA  mov cx, 7
26ED  sub al, al
26EF  rep stosb byte ptr es:[di], al
26F1  ret 

;======================================================================
proc_26F2:
26F2  mov bx, 0x1f89
26F5  mov di, 0x12ca
26F8  call 0x2739
26FB  ret 

;======================================================================
proc_26FC:
26FC  mov bx, 0x1f82
26FF  mov di, 0x143c
2702  call 0x2739
2705  ret 

;======================================================================
proc_2706:
2706  mov cx, 6
L2709:
2709  mov bx, cx
270B  mov ah, 0
270D  add al, byte ptr [bx + 0x1f81]
2711  aaa 
2712  mov byte ptr [bx + 0x1f81], al
2716  mov al, ah
2718  loop 0x2709
271A  call 0x26fc
271D  ret 

;======================================================================
proc_271E:
271E  push cx
271F  push ax
2720  push bx
2721  clc 
2722  pushf 
2723  mov cx, 7
L2726:
2726  popf 
2727  mov bx, cx
2729  dec bx
272A  mov al, byte ptr [bx + di]
272C  adc al, byte ptr [bx + si]
272E  aaa 
272F  mov byte ptr [bx + di], al
2731  pushf 
2732  loop 0x2726
2734  popf 
2735  pop bx
2736  pop ax
2737  pop cx
2738  ret 

;======================================================================
proc_2739:
2739  mov ax, 0xb800
273C  mov es, ax
273E  mov word ptr [0x1f90], di
2742  mov word ptr [0x1f93], bx
2746  mov byte ptr [0x1f92], 0
L274B:
274B  mov bx, word ptr [0x1f93]
274F  mov al, byte ptr [bx]
2751  sub ah, ah
2753  mov cl, 4
2755  shl ax, cl
2757  add ax, 0x2720
275A  mov si, ax
275C  mov di, word ptr [0x1f90]
2760  mov cx, 0x801
2763  call 0x2d9d
2766  add word ptr [0x1f90], 2
276B  inc word ptr [0x1f93]
276F  inc byte ptr [0x1f92]
2773  cmp byte ptr [0x1f92], 7
2778  je 0x2788
277A  cmp byte ptr [0x1f92], 3
277F  jne 0x274b
2781  add word ptr [0x1f90], 2
2786  jmp 0x274b
L2788:
2788  ret 
2789  00 00 00 00 00 00 00

;======================================================================
proc_2790:
2790  mov ax, 0xb800
2793  mov es, ax
2795  cmp word ptr [4], 2
279A  jne 0x27ee
279C  cld 
279D  sub di, di
279F  mov ax, 0xaaaa
27A2  mov cx, 0x50
27A5  rep stosw word ptr es:[di], ax
27A7  mov di, 0x2000
27AA  mov cx, 0x50
27AD  rep stosw word ptr es:[di], ax
27AF  mov word ptr [0x2654], 0
L27B5:
27B5  call 0x2dfd
27B8  and dx, 0x18
27BC  cmp dl, byte ptr [0x2653]
27C0  je 0x27b5
27C2  mov byte ptr [0x2653], dl
27C6  mov bx, word ptr [0x2654]
27CA  mov byte ptr [bx + 0x2656], dl
27CE  add dx, 0x2020
27D2  mov si, dx
27D4  mov di, bx
27D6  shl di, 1
27D8  add di, 0xa0
27DC  mov cx, 0x401
27DF  call 0x2d9d
27E2  inc word ptr [0x2654]
27E6  cmp word ptr [0x2654], 0x28
27EB  jb 0x27b5
27ED  ret 
L27EE:
27EE  cmp word ptr [4], 7
27F3  jne 0x27f9
27F5  call 0x300f
27F8  ret 
L27F9:
27F9  cmp word ptr [4], 6
27FE  jne 0x283e
2800  sub ax, ax
2802  call 0x29a0
2805  mov bx, 0x2570
2808  mov ax, 0x64a
280B  call 0x2b24
280E  mov word ptr [0x2650], 0x48
2814  mov byte ptr [0x2652], 0x38
2819  mov ax, 0xdd2
281C  call 0x2958
281F  mov ax, 0xdf6
2822  call 0x2970
2825  mov si, 0x1fa0
2828  mov di, 0x67e
282B  mov cx, 0x1002
282E  call 0x2d9d
2831  mov bx, 0x2344
2834  mov ax, 0xb84
2837  call 0x2b24
283A  call 0x4b47
283D  ret 
L283E:
283E  cmp word ptr [4], 5
2843  jne 0x288d
2845  mov ax, 0x640
2848  call 0x29a0
284B  mov bx, 0x2570
284E  mov ax, 0xcb6
2851  call 0x2b24
2854  mov word ptr [0x2650], 0xf8
285A  mov byte ptr [0x2652], 0x60
285F  mov ax, 0x140e
2862  call 0x2958
2865  mov ax, 0x1434
2868  call 0x2970
286B  mov ax, 0x143e
286E  call 0x2970
2871  mov ax, 0x16a0
2874  call 0x2988
2877  mov bx, 0x2344
287A  mov ax, 0x1184
287D  call 0x2b24
2880  mov si, 0x1fe0
2883  mov di, 0xdd6
2886  mov cx, 0x1002
2889  call 0x2d9d
288C  ret 
L288D:
288D  cmp word ptr [4], 4
2892  jne 0x28be
2894  mov ax, 0x640
2897  call 0x29a0
289A  mov bx, 0x2570
289D  mov ax, 0xcba
28A0  call 0x2b24
28A3  mov word ptr [0x2650], 0x108
28A9  mov byte ptr [0x2652], 0x60
28AE  mov ax, 0x1439
28B1  call 0x2958
28B4  mov ax, 0x16c0
28B7  call 0x2945
28BA  call 0x3f9e
28BD  ret 
L28BE:
28BE  cmp word ptr [4], 3
28C3  jne 0x2909
28C5  mov ax, 0x640
28C8  call 0x29a0
28CB  mov bx, 0x2570
28CE  mov ax, 0xc90
28D1  call 0x2b24
28D4  mov word ptr [0x2650], 0x60
28DA  mov byte ptr [0x2652], 0x60
28DF  mov ax, 0x140c
28E2  call 0x2958
28E5  mov ax, 0x1418
28E8  call 0x2970
28EB  mov bx, 0x2344
28EE  mov ax, 0x1184
28F1  call 0x2b24
28F4  mov bx, 0x2344
28F7  mov ax, 0x11a2
28FA  call 0x2b24
28FD  mov bx, 0x2624
2900  sub ax, ax
2902  call 0x2b24
2905  call 0x3bdb
2908  ret 
L2909:
2909  mov ax, 0x640
290C  call 0x29a0
290F  mov bx, 0x2570
2912  mov ax, 0xca0
2915  call 0x2b24
2918  mov word ptr [0x2650], 0xa0
291E  mov byte ptr [0x2652], 0x60
2923  mov ax, 0x1406
2926  call 0x2958
2929  mov bx, 0x2344
292C  mov ax, 0x11c4
292F  call 0x2b24
2932  mov ax, 0x1422
2935  call 0x2970
2938  mov ax, 0x1690
293B  call 0x2988
293E  mov ax, 0x16b6
2941  call 0x2945
2944  ret 

;======================================================================
proc_2945:
2945  mov word ptr [0x2634], ax
2948  mov bx, 0x2384
294B  call 0x2b24
294E  mov ax, word ptr [0x2634]
2951  mov bx, 0x238c
2954  call 0x2b24
2957  ret 

;======================================================================
proc_2958:
2958  mov word ptr [0x2634], ax
295B  mov si, 8
L295E:
295E  mov ax, word ptr [0x2634]
2961  mov bx, word ptr [si + 0x2634]
2965  push si
2966  call 0x2b24
2969  pop si
296A  sub si, 2
296D  jne 0x295e
296F  ret 

;======================================================================
proc_2970:
2970  mov word ptr [0x2634], ax
2973  mov si, 0xa
L2976:
2976  mov ax, word ptr [0x2634]
2979  mov bx, word ptr [si + 0x263c]
297D  push si
297E  call 0x2b24
2981  pop si
2982  sub si, 2
2985  jne 0x2976
2987  ret 

;======================================================================
proc_2988:
2988  mov word ptr [0x2634], ax
298B  mov si, 8
L298E:
298E  mov ax, word ptr [0x2634]
2991  mov bx, word ptr [si + 0x2646]
2995  push si
2996  call 0x2b24
2999  pop si
299A  sub si, 2
299D  jne 0x298e
299F  ret 

;======================================================================
proc_29A0:
29A0  mov word ptr [0x267e], ax
29A3  mov bx, 0x251c
29A6  call 0x2b24
29A9  sub ax, ax
29AB  cld 
29AC  mov di, word ptr [0x267e]
29B0  add di, 0x284
29B4  mov cx, 0x24
29B7  rep stosw word ptr es:[di], ax
29B9  mov di, word ptr [0x267e]
29BD  add di, 0x1184
29C1  mov cx, 0x24
29C4  rep stosw word ptr es:[di], ax
29C6  mov di, word ptr [0x267e]
29CA  add di, 0x2284
29CE  mov al, 0x2a
29D0  call 0x29e1
29D3  mov di, word ptr [0x267e]
29D7  add di, 0x22cb
29DB  mov al, 0xa8
29DD  call 0x29e1
29E0  ret 

;======================================================================
proc_29E1:
29E1  mov cx, 0x5f
L29E4:
29E4  mov byte ptr es:[di], al
29E7  xor di, 0x2000
29EB  test di, 0x2000
29EF  jne 0x29f4
29F1  add di, 0x50
L29F4:
29F4  loop 0x29e4
29F6  ret 
29F7  00 00 00 00 00 00 00 00 00

;======================================================================
proc_2A00:
2A00  mov ax, 0xb800
2A03  mov es, ax
2A05  cld 
2A06  sub di, di
2A08  mov ax, 0xaaaa
2A0B  mov cx, 0xfa0
2A0E  rep stosw word ptr es:[di], ax
2A10  mov di, 0x2000
2A13  mov cx, 0xfa0
2A16  rep stosw word ptr es:[di], ax
2A18  call 0x2b9e
2A1B  mov bx, 0x28a0
2A1E  sub ax, ax
2A20  call 0x2b24
2A23  call 0x2a68
2A26  call 0x2c84
2A29  call 0x2b8b
2A2C  call 0x2a80
2A2F  ret 

;======================================================================
proc_2A30:
2A30  mov ax, 0xb800
2A33  mov es, ax
2A35  cld 
2A36  sub di, di
2A38  mov ax, 0xaaaa
2A3B  mov cx, 0xfa0
2A3E  rep stosw word ptr es:[di], ax
2A40  mov di, 0x2000
2A43  mov cx, 0xfa0
2A46  rep stosw word ptr es:[di], ax
2A48  call 0x2b9e
2A4B  mov bx, 0x28a0
2A4E  sub ax, ax
2A50  call 0x2b24
2A53  call 0x2a68
2A56  mov ax, word ptr [8]
2A59  push ax
2A5A  mov word ptr [8], 1
2A60  call 0x2c84
2A63  pop ax
2A64  mov word ptr [8], ax
2A67  ret 

;======================================================================
proc_2A68:
2A68  mov bx, word ptr [0x6df8]
2A6C  and bx, 3
2A70  shl bl, 1
2A72  mov si, word ptr [bx + 0x2ad1]
2A76  mov di, 0x1902
2A79  mov cx, 0x801
2A7C  call 0x2d9d
2A7F  ret 

;======================================================================
proc_2A80:
2A80  mov bx, 0xf
L2A83:
2A83  mov byte ptr [bx + 0x1015], 0
2A88  dec bx
2A89  jne 0x2a83
2A8B  mov di, 0x140
2A8E  mov bh, 0x80
2A90  mov word ptr [0x2aca], 0
2A96  call 0x2ac6
2A99  mov di, 0x640
2A9C  mov bh, 0x30
2A9E  mov word ptr [0x2aca], 5
2AA4  call 0x2ac6
2AA7  mov di, 0xb40
2AAA  mov bh, 0
2AAC  mov word ptr [0x2aca], 0xa
2AB2  call 0x2ac6
2AB5  mov byte ptr [0x525], 0x10
2ABA  mov word ptr [0x52f], 0
2AC0  mov byte ptr [0x531], 1
2AC5  ret 

;======================================================================
proc_2AC6:
2AC6  mov byte ptr [0x2ac9], bh
2ACA  mov byte ptr [0x2ac4], 0
L2ACF:
2ACF  push di
2AD0  push es
2AD1  mov bx, word ptr [8]
2AD5  mov bl, byte ptr [bx + 0x2aba]
2AD9  mov bh, byte ptr [0x2ac9]
2ADD  mov ax, 0x10
2AE0  mov es, ax
2AE2  mov di, 0x4d7
2AE5  call 0x67d
2AE8  pop es
2AE9  pop di
2AEA  push di
2AEB  mov si, 0x4d7
2AEE  mov cx, 0x1002
2AF1  call 0x2d9d
2AF4  sub bh, bh
2AF6  mov bl, byte ptr [0x2ac4]
2AFA  mov cl, bl
2AFC  shr bl, 1
2AFE  shr bl, 1
2B00  not cl
2B02  and cl, 3
2B05  shl cl, 1
2B07  mov al, byte ptr [0x540]
2B0A  shl al, cl
2B0C  mov si, word ptr [0x2aca]
2B10  or byte ptr [bx + si + 0x1016], al
2B14  pop di
2B15  add di, 4
2B18  inc byte ptr [0x2ac4]
2B1C  cmp byte ptr [0x2ac4], 0x14
2B21  jb 0x2acf
2B23  ret 

;======================================================================
proc_2B24:
2B24  mov cx, word ptr [bx]
2B26  mov word ptr [0x2ac7], cx
2B2A  mov word ptr [0x2acc], ax
2B2D  add bx, 2
L2B30:
2B30  mov si, word ptr [bx]
2B32  cmp si, 0xffff
2B36  jne 0x2b39
2B38  ret 
L2B39:
2B39  mov di, word ptr [bx + 2]
2B3C  add di, word ptr [0x2acc]
2B40  cld 
2B41  mov byte ptr [0x2ad0], ch
2B45  sub ch, ch
2B47  mov word ptr [0x2ace], cx
L2B4B:
2B4B  mov cx, word ptr [0x2ace]
2B4F  rep movsb byte ptr es:[di], byte ptr [si]
2B51  sub di, word ptr [0x2ace]
2B55  xor di, 0x2000
2B59  test di, 0x2000
2B5D  jne 0x2b62
2B5F  add di, 0x50
L2B62:
2B62  dec byte ptr [0x2ad0]
2B66  jne 0x2b4b
2B68  add bx, 4
2B6B  mov cx, word ptr [0x2ac7]
2B6F  jmp 0x2b30

;======================================================================
proc_2B71:
2B71  mov byte ptr [0x2ac4], 4
L2B76:
2B76  mov si, 0x2680
2B79  mov cx, 0x1005
2B7C  push di
2B7D  call 0x2d9d
2B80  pop di
2B81  add di, 0x14
2B84  dec byte ptr [0x2ac4]
2B88  jne 0x2b76
2B8A  ret 

;======================================================================
proc_2B8B:
2B8B  mov di, 0x3c5
2B8E  call 0x2b71
2B91  mov di, 0x8c5
2B94  call 0x2b71
2B97  mov di, 0xdc5
2B9A  call 0x2b71
2B9D  ret 

;======================================================================
proc_2B9E:
2B9E  mov word ptr [0x2ac2], 0x103e
L2BA4:
2BA4  add word ptr [0x2ac2], 2
2BA9  mov di, word ptr [0x2ac2]
2BAD  cmp di, 0x1090
2BB1  jae 0x2bd2
L2BB3:
2BB3  call 0x2dfd
2BB6  and dx, 0x30
2BBA  cmp dl, byte ptr [0x2ac4]
2BBE  je 0x2bb3
2BC0  mov byte ptr [0x2ac4], dl
2BC4  add dx, 0x2904
2BC8  mov si, dx
2BCA  mov cx, 0x801
2BCD  call 0x2d9d
2BD0  jmp 0x2ba4
L2BD2:
2BD2  mov di, 0x1180
2BD5  mov ax, 0x5655
2BD8  mov cx, 0x500
2BDB  cld 
2BDC  rep stosw word ptr es:[di], ax
2BDE  mov di, 0x3180
2BE1  mov cx, 0x500
2BE4  rep stosw word ptr es:[di], ax
2BE6  mov word ptr [0x2ac2], 0x2944
L2BEC:
2BEC  mov byte ptr [0x2ac4], 9
L2BF1:
2BF1  call 0x2dfd
2BF4  and dx, 0x776
2BF8  add dx, 0x12c0
2BFC  mov di, dx
2BFE  mov si, word ptr [0x2ac2]
2C02  mov cx, 0x501
2C05  call 0x2d9d
2C08  dec byte ptr [0x2ac4]
2C0C  jne 0x2bf1
2C0E  add word ptr [0x2ac2], 0xa
2C13  cmp word ptr [0x2ac2], 0x296c
2C19  jb 0x2bec
2C1B  mov byte ptr [0x2ac4], 5
L2C20:
2C20  call 0x2dfd
2C23  and dx, 0x3e
2C27  add dx, 0x3a98
2C2B  mov di, dx
2C2D  mov si, 0x296c
2C30  mov cx, 0x501
2C33  call 0x2d9d
2C36  dec byte ptr [0x2ac4]
2C3A  jne 0x2c20
2C3C  ret 

;======================================================================
proc_2C3D:
2C3D  mov word ptr [0x2ac2], di
2C41  mov al, 3
2C43  cmp di, 0x1720
2C47  jb 0x2c4b
2C49  dec al
L2C4B:
2C4B  mov byte ptr [0x2ac4], al
2C4E  add word ptr [0x2ac2], 0x1e0
2C54  mov si, 0x2976
2C57  mov cx, 0xc05
2C5A  call 0x2d9d
L2C5D:
2C5D  mov di, word ptr [0x2ac2]
2C61  add word ptr [0x2ac2], 0x140
2C67  mov si, 0x29ee
2C6A  mov cx, 0x804
2C6D  call 0x2d9d
2C70  dec byte ptr [0x2ac4]
2C74  jne 0x2c5d
2C76  mov di, word ptr [0x2ac2]
2C7A  mov si, 0x2a2e
2C7D  mov cx, 0xb04
2C80  call 0x2d9d
2C83  ret 

;======================================================================
proc_2C84:
2C84  mov bx, word ptr [8]
2C88  mov bl, byte ptr [bx + 0x2ab2]
L2C8C:
2C8C  mov word ptr [0x2ac5], bx
2C90  mov di, word ptr [bx + 0x2a86]
2C94  cmp di, 0
2C97  jne 0x2c9a
2C99  ret 
L2C9A:
2C9A  call 0x2c3d
2C9D  mov bx, word ptr [0x2ac5]
2CA1  add bx, 2
2CA4  jmp 0x2c8c
2CA6  C3 00 00 00 00 00 00 00 00 00

;======================================================================
proc_2CB0:
2CB0  mov al, dl
2CB2  mov ah, 0x28
2CB4  mul ah
2CB6  test dl, 1
2CB9  je 0x2cbe
2CBB  add ax, 0x1fd8
L2CBE:
2CBE  mov dx, cx
2CC0  shr dx, 1
2CC2  shr dx, 1
2CC4  add ax, dx
2CC6  and cl, 3
2CC9  shl cl, 1
2CCB  ret 

;======================================================================
proc_2CCC:
2CCC  cld 
2CCD  mov byte ptr [0x2ae0], cl
2CD1  mov byte ptr [0x2ae2], ch
2CD5  sub ch, ch
2CD7  mov dx, 0xff0
L2CDA:
2CDA  mov cl, byte ptr [0x2ae0]
L2CDE:
2CDE  mov dx, 0x30c0
2CE1  mov bx, word ptr es:[di]
2CE4  mov word ptr ds:[bp], bx
2CE8  lodsw ax, word ptr [si]
2CE9  mov word ptr [0x2ae3], ax
L2CEC:
2CEC  test dl, ah
2CEE  jne 0x2cf2
2CF0  or ah, dl
L2CF2:
2CF2  test dh, ah
2CF4  jne 0x2cf8
2CF6  or ah, dh
L2CF8:
2CF8  test dl, al
2CFA  jne 0x2cfe
2CFC  or al, dl
L2CFE:
2CFE  test dh, al
2D00  jne 0x2d04
2D02  or al, dh
L2D04:
2D04  xor dx, 0x33cc
2D08  test dh, 3
2D0B  jne 0x2cec
2D0D  and ax, bx
2D0F  or ax, word ptr [0x2ae3]
2D13  stosw word ptr es:[di], ax
2D14  add bp, 2
2D17  loop 0x2cde
2D19  sub di, word ptr [0x2ae0]
2D1D  sub di, word ptr [0x2ae0]
2D21  xor di, 0x2000
2D25  test di, 0x2000
2D29  jne 0x2d2e
2D2B  add di, 0x50
L2D2E:
2D2E  dec byte ptr [0x2ae2]
2D32  jne 0x2cda
2D34  ret 

;======================================================================
proc_2D35:
2D35  cld 
2D36  mov byte ptr [0x2ae0], cl
2D3A  mov byte ptr [0x2ae2], ch
2D3E  sub ch, ch
L2D40:
2D40  mov cl, byte ptr [0x2ae0]
L2D44:
2D44  mov bx, word ptr es:[di]
2D47  mov word ptr ds:[bp], bx
2D4B  lodsw ax, word ptr [si]
2D4C  and ax, bx
2D4E  stosw word ptr es:[di], ax
2D4F  add bp, 2
2D52  loop 0x2d44
2D54  sub di, word ptr [0x2ae0]
2D58  sub di, word ptr [0x2ae0]
2D5C  xor di, 0x2000
2D60  test di, 0x2000
2D64  jne 0x2d69
2D66  add di, 0x50
L2D69:
2D69  dec byte ptr [0x2ae2]
2D6D  jne 0x2d40
2D6F  ret 

;======================================================================
proc_2D70:
2D70  cld 
2D71  mov word ptr [0x2ae9], si
2D75  mov byte ptr [0x2ae0], cl
2D79  mov byte ptr [0x2ae2], ch
2D7D  shl al, 1
2D7F  mov byte ptr [0x2aeb], al
2D82  sub ch, ch
L2D84:
2D84  mov cl, byte ptr [0x2ae0]
2D88  rep movsw word ptr es:[di], word ptr [si]
2D8A  mov cl, byte ptr [0x2aeb]
2D8E  add word ptr [0x2ae9], cx
2D92  mov si, word ptr [0x2ae9]
2D96  dec byte ptr [0x2ae2]
2D9A  jne 0x2d84
2D9C  ret 

;======================================================================
proc_2D9D:
2D9D  cld 
2D9E  mov byte ptr [0x2ae0], cl
2DA2  mov byte ptr [0x2ae2], ch
2DA6  sub ch, ch
L2DA8:
2DA8  mov cl, byte ptr [0x2ae0]
2DAC  rep movsw word ptr es:[di], word ptr [si]
2DAE  sub di, word ptr [0x2ae0]
2DB2  sub di, word ptr [0x2ae0]
2DB6  xor di, 0x2000
2DBA  test di, 0x2000
2DBE  jne 0x2dc3
2DC0  add di, 0x50
L2DC3:
2DC3  dec byte ptr [0x2ae2]
2DC7  jne 0x2da8
2DC9  ret 

;======================================================================
proc_2DCA:
2DCA  cld 
2DCB  mov byte ptr es:[0x2ae0], cl
2DD0  mov byte ptr es:[0x2ae2], ch
2DD5  sub ch, ch
L2DD7:
2DD7  mov cl, byte ptr es:[0x2ae0]
2DDC  rep movsw word ptr es:[di], word ptr [si]
2DDE  sub si, word ptr es:[0x2ae0]
2DE3  sub si, word ptr es:[0x2ae0]
2DE8  xor si, 0x2000
2DEC  test si, 0x2000
2DF0  jne 0x2df5
2DF2  add si, 0x50
L2DF5:
2DF5  dec byte ptr es:[0x2ae2]
2DFA  jne 0x2dd7
2DFC  ret 

;======================================================================
proc_2DFD:
2DFD  mov dx, word ptr [0x2ae5]
2E01  xor dl, dh
2E03  shr dl, 1
2E05  shr dl, 1
2E07  rcr word ptr [0x2ae5], 1
2E0B  mov dx, word ptr [0x2ae5]
2E0F  ret 

;======================================================================
proc_2E10:
2E10  mov al, 0
2E12  out 0x43, al
2E14  nop 
2E15  nop 
2E16  in al, 0x40
2E18  mov ah, al
2E1A  nop 
2E1B  in al, 0x40
2E1D  cmp ax, 0
2E20  jne 0x2e25
2E22  mov ax, 0xfa59
L2E25:
2E25  mov word ptr [0x2ae5], ax
2E28  ret 

;======================================================================
proc_2E29:
2E29  add ax, si
2E2B  cmp ax, bx
2E2D  jb 0x2e4f
2E2F  sub ax, si
2E31  sub ax, di
2E33  jae 0x2e37
2E35  sub ax, ax
L2E37:
2E37  cmp ax, bx
2E39  ja 0x2e4f
2E3B  add dl, cl
2E3D  cmp dl, dh
2E3F  jb 0x2e4f
2E41  sub dl, cl
2E43  sub dl, ch
2E45  jae 0x2e49
2E47  sub dl, dl
L2E49:
2E49  cmp dl, dh
2E4B  ja 0x2e4f
2E4D  stc 
2E4E  ret 
L2E4F:
2E4F  clc 
2E50  ret 
2E51  00 00 00 00 00 00 00 00 00 00 00 00 00 00 00

;======================================================================
proc_2E60:
2E60  cmp word ptr [0x2e8d], 8
2E65  jb 0x2e68
L2E67:
2E67  ret 
L2E68:
2E68  cmp byte ptr [0x69a], 0
2E6D  jne 0x2e67
2E6F  mov word ptr [0x2e92], 0xffff
2E75  mov byte ptr [0x2e91], 0xff
2E7A  mov cx, 7
L2E7D:
2E7D  mov bx, cx
2E7F  dec bx
2E80  mov al, byte ptr [0x57b]
2E83  sub al, byte ptr [bx + 0x2bd4]
2E87  jae 0x2e8b
2E89  not al
L2E8B:
2E8B  cmp al, byte ptr [0x2e91]
2E8F  ja 0x2e98
2E91  mov byte ptr [0x2e91], al
2E94  mov word ptr [0x2e92], bx
L2E98:
2E98  loop 0x2e7d
2E9A  cmp word ptr [0x2e92], 0xffff
2EA0  jne 0x2ea8
2EA2  mov word ptr [0x2e92], 0
L2EA8:
2EA8  mov bx, word ptr [0x2e8d]
2EAC  mov si, word ptr [0x2e92]
2EB0  mov al, byte ptr [si + 0x2bd4]
2EB4  mov byte ptr [bx + 0x2b6a], al
2EB8  mov byte ptr [0x2e98], al
2EBB  mov ax, word ptr [0x579]
2EBE  shl bl, 1
2EC0  cmp ax, 0x108
2EC3  jb 0x2ec8
2EC5  mov ax, 0x107
L2EC8:
2EC8  and ax, 0xffc
2ECB  mov word ptr [bx + 0x2b5a], ax
2ECF  mov word ptr [0x2e96], ax
2ED2  mov cx, 8
L2ED5:
2ED5  mov bx, cx
2ED7  dec bx
2ED8  cmp bx, word ptr [0x2e8d]
2EDC  je 0x2f07
2EDE  cmp byte ptr [bx + 0x2b72], 0
2EE3  je 0x2f07
2EE5  push cx
2EE6  mov dl, byte ptr [bx + 0x2b6a]
2EEA  shl bl, 1
2EEC  mov ax, word ptr [bx + 0x2b5a]
2EF0  mov bx, word ptr [0x2e96]
2EF4  mov dh, byte ptr [0x2e98]
2EF8  mov si, 0x18
2EFB  mov di, si
2EFD  mov cx, 0xf0f
2F00  call 0x2e29
2F03  pop cx
2F04  jae 0x2f07
2F06  ret 
L2F07:
2F07  loop 0x2ed5
2F09  call 0x11e3
2F0C  cmp byte ptr [0x70f2], 0
2F11  je 0x2f16
2F13  call 0x622b
L2F16:
2F16  mov bx, word ptr [0x2e8d]
2F1A  mov word ptr [0x2e94], bx
2F1E  mov byte ptr [bx + 0x2b72], 1
2F23  mov dl, byte ptr [bx + 0x2b6a]
2F27  shl bl, 1
2F29  mov cx, word ptr [bx + 0x2b5a]
2F2D  call 0x2cb0
2F30  mov di, ax
2F32  mov si, 0x2af0
2F35  mov ax, 0xb800
2F38  mov es, ax
2F3A  mov cx, 0xf03
2F3D  call 0x2d9d
2F40  mov word ptr [0x2e8d], 0xffff
2F46  sub bx, bx
2F48  mov ah, 0xb
2F4A  int 0x10
2F4C  call 0x4e3e
2F4F  cmp byte ptr [0x70f2], 0
2F54  je 0x2f59
2F56  call 0x61fa
L2F59:
2F59  call 0x1145
2F5C  mov ax, 0x3e8
2F5F  mov bx, 0x4a5
2F62  call 0x593b
2F65  ret 

;======================================================================
proc_2F66:
2F66  sub ah, ah
2F68  int 0x1a
2F6A  cmp dx, word ptr [0x2e8f]
2F6E  jne 0x2f71
2F70  ret 
L2F71:
2F71  mov word ptr [0x2e8f], dx
2F75  cmp word ptr [0x2e8d], 8
2F7A  jb 0x2fac
2F7C  mov cx, 8
L2F7F:
2F7F  mov bx, cx
2F81  dec bx
2F82  cmp byte ptr [bx + 0x2b72], 0
2F87  je 0x2faa
2F89  push cx
2F8A  mov dl, byte ptr [bx + 0x2b6a]
2F8E  shl bl, 1
2F90  mov ax, word ptr [bx + 0x2b5a]
2F94  mov si, 0x18
2F97  mov di, si
2F99  mov bx, word ptr [0x579]
2F9D  mov dh, byte ptr [0x57b]
2FA1  mov cx, 0xe0f
2FA4  call 0x2e29
2FA7  pop cx
2FA8  jb 0x2fb3
L2FAA:
2FAA  loop 0x2f7f
L2FAC:
2FAC  mov word ptr [0x2e94], 0xffff
L2FB2:
2FB2  ret 
L2FB3:
2FB3  mov bx, cx
2FB5  dec bx
2FB6  cmp bx, word ptr [0x2e94]
2FBA  je 0x2fb2
2FBC  push bx
2FBD  call 0x11e3
2FC0  cmp byte ptr [0x70f2], 0
2FC5  je 0x2fca
2FC7  call 0x622b
L2FCA:
2FCA  pop bx
2FCB  mov byte ptr [bx + 0x2b72], 0
2FD0  mov dl, byte ptr [bx + 0x2b6a]
2FD4  mov word ptr [0x2e8d], bx
2FD8  shl bl, 1
2FDA  mov cx, word ptr [bx + 0x2b5a]
2FDE  call 0x2cb0
2FE1  mov di, ax
2FE3  mov si, 0x2b7a
2FE6  mov ax, 0xb800
2FE9  mov es, ax
2FEB  mov cx, 0xf03
2FEE  call 0x2d9d
2FF1  cmp byte ptr [0x70f2], 0
2FF6  je 0x2ffb
2FF8  call 0x61fa
L2FFB:
2FFB  call 0x1145
2FFE  mov bx, 1
3001  mov ah, 0xb
3003  int 0x10
3005  mov ax, 0x3e8
3008  mov bx, 0x349
300B  call 0x593b
300E  ret 

;======================================================================
proc_300F:
300F  sub ax, ax
3011  mov bx, 0x2e24
3014  call 0x2b24
3017  mov byte ptr [0x2e8a], 0xbf
301C  mov word ptr [0x2e8b], 0
L3022:
3022  mov word ptr [0x2e88], 0x20
L3028:
3028  sub bx, bx
302A  cmp byte ptr [0x2e8a], 0xbf
302F  je 0x3039
3031  call 0x2dfd
3034  mov bl, dl
3036  and bl, 2
L3039:
3039  mov cx, word ptr [0x2e88]
303D  mov dl, byte ptr [0x2e8a]
3041  push bx
3042  call 0x30e3
3045  pop bx
3046  mov si, word ptr [0x2e8b]
304A  mov ax, word ptr [0x2e88]
304D  mov cl, 4
304F  shr ax, cl
3051  sub ax, 2
3054  jae 0x3058
3056  sub ax, ax
L3058:
3058  cmp ax, 0x12
305B  jb 0x3060
305D  mov ax, 0x11
L3060:
3060  mov dl, byte ptr [si + 0x2bdb]
3064  sub dh, dh
3066  add ax, dx
3068  mov si, ax
306A  mov byte ptr [si + 0x2be2], bl
306E  add word ptr [0x2e88], 0x10
3073  cmp word ptr [0x2e88], 0x111
3079  jb 0x3028
307B  inc word ptr [0x2e8b]
307F  sub byte ptr [0x2e8a], 0x18
3084  cmp byte ptr [0x2e8a], 0x2f
3089  jae 0x3022
308B  mov ax, 0xffff
308E  mov word ptr [0x2e8d], ax
3091  mov word ptr [0x2e94], ax
3094  sub ax, ax
3096  mov word ptr [0x2b72], ax
3099  mov word ptr [0x2b74], ax
309C  mov word ptr [0x2b76], ax
309F  mov word ptr [0x2b78], ax
30A2  mov cx, word ptr [0x414]
30A6  cmp cx, 0
30A9  jne 0x30b0
30AB  inc cx
30AC  mov word ptr [0x414], cx
L30B0:
30B0  cmp cx, 8
30B3  jbe 0x30b8
30B5  mov cx, 8
L30B8:
30B8  mov bx, cx
30BA  dec bx
30BB  mov byte ptr [bx + 0x2b72], 1
30C0  mov dl, 0xb0
30C2  mov byte ptr [bx + 0x2b6a], dl
30C6  push cx
30C7  shl bl, 1
30C9  mov cx, word ptr [bx + 0x2b4a]
30CD  mov word ptr [bx + 0x2b5a], cx
30D1  call 0x2cb0
30D4  mov di, ax
30D6  mov si, 0x2af0
30D9  mov cx, 0xf03
30DC  call 0x2d9d
30DF  pop cx
30E0  loop 0x30b8
30E2  ret 

;======================================================================
proc_30E3:
30E3  push bx
30E4  call 0x2cb0
30E7  mov di, ax
30E9  mov ax, 0xb800
30EC  mov es, ax
30EE  pop bx
30EF  mov si, word ptr [bx + 0x2e20]
30F3  mov cx, 0x802
30F6  call 0x2d9d
30F9  ret 

;======================================================================
proc_30FA:
30FA  mov al, byte ptr [0x57b]
30FD  sub al, 5
30FF  and al, 0xf8
3101  mov cx, 7
L3104:
3104  mov bx, cx
3106  dec bx
3107  cmp al, byte ptr [bx + 0x2bd4]
310B  je 0x3111
310D  loop 0x3104
310F  jmp 0x314d
L3111:
3111  mov ch, al
3113  mov ax, word ptr [0x579]
3116  add ax, 7
3119  mov cl, 4
311B  shr ax, cl
311D  sub ax, 2
3120  jae 0x3124
3122  sub ax, ax
L3124:
3124  cmp ax, 0x12
3127  jb 0x312c
3129  mov ax, 0x11
L312C:
312C  mov dl, byte ptr [bx + 0x2bdb]
3130  sub dh, dh
3132  add ax, dx
3134  mov si, ax
3136  cmp byte ptr [si + 0x2be2], 0
313B  jne 0x314d
313D  add ch, 5
3140  mov byte ptr [0x57b], ch
3144  add ch, 0x32
3147  mov byte ptr [0x57c], ch
314B  stc 
314C  ret 
L314D:
314D  clc 
314E  ret 
314F  00

;======================================================================
proc_3150:
3150  sub ah, ah
3152  int 0x1a
3154  mov bx, word ptr [4]
3158  shl bl, 1
315A  mov cx, word ptr [bx + 0x32f2]
315E  mov ax, dx
3160  sub ax, word ptr [0x328c]
3164  cmp ax, cx
3166  jae 0x3169
L3168:
3168  ret 
L3169:
3169  mov word ptr [0x328c], dx
316D  call 0x33ba
3170  jb 0x3168
3172  call 0x21e0
3175  jb 0x3168
3177  inc byte ptr [0x32ea]
317B  call 0x2dfd
317E  mov al, byte ptr [0x32ea]
3181  and al, dl
3183  xor byte ptr [0x32eb], al
3187  mov ax, word ptr [0x327d]
318A  sub ax, word ptr [0x579]
318E  mov dl, 0xff
3190  jae 0x3196
3192  not ax
3194  mov dl, 1
L3196:
3196  mov byte ptr [0x32ed], dl
319A  mov bl, byte ptr [0x327f]
319E  add bl, 0x14
31A1  sub bl, byte ptr [0x57b]
31A5  mov dl, 0xff
31A7  jae 0x31ad
31A9  not bl
31AB  mov dl, 1
L31AD:
31AD  mov byte ptr [0x32ee], dl
31B1  shr ax, 1
31B3  shr ax, 1
31B5  shr bl, 1
31B7  add al, bl
31B9  mov byte ptr [0x32ec], al
31BC  mov bx, word ptr [0x328a]
31C0  cmp bx, 0x27
31C3  jb 0x31cc
31C5  mov bx, 0x26
31C8  mov word ptr [0x328a], bx
L31CC:
31CC  cmp byte ptr [bx + 0x328e], 0
31D1  jne 0x324b
31D3  dec word ptr [0x328a]
31D7  sub ah, ah
31D9  int 0x1a
31DB  sub dx, word ptr [0x410]
31DF  mov cl, 3
31E1  shr dx, cl
31E3  mov al, byte ptr [0x32ec]
31E6  sub al, dl
31E8  jae 0x31ec
31EA  sub al, al
L31EC:
31EC  cmp al, byte ptr [0x32eb]
31F0  jb 0x3212
31F2  mov byte ptr [0x3281], 1
31F7  call 0x2dfd
31FA  cmp dl, 0
31FD  je 0x320b
31FF  cmp dl, 7
3202  ja 0x320f
3204  and dl, 1
3207  jne 0x320b
3209  mov dl, 0xff
L320B:
320B  mov byte ptr [0x3280], dl
L320F:
320F  jmp 0x32ac
L3212:
3212  mov al, byte ptr [0x32eb]
3215  and al, 0x2f
3217  jne 0x3238
3219  call 0x2dfd
321C  and dl, 1
321F  jne 0x3223
3221  mov dl, 0xff
L3223:
3223  mov byte ptr [0x3280], dl
3227  call 0x2dfd
322A  and dl, 1
322D  jne 0x3231
322F  mov dl, 0xff
L3231:
3231  mov byte ptr [0x3281], dl
3235  jmp 0x32ac
3237  90
L3238:
3238  and al, 7
323A  jne 0x32ac
323C  mov al, byte ptr [0x32ed]
323F  mov byte ptr [0x3280], al
3242  mov al, byte ptr [0x32ee]
3245  mov byte ptr [0x3281], al
3248  jmp 0x32ac
324A  90
L324B:
324B  mov byte ptr [0x3281], 1
3250  mov ax, bx
3252  mov cl, 3
3254  shl ax, cl
3256  cmp word ptr [0x327d], ax
325A  je 0x3269
325C  mov dl, 1
325E  jb 0x3262
3260  mov dl, 0xff
L3262:
3262  mov byte ptr [0x3280], dl
3266  jmp 0x32ac
3268  90
L3269:
3269  mov byte ptr [0x3280], 0
326E  cmp byte ptr [0x327f], 0xa5
3273  jne 0x32ac
3275  mov byte ptr [0x3281], 0
327A  cmp word ptr [0x327a], 6
327F  je 0x3288
3281  cmp word ptr [0x327a], 0x12
3286  jne 0x32ac
L3288:
3288  push bx
3289  mov si, 0x31e8
328C  mov di, word ptr [0x3282]
3290  mov cx, 0x1e02
3293  mov ax, 0xb800
3296  mov es, ax
3298  call 0x2d9d
329B  pop bx
329C  dec byte ptr [bx + 0x328e]
32A0  mov al, byte ptr [bx + 0x328e]
32A4  call 0x347f
32A7  mov byte ptr [0x3286], 1
L32AC:
32AC  mov cx, word ptr [0x327d]
32B0  mov dl, byte ptr [0x327f]
32B4  mov word ptr [0x32ef], cx
32B8  mov byte ptr [0x32f1], dl
32BC  cmp byte ptr [0x3280], 1
32C1  jb 0x32da
32C3  jne 0x32d3
32C5  add cx, 8
32C8  cmp cx, 0x131
32CC  jb 0x32da
32CE  mov cx, 0x130
32D1  jmp 0x32da
L32D3:
32D3  sub cx, 8
32D6  jae 0x32da
32D8  sub cx, cx
L32DA:
32DA  and cx, 0xfff8
32DE  mov word ptr [0x327d], cx
32E2  cmp byte ptr [0x3281], 1
32E7  jb 0x32fe
32E9  jne 0x32f7
32EB  add dl, 2
32EE  cmp dl, 0xa6
32F1  jb 0x32fe
32F3  mov dl, 0xa5
32F5  jmp 0x32fe
L32F7:
32F7  sub dl, 2
32FA  jae 0x32fe
32FC  sub dl, dl
L32FE:
32FE  mov byte ptr [0x327f], dl
3302  call 0x2cb0
3305  mov word ptr [0x3284], ax
3308  call 0x33ba
330B  jae 0x3328
L330D:
330D  mov byte ptr [0x3280], 0
3312  mov byte ptr [0x3281], 0
3317  mov cx, word ptr [0x32ef]
331B  mov word ptr [0x327d], cx
331F  mov dl, byte ptr [0x32f1]
3323  mov byte ptr [0x327f], dl
3327  ret 
L3328:
3328  call 0x21e0
332B  jb 0x330d
332D  call 0x33a0
3330  add word ptr [0x327a], 2
3335  call 0x3339
3338  ret 

;======================================================================
proc_3339:
3339  mov bx, word ptr [0x327a]
333D  mov ax, word ptr [bx + 0x3260]
3341  cmp ax, 0
3344  jne 0x334b
3346  mov word ptr [0x327a], ax
3349  jmp 0x3339
L334B:
334B  mov si, ax
334D  mov di, word ptr [0x3284]
3351  mov word ptr [0x3282], di
3355  mov bp, 0x31e8
3358  mov ax, 0xb800
335B  mov es, ax
335D  mov cx, 0x1e02
3360  mov byte ptr [0x3286], 0
3365  cld 
3366  mov byte ptr [0x3289], ch
336A  sub ch, ch
336C  mov word ptr [0x3287], cx
L3370:
3370  mov cx, word ptr [0x3287]
L3374:
3374  mov bx, word ptr es:[di]
3377  mov word ptr ds:[bp], bx
337B  lodsw ax, word ptr [si]
337C  or ax, bx
337E  stosw word ptr es:[di], ax
337F  add bp, 2
3382  loop 0x3374
3384  sub di, word ptr [0x3287]
3388  sub di, word ptr [0x3287]
338C  xor di, 0x2000
3390  test di, 0x2000
3394  jne 0x3399
3396  add di, 0x50
L3399:
3399  dec byte ptr [0x3289]
339D  jne 0x3370
339F  ret 

;======================================================================
proc_33A0:
33A0  cmp byte ptr [0x3286], 0
33A5  jne 0x33b9
33A7  mov ax, 0xb800
33AA  mov es, ax
33AC  mov si, 0x31e8
33AF  mov di, word ptr [0x3282]
33B3  mov cx, 0x1e02
33B6  call 0x2d9d
L33B9:
33B9  ret 

;======================================================================
proc_33BA:
33BA  cmp byte ptr [0x1cb8], 0
33BF  jne 0x3403
33C1  cmp word ptr [4], 6
33C6  jne 0x33d3
33C8  cmp byte ptr [0x44bd], 0
33CD  je 0x33d3
33CF  call 0x47b0
33D2  ret 
L33D3:
33D3  mov ax, word ptr [0x327d]
33D6  mov dl, byte ptr [0x327f]
33DA  mov si, 0x10
33DD  mov bx, word ptr [0x579]
33E1  mov dh, byte ptr [0x57b]
33E5  mov di, 0x18
33E8  mov cx, 0xe1e
33EB  call 0x2e29
33EE  jae 0x3403
33F0  cmp word ptr [4], 4
33F5  jne 0x33fe
33F7  cmp byte ptr [0x39e1], 0
33FC  jne 0x3401
L33FE:
33FE  call 0x872
L3401:
3401  stc 
3402  ret 
L3403:
3403  clc 
3404  ret 

;======================================================================
proc_3405:
3405  cld 
3406  sub ax, ax
3408  push ds
3409  pop es
340A  mov di, 0x328e
340D  mov cx, 0x14
3410  rep stosw word ptr es:[di], ax
3412  mov word ptr [0x32b6], 0xff
3418  mov word ptr [0x327a], 0
341E  mov word ptr [0x327d], 0
3424  mov byte ptr [0x327f], 0xa0
3429  mov byte ptr [0x3286], 1
342E  mov byte ptr [0x3280], 0
3433  mov byte ptr [0x3281], 0
3438  call 0x2dfd
343B  mov byte ptr [0x32eb], dl
343F  mov byte ptr [0x32ea], 0x6c
3444  ret 

;======================================================================
proc_3445:
3445  cmp byte ptr [0x57b], 0xb4
344A  jb 0x347e
344C  cmp byte ptr [0x56e], 0
3451  je 0x347e
3453  mov ax, word ptr [0x579]
3456  add ax, 0xc
3459  mov cl, 3
345B  shr ax, cl
345D  cmp ax, 0x27
3460  ja 0x347e
3462  cmp ax, word ptr [0x32b6]
3466  je 0x347e
3468  mov word ptr [0x32b6], ax
346B  mov bx, ax
346D  mov al, byte ptr [bx + 0x328e]
3471  cmp al, 4
3473  jae 0x347e
3475  inc al
3477  mov byte ptr [bx + 0x328e], al
347B  call 0x347f
L347E:
347E  ret 

;======================================================================
proc_347F:
347F  mov ah, 0xa
3481  mul ah
3483  add ax, 0x32b8
3486  mov si, ax
3488  mov di, bx
348A  shl di, 1
348C  add di, 0x1e00
3490  mov ax, 0xb800
3493  mov es, ax
3495  mov cx, 0x501
3498  call 0x2d9d
349B  ret 
349C  00 00 00 00

;======================================================================
proc_34A0:
34A0  mov word ptr [0x3511], 0
34A6  mov byte ptr [0x351b], 0
L34AB:
34AB  mov bx, word ptr [0x3511]
34AF  cmp byte ptr [bx + 0x34a7], 0
34B4  je 0x34b9
L34B6:
34B6  jmp 0x35ad
L34B9:
34B9  mov si, bx
34BB  shl si, 1
34BD  mov ax, word ptr [si + 0x3447]
34C1  mov dl, byte ptr [bx + 0x3477]
34C5  mov di, 0
34C8  cmp bx, 0xc
34CB  jb 0x34d0
34CD  mov di, 2
L34D0:
34D0  mov si, word ptr [di + 0x3513]
34D4  mov cx, word ptr [di + 0x3517]
34D8  mov bx, word ptr [0x579]
34DC  mov dh, byte ptr [0x57b]
34E0  mov di, 0x18
34E3  mov ch, 0xe
34E5  call 0x2e29
34E8  jae 0x34b6
34EA  mov bx, word ptr [0x3511]
34EE  cmp bx, 0xc
34F1  jb 0x356f
34F3  cmp byte ptr [0x553], 0
34F8  jne 0x356f
34FA  cmp byte ptr [0x5f3], 0
34FF  jne 0x356f
3501  mov byte ptr [0x552], 1
3506  mov cx, word ptr [0x579]
350A  sub cx, 8
350D  jae 0x3511
350F  sub cx, cx
L3511:
3511  cmp cx, 0x117
3515  jb 0x351a
3517  mov cx, 0x116
L351A:
351A  mov dl, byte ptr [0x57b]
351E  cmp dl, 0xb5
3521  jb 0x3525
3523  mov dl, 0xb4
L3525:
3525  call 0x2cb0
3528  mov di, ax
352A  mov si, 0x3350
352D  mov ax, 0xb800
3530  mov es, ax
3532  mov cx, 0x1205
3535  call 0x2d9d
3538  call 0x5797
353B  sub ah, ah
353D  int 0x1a
353F  mov word ptr [0x3509], dx
L3543:
3543  push dx
L3544:
3544  call 0x57a6
3547  call 0x13d8
354A  je 0x3544
354C  call 0x57a6
354F  pop dx
3550  mov bx, 1
3553  test dl, 1
3556  jne 0x355a
3558  mov bl, 0xf
L355A:
355A  mov ah, 0xb
355C  int 0x10
355E  call 0x57a6
3561  sub ah, ah
3563  int 0x1a
3565  sub dx, word ptr [0x3509]
3569  cmp dx, 0xd
356C  jb 0x3543
356E  ret 
L356F:
356F  inc byte ptr [0x351b]
3573  mov ax, 0x5dc
3576  mov bx, 0x425
3579  call 0x593b
357C  cmp byte ptr [0x351b], 1
3581  jne 0x3586
3583  call 0x11e3
L3586:
3586  mov bx, word ptr [0x3511]
358A  call 0x37c1
358D  mov bx, word ptr [0x3511]
3591  mov byte ptr [bx + 0x34a7], 1
3596  cmp bx, 0xc
3599  jae 0x35ad
359B  dec byte ptr [0x3410]
359F  jne 0x35ad
35A1  cmp byte ptr [0x5f3], 0
35A6  jne 0x35ad
35A8  mov byte ptr [0x553], 1
L35AD:
35AD  inc word ptr [0x3511]
35B1  cmp word ptr [0x3511], 0x18
35B6  jae 0x35bb
35B8  jmp 0x34ab
L35BB:
35BB  cmp byte ptr [0x351b], 0
35C0  je 0x35c7
35C2  call 0x363d
35C5  stc 
35C6  ret 
L35C7:
35C7  clc 
35C8  ret 

;======================================================================
proc_35C9:
35C9  mov word ptr [0x3411], 0
35CF  mov word ptr [0x3415], 0
35D5  mov byte ptr [0x3410], 0xc
35DA  mov cx, 0x18
L35DD:
35DD  mov bx, cx
35DF  dec bx
35E0  mov byte ptr [bx + 0x348f], 1
35E5  mov byte ptr [bx + 0x34a7], 0
35EA  mov al, byte ptr [bx + 0x34f1]
35EE  mov byte ptr [bx + 0x3477], al
35F2  mov byte ptr [bx + 0x342f], 1
35F7  call 0x2dfd
35FA  and dl, 1
35FD  jne 0x3601
35FF  not dl
L3601:
3601  mov byte ptr [bx + 0x3417], dl
3605  shl bx, 1
3607  call 0x2dfd
360A  sub dh, dh
360C  mov word ptr [bx + 0x3447], dx
3610  loop 0x35dd
3612  mov bx, word ptr [8]
3616  mov cl, byte ptr [bx + 0x351c]
361A  sub ch, ch
L361C:
361C  call 0x2dfd
361F  and dl, 0xf
3622  cmp dl, 0xc
3625  jae 0x361c
3627  mov bl, dl
3629  add bl, 0xc
362C  sub bh, bh
362E  cmp byte ptr [bx + 0x34a7], 0
3633  jne 0x361c
3635  mov byte ptr [bx + 0x34a7], 1
363A  loop 0x361c
363C  ret 

;======================================================================
proc_363D:
363D  mov cx, 0xc
L3640:
3640  mov bx, cx
3642  add bx, 0xb
3645  cmp byte ptr [bx + 0x34a7], 0
364A  je 0x3672
364C  sub ax, ax
364E  mov dl, 1
3650  mov byte ptr [bx + 0x34a7], al
3654  cmp word ptr [0x579], 0xa0
365A  ja 0x3661
365C  mov ax, 0x12e
365F  mov dl, 0xff
L3661:
3661  mov byte ptr [bx + 0x3417], dl
3665  shl bl, 1
3667  mov word ptr [bx + 0x3447], ax
366B  dec byte ptr [0x351b]
366F  jne 0x363d
3671  ret 
L3672:
3672  loop 0x3640
3674  ret 

;======================================================================
proc_3675:
3675  sub ah, ah
3677  int 0x1a
3679  cmp dx, word ptr [0x3509]
367D  jne 0x3680
L367F:
367F  ret 
L3680:
3680  mov word ptr [0x350b], dx
3684  inc word ptr [0x3415]
3688  mov bx, word ptr [0x3415]
368C  cmp bx, 0x18
368F  jb 0x36a4
3691  sub bx, bx
3693  mov word ptr [0x3415], bx
3697  xor word ptr [0x3411], 0xc
369D  add word ptr [0x3413], 8
36A2  jmp 0x36b7
L36A4:
36A4  cmp bx, 0xc
36A7  jne 0x36bd
36A9  cmp byte ptr [0x697], 0xfd
36AE  jne 0x36b7
36B0  cmp byte ptr [0x57b], 0x30
36B5  jb 0x36bd
L36B7:
36B7  mov ax, word ptr [0x350b]
36BA  mov word ptr [0x3509], ax
L36BD:
36BD  mov si, bx
36BF  shl si, 1
36C1  cmp byte ptr [bx + 0x34a7], 0
36C6  jne 0x367f
36C8  call 0x2dfd
36CB  cmp dl, 0x10
36CE  ja 0x36e9
36D0  and dl, 1
36D3  jne 0x36d7
36D5  not dl
L36D7:
36D7  mov byte ptr [bx + 0x3417], dl
36DB  call 0x2dfd
36DE  and dl, 1
36E1  jne 0x36e5
36E3  not dl
L36E5:
36E5  mov byte ptr [bx + 0x342f], dl
L36E9:
36E9  mov cx, 4
36EC  cmp bx, 0xc
36EF  jb 0x36f3
36F1  shr cl, 1
L36F3:
36F3  mov ax, word ptr [si + 0x3447]
36F7  cmp byte ptr [bx + 0x3417], 1
36FC  je 0x370b
36FE  sub ax, cx
3700  jae 0x371a
3702  sub ax, ax
3704  mov byte ptr [bx + 0x3417], 1
3709  jmp 0x371a
L370B:
370B  add ax, cx
370D  cmp ax, 0x12f
3710  jb 0x371a
3712  mov ax, 0x12e
3715  mov byte ptr [bx + 0x3417], 0xff
L371A:
371A  mov word ptr [si + 0x3447], ax
371E  mov al, byte ptr [bx + 0x3477]
3722  cmp byte ptr [bx + 0x342f], 1
3727  je 0x373c
3729  dec al
372B  cmp al, byte ptr [bx + 0x34f1]
372F  jae 0x3750
3731  mov al, byte ptr [bx + 0x34f1]
3735  mov byte ptr [bx + 0x342f], 1
373A  jmp 0x3750
L373C:
373C  inc al
373E  mov dl, byte ptr [bx + 0x34f1]
3742  add dl, 0x18
3745  cmp al, dl
3747  jbe 0x3750
3749  mov al, dl
374B  mov byte ptr [bx + 0x342f], 0xff
L3750:
3750  mov byte ptr [bx + 0x3477], al
3754  mov dl, al
3756  mov cx, word ptr [si + 0x3447]
375A  call 0x2cb0
375D  mov word ptr [0x34ef], ax
3760  mov bx, word ptr [0x3415]
3764  call 0x37c1
3767  mov bx, word ptr [0x3415]
376B  mov si, bx
376D  shl si, 1
376F  mov di, word ptr [0x34ef]
3773  mov word ptr [si + 0x34bf], di
3777  mov byte ptr [bx + 0x348f], 0
377C  mov ax, 0xb800
377F  mov es, ax
3781  cmp bx, 0xc
3784  jb 0x379f
3786  mov si, bx
3788  mov cl, 3
378A  shl si, cl
378C  add si, word ptr [0x3413]
3790  and si, 0x18
3794  add si, 0x3330
3798  mov cx, 0x202
379B  call 0x2d9d
379E  ret 
L379F:
379F  mov si, word ptr [0x3411]
37A3  test bl, 1
37A6  jne 0x37ac
37A8  xor si, 0xc
L37AC:
37AC  cmp byte ptr [bx + 0x3417], 1
37B1  je 0x37b6
37B3  add si, 0x18
L37B6:
37B6  add si, 0x3300
37BA  mov cx, 0x601
37BD  call 0x2d9d
37C0  ret 

;======================================================================
proc_37C1:
37C1  cmp byte ptr [bx + 0x348f], 0
37C6  jne 0x37e4
37C8  shl bx, 1
37CA  mov si, 0x3404
37CD  mov di, word ptr [bx + 0x34bf]
37D1  mov ax, 0xb800
37D4  mov es, ax
37D6  mov cx, 0x601
37D9  cmp bx, 0x18
37DC  jb 0x37e1
37DE  mov cx, 0x202
L37E1:
37E1  call 0x2d9d
L37E4:
37E4  ret 

;======================================================================
proc_37E5:
37E5  sub ah, ah
37E7  int 0x1a
37E9  mov ax, dx
37EB  sub ax, word ptr [0x350f]
37EF  cmp ax, 8
37F2  jb 0x384a
37F4  inc word ptr [0x350d]
37F8  mov bx, word ptr [0x350d]
37FC  cmp bx, 0x28
37FF  jb 0x380b
3801  sub bx, bx
3803  mov word ptr [0x350d], bx
3807  mov word ptr [0x350f], dx
L380B:
380B  mov di, bx
380D  shl di, 1
380F  cmp byte ptr [0x57b], 7
3814  ja 0x3829
3816  mov ax, word ptr [0x579]
3819  mov cl, 2
381B  shr ax, cl
381D  inc ax
381E  sub ax, di
3820  jae 0x3824
3822  not ax
L3824:
3824  cmp ax, 4
3827  jb 0x384a
L3829:
3829  add di, 0xa0
382D  mov al, byte ptr [bx + 0x2656]
3831  add al, 8
3833  mov byte ptr [bx + 0x2656], al
3837  and ax, 0x18
383A  add ax, 0x2020
383D  mov si, ax
383F  mov ax, 0xb800
3842  mov es, ax
3844  mov cx, 0x401
3847  call 0x2d9d
L384A:
384A  ret 
384B  00 00 00 00 00

;======================================================================
proc_3850:
3850  sub ah, ah
3852  int 0x1a
3854  mov ax, dx
3856  sub ax, word ptr [0x35da]
385A  cmp ax, 6
385D  jae 0x3860
385F  ret 
L3860:
3860  mov word ptr [0x35da], dx
3864  add word ptr [0x35d8], 2
3869  mov bx, word ptr [0x35d8]
386D  and bx, 6
3871  mov si, word ptr [bx + 0x35d0]
3875  mov di, 0x15c9
3878  mov ax, 0xb800
387B  mov es, ax
387D  mov cx, 0xa02
3880  call 0x2d9d
3883  mov ax, 0xe4
3886  mov dl, 0x8a
3888  mov si, 0x10
388B  mov bx, word ptr [0x579]
388F  mov dh, byte ptr [0x57b]
3893  mov di, 0x18
3896  mov cx, 0xe0a
3899  call 0x2e29
389C  jae 0x38a3
389E  mov byte ptr [0x554], 1
L38A3:
38A3  ret 
38A4  00 00 00 00 00 00 00 00 00 00 00 00

;======================================================================
proc_38B0:
38B0  cmp word ptr [6], 7
38B5  jne 0x38ba
38B7  jmp 0x38d3
38B9  90
L38BA:
38BA  inc word ptr [0x414]
38BE  mov byte ptr [0x418], 1
38C3  mov dx, 0xaaaa
38C6  call 0x3a96
38C9  sub ax, ax
38CB  mov byte ptr [0x369f], 0
38D0  call 0x3aac
L38D3:
38D3  sub ah, ah
38D5  int 0x1a
38D7  cmp word ptr [6], 7
38DC  jne 0x38ef
38DE  sub dx, word ptr [0x412]
38E2  mov ax, 0x2a30
38E5  sub ax, dx
38E7  jae 0x38eb
38E9  sub ax, ax
L38EB:
38EB  shr ax, 1
38ED  jmp 0x390e
L38EF:
38EF  sub dx, word ptr [0x410]
38F3  mov ax, 0x546
38F6  cmp word ptr [6], 6
38FB  jne 0x38ff
38FD  shl ax, 1
L38FF:
38FF  sub ax, dx
3901  jae 0x3905
3903  sub ax, ax
L3905:
3905  cmp word ptr [6], 6
390A  je 0x390e
390C  shl ax, 1
L390E:
390E  mov word ptr [0x3697], ax
3911  call 0x3af4
3914  mov bx, word ptr [6]
3918  shl bl, 1
391A  mov si, word ptr [bx + 0x36cc]
391E  mov di, 0x368d
3921  call 0x271e
3924  cmp word ptr [6], 7
3929  jne 0x396e
392B  mov bx, word ptr [8]
392F  shl bl, 1
3931  mov ax, bx
3933  mov cx, word ptr [bx + 0x36dc]
3937  cmp word ptr [0x2e8d], 8
393C  jae 0x3943
393E  shl cx, 1
3940  add ax, 0x10
L3943:
3943  mov word ptr [0x370c], ax
L3946:
3946  mov si, 0x368d
3949  mov di, 0x1f82
394C  push cx
394D  call 0x271e
3950  pop cx
3951  loop 0x3946
3953  call 0x39fa
3956  mov byte ptr [0x369e], 0x38
395B  mov byte ptr [0x3699], 1
3960  mov word ptr [0x3722], 0x44
3966  call 0x3a3a
3969  call 0x3a6c
396C  jmp 0x39a7
L396E:
396E  mov si, 0x368d
3971  mov di, 0x1f82
3974  call 0x271e
3977  mov byte ptr [0x3699], 2
397C  mov word ptr [0x3722], 0x1e
3982  mov dx, 0xffff
3985  call 0x3a96
3988  mov ax, 0xa8c
398B  sub ax, word ptr [0x3697]
398F  mov cl, 4
3991  shr ax, cl
3993  and al, 0xf0
3995  mov byte ptr [0x369e], al
3998  mov ah, 0x28
399A  mul ah
399C  mov byte ptr [0x369f], 1
39A1  call 0x3aac
39A4  call 0x3a3a
L39A7:
39A7  sub ah, ah
39A9  int 0x1a
39AB  mov word ptr [0x3695], dx
L39AF:
39AF  cmp word ptr [6], 7
39B4  jne 0x39bb
39B6  call 0x5b63
39B9  jmp 0x39be
L39BB:
39BB  call 0x5835
L39BE:
39BE  call 0x3a1c
39C1  sub dx, word ptr [0x3695]
39C5  cmp dx, word ptr [0x3722]
39C9  jb 0x39af
39CB  sub bx, bx
39CD  mov ah, 0xb
39CF  int 0x10
39D1  cmp word ptr [6], 7
39D6  je 0x39dc
39D8  call 0x5b21
39DB  ret 
L39DC:
39DC  mov ax, 0xb800
39DF  mov es, ax
39E1  mov si, 0xe
39E4  mov di, 0x8e4
39E7  mov cx, 0x804
39EA  call 0x2d9d
39ED  mov si, 0x4e
39F0  mov di, 0xc94
39F3  mov cx, 0x814
39F6  call 0x2d9d
39F9  ret 

;======================================================================
proc_39FA:
39FA  push ds
39FB  pop es
39FC  mov ax, 0xb800
39FF  mov ds, ax
3A01  mov cx, 0x804
3A04  mov di, 0xe
3A07  mov si, 0x8e4
3A0A  call 0x2dca
3A0D  mov cx, 0x814
3A10  mov di, 0x4e
3A13  mov si, 0xc94
3A16  call 0x2dca
3A19  push es
3A1A  pop ds
3A1B  ret 

;======================================================================
proc_3A1C:
3A1C  sub ah, ah
3A1E  int 0x1a
3A20  push dx
L3A21:
3A21  call 0x13d8
3A24  je 0x3a21
3A26  pop dx
3A27  push dx
3A28  sub bx, bx
3A2A  test dx, 4
3A2E  jne 0x3a34
3A30  mov bl, byte ptr [0x3699]
L3A34:
3A34  mov ah, 0xb
3A36  int 0x10
3A38  pop dx
3A39  ret 

;======================================================================
proc_3A3A:
3A3A  mov ah, 2
3A3C  mov dh, byte ptr [0x369e]
3A40  mov cl, 3
3A42  shr dh, cl
3A44  mov dl, 0x12
3A46  sub bh, bh
3A48  int 0x10
3A4A  mov word ptr [0x36a0], 3
L3A50:
3A50  mov bx, word ptr [0x36a0]
3A54  mov al, byte ptr [bx + 0x368d]
3A58  add al, 0x30
3A5A  mov ah, 0xe
3A5C  mov bl, 3
3A5E  int 0x10
3A60  inc word ptr [0x36a0]
3A64  cmp word ptr [0x36a0], 7
3A69  jb 0x3a50
3A6B  ret 

;======================================================================
proc_3A6C:
3A6C  mov ah, 2
3A6E  mov dl, 0xa
3A70  mov dh, dl
3A72  sub bx, bx
3A74  int 0x10
3A76  mov bx, word ptr [0x370c]
3A7A  mov ax, word ptr [bx + 0x36ec]
3A7E  mov word ptr [0x3720], ax
3A81  sub bx, bx
L3A83:
3A83  mov ah, 0xe
3A85  mov al, byte ptr [bx + 0x370e]
3A89  push bx
3A8A  mov bl, 3
3A8C  int 0x10
3A8E  pop bx
3A8F  inc bx
3A90  cmp bx, 0x14
3A93  jb 0x3a83
3A95  ret 

;======================================================================
proc_3A96:
3A96  cld 
3A97  mov ax, 0x10
3A9A  mov es, ax
3A9C  mov di, 0xe
3A9F  mov si, 0x35e0
3AA2  mov cx, 0x1e
L3AA5:
3AA5  lodsw ax, word ptr [si]
3AA6  and ax, dx
3AA8  stosw word ptr es:[di], ax
3AA9  loop 0x3aa5
3AAB  ret 

;======================================================================
proc_3AAC:
3AAC  mov word ptr [0x369a], ax
3AAF  mov ax, 0xb800
3AB2  mov es, ax
3AB4  call 0x5829
3AB7  mov ax, 0x1b80
L3ABA:
3ABA  mov bx, 0x361c
3ABD  mov word ptr [0x369c], ax
3AC0  call 0x2b24
3AC3  cmp byte ptr [0x369f], 0
3AC8  je 0x3ae2
3ACA  call 0x5869
3ACD  sub ah, ah
3ACF  int 0x1a
3AD1  mov word ptr [0x3695], dx
L3AD5:
3AD5  sub ah, ah
3AD7  int 0x1a
3AD9  sub dx, word ptr [0x3695]
3ADD  cmp dx, 2
3AE0  jb 0x3ad5
L3AE2:
3AE2  mov ax, word ptr [0x369c]
3AE5  sub ax, 0x280
3AE8  jb 0x3af0
3AEA  cmp ax, word ptr [0x369a]
3AEE  jae 0x3aba
L3AF0:
3AF0  call 0x5b21
3AF3  ret 

;======================================================================
proc_3AF4:
3AF4  mov word ptr [0x368b], ax
3AF7  sub ax, ax
3AF9  mov word ptr [0x368d], ax
3AFC  mov word ptr [0x368f], ax
3AFF  mov word ptr [0x3691], ax
3B02  mov word ptr [0x3693], ax
3B05  mov bx, 0x3684
3B08  mov dx, 0x1000
L3B0B:
3B0B  test word ptr [0x368b], dx
3B0F  je 0x3b19
3B11  mov si, bx
3B13  mov di, 0x368d
3B16  call 0x271e
L3B19:
3B19  sub bx, 7
3B1C  shr dx, 1
3B1E  jae 0x3b0b
3B20  ret 
3B21  00 00 00 00 00 00 00 00 00 00 00 00 00 00 00

;======================================================================
proc_3B30:
3B30  mov byte ptr [0x37af], 3
3B35  mov ax, 1
3B38  mov word ptr [0x37b0], ax
3B3B  mov word ptr [0x37b2], ax
3B3E  mov word ptr [0x37b4], ax
3B41  ret 

;======================================================================
proc_3B42:
3B42  sub ah, ah
3B44  int 0x1a
3B46  cmp dx, word ptr [0x37b8]
3B4A  jne 0x3b4d
3B4C  ret 
L3B4D:
3B4D  mov word ptr [0x37b8], dx
3B51  mov word ptr [0x37b6], 4
L3B57:
3B57  mov bx, word ptr [0x37b6]
3B5B  cmp word ptr [bx + 0x37b0], 0
3B60  je 0x3b9b
3B62  mov ax, word ptr [bx + 0x37a3]
3B66  mov dl, 0x18
3B68  mov si, 0x10
3B6B  mov bx, word ptr [0x579]
3B6F  mov dh, byte ptr [0x57b]
3B73  mov di, 0x18
3B76  mov cx, 0xe10
3B79  call 0x2e29
3B7C  jae 0x3b9b
3B7E  mov ax, 0xc00
3B81  mov bx, 0x8fd
3B84  call 0x593b
3B87  call 0x11e3
3B8A  call 0x3e38
3B8D  mov bx, word ptr [0x37b6]
3B91  call 0x3ba3
3B94  call 0x1124
3B97  call 0x3e14
3B9A  ret 
L3B9B:
3B9B  sub word ptr [0x37b6], 2
3BA0  jae 0x3b57
3BA2  ret 

;======================================================================
proc_3BA3:
3BA3  mov word ptr [bx + 0x37b0], 0
3BA9  push ds
3BAA  pop es
3BAB  cld 
3BAC  mov ax, 0xaaaa
3BAF  mov di, 0xe
3BB2  mov si, di
3BB4  mov cx, 0x20
3BB7  rep stosw word ptr es:[di], ax
3BB9  mov di, word ptr [bx + 0x37a9]
3BBD  mov ax, 0xb800
3BC0  mov es, ax
3BC2  mov cx, 0x1002
3BC5  call 0x2d9d
3BC8  dec byte ptr [0x37af]
3BCC  jne 0x3bda
3BCE  cmp byte ptr [0x552], 0
3BD3  jne 0x3bda
3BD5  mov byte ptr [0x553], 1
L3BDA:
3BDA  ret 

;======================================================================
proc_3BDB:
3BDB  mov ax, 0xb800
3BDE  mov es, ax
3BE0  mov word ptr [0x37a0], 0x66a
3BE6  mov cx, 0x10
L3BE9:
3BE9  sub ax, ax
3BEB  mov bx, ax
L3BED:
3BED  mov byte ptr [0x37a2], al
3BF0  sub ah, ah
3BF2  add ax, 0x3730
3BF5  mov si, ax
3BF7  mov di, word ptr [0x37a0]
3BFB  add di, bx
3BFD  push cx
3BFE  mov cx, 0x801
3C01  push bx
3C02  call 0x2d9d
3C05  pop bx
3C06  pop cx
3C07  add bx, 2
3C0A  cmp bx, 0x1e
3C0D  jb 0x3c1e
3C0F  jne 0x3c15
3C11  mov al, 0x20
3C13  jmp 0x3bed
L3C15:
3C15  add word ptr [0x37a0], 0x140
3C1B  loop 0x3be9
3C1D  ret 
L3C1E:
3C1E  cmp byte ptr [0x37a2], 0x50
3C23  je 0x3c36
3C25  test cl, 1
3C28  jne 0x3c36
3C2A  call 0x2dfd
3C2D  cmp dl, 0x40
3C30  jb 0x3c36
3C32  mov al, 0x10
3C34  jmp 0x3bed
L3C36:
3C36  call 0x2dfd
3C39  mov al, dl
3C3B  sub al, bl
3C3D  and al, 0x30
3C3F  add al, 0x30
3C41  jmp 0x3bed

;======================================================================
proc_3C43:
3C43  mov ax, word ptr [0x579]
3C46  and ax, 0xfffc
3C49  cmp ax, 0xa4
3C4C  jb 0x3c7f
3C4E  cmp ax, 0x118
3C51  ja 0x3c7f
3C53  mov dl, byte ptr [0x57b]
3C57  sub dl, 2
3C5A  and dl, 0xf8
3C5D  test dl, 8
3C60  je 0x3c7f
3C62  cmp dl, 0x28
3C65  jb 0x3c7f
3C67  cmp dl, 0xa0
3C6A  ja 0x3c7f
3C6C  mov word ptr [0x579], ax
3C6F  add dl, 2
3C72  mov byte ptr [0x57b], dl
3C76  add dl, 0x32
3C79  mov byte ptr [0x57c], dl
3C7D  stc 
3C7E  ret 
L3C7F:
3C7F  clc 
3C80  ret 
3C81  00 00 00 00 00 00 00 00 00 00 00 00 00 00 00

;======================================================================
proc_3C90:
3C90  mov byte ptr [0x3966], 8
3C95  mov byte ptr [0x396a], 1
3C9A  mov byte ptr [0x3967], 0
3C9F  mov byte ptr [0x396d], 2
3CA4  mov word ptr [0x3964], 0x118
3CAA  mov word ptr [0x396b], 0
3CB0  ret 

;======================================================================
proc_3CB1:
3CB1  sub ah, ah
3CB3  int 0x1a
3CB5  mov ax, dx
3CB7  sub ax, word ptr [0x39c8]
3CBB  cmp ax, 2
3CBE  jae 0x3cc1
L3CC0:
3CC0  ret 
L3CC1:
3CC1  mov word ptr [0x39c8], dx
3CC5  call 0x3e52
3CC8  jb 0x3cc0
3CCA  call 0x3e6e
3CCD  jae 0x3cd2
3CCF  jmp 0x3d90
L3CD2:
3CD2  mov bx, word ptr [8]
3CD6  shl bl, 1
3CD8  mov ax, word ptr [bx + 0x39cc]
3CDC  mov word ptr [0x39c6], ax
3CDF  mov ax, word ptr [0x3964]
3CE2  mov word ptr [0x39c3], ax
3CE5  mov dl, byte ptr [0x3966]
3CE9  mov byte ptr [0x39c5], dl
3CED  cmp dl, 8
3CF0  jne 0x3d25
3CF2  and ax, 0xfff8
3CF5  mov dx, word ptr [0x579]
3CF9  and dx, 0xfff8
3CFD  cmp ax, dx
3CFF  jne 0x3d0d
3D01  mov byte ptr [0x3967], 1
3D06  mov byte ptr [0x396e], 1
3D0B  jmp 0x3d25
L3D0D:
3D0D  mov ax, word ptr [0x3964]
3D10  jb 0x3d1c
3D12  sub ax, word ptr [0x39c6]
3D16  jae 0x3d20
3D18  sub ax, ax
3D1A  jmp 0x3d20
L3D1C:
3D1C  add ax, word ptr [0x39c6]
L3D20:
3D20  mov word ptr [0x3964], ax
3D23  jmp 0x3d79
L3D25:
3D25  mov al, byte ptr [0x3966]
3D28  inc byte ptr [0x396e]
3D2C  mov dl, byte ptr [0x396e]
3D30  shr dl, 1
3D32  shr dl, 1
3D34  and dl, 3
3D37  add dl, 2
3D3A  cmp byte ptr [0x3967], 1
3D3F  je 0x3d52
3D41  sub al, dl
3D43  jb 0x3d49
3D45  cmp al, 9
3D47  jae 0x3d76
L3D49:
3D49  mov al, 8
3D4B  mov byte ptr [0x3967], 0
3D50  jmp 0x3d76
L3D52:
3D52  add al, dl
3D54  cmp al, byte ptr [0x57b]
3D58  ja 0x3d71
3D5A  mov bx, word ptr [0x3964]
3D5E  sub bx, word ptr [0x579]
3D62  jae 0x3d66
3D64  not bx
L3D66:
3D66  cmp bx, 0x30
3D69  ja 0x3d71
3D6B  cmp al, 0xa0
3D6D  jb 0x3d76
3D6F  mov al, 0x9f
L3D71:
3D71  mov byte ptr [0x3967], 0xff
L3D76:
3D76  mov byte ptr [0x3966], al
L3D79:
3D79  call 0x3e52
3D7C  jae 0x3d8b
3D7E  mov ax, word ptr [0x39c3]
3D81  mov word ptr [0x3964], ax
3D84  mov al, byte ptr [0x39c5]
3D87  mov byte ptr [0x3966], al
3D8A  ret 
L3D8B:
3D8B  call 0x3e6e
3D8E  jae 0x3dee
L3D90:
3D90  cmp byte ptr [0x553], 0
3D95  je 0x3d98
3D97  ret 
L3D98:
3D98  mov cx, word ptr [0x579]
3D9C  sub cx, 0xc
3D9F  jae 0x3da3
3DA1  sub cx, cx
L3DA3:
3DA3  cmp cx, 0x10f
3DA7  jb 0x3dac
3DA9  mov cx, 0x10e
L3DAC:
3DAC  mov dl, byte ptr [0x57b]
3DB0  sub dl, 4
3DB3  jae 0x3db7
3DB5  sub dl, dl
L3DB7:
3DB7  call 0x2cb0
3DBA  mov di, ax
3DBC  mov ax, 0xb800
3DBF  mov es, ax
3DC1  mov si, 0x37c0
3DC4  mov bp, 0xe
3DC7  mov cx, 0x1506
3DCA  call 0x2ccc
3DCD  call 0x56f4
3DD0  sub ah, ah
3DD2  int 0x1a
3DD4  mov word ptr [0x39c8], dx
L3DD8:
3DD8  call 0x5704
3DDB  sub ah, ah
3DDD  int 0x1a
3DDF  sub dx, word ptr [0x39c8]
3DE3  cmp dx, 9
3DE6  jb 0x3dd8
3DE8  mov byte ptr [0x552], 1
3DED  ret 
L3DEE:
3DEE  mov cx, word ptr [0x3964]
3DF2  mov dl, byte ptr [0x3966]
3DF6  call 0x2cb0
3DF9  mov word ptr [0x39ca], ax
3DFC  call 0x3e38
3DFF  dec byte ptr [0x396d]
3E03  jne 0x3e10
3E05  mov byte ptr [0x396d], 2
3E0A  xor word ptr [0x396b], 0x54
L3E10:
3E10  call 0x3e14
3E13  ret 

;======================================================================
proc_3E14:
3E14  mov ax, 0xb800
3E17  mov es, ax
3E19  mov di, word ptr [0x39ca]
3E1D  mov word ptr [0x3968], di
3E21  mov bp, 0x396f
3E24  mov byte ptr [0x396a], 0
3E29  mov si, word ptr [0x396b]
3E2D  add si, 0x38bc
3E31  mov cx, 0xe03
3E34  call 0x2ccc
3E37  ret 

;======================================================================
proc_3E38:
3E38  mov ax, 0xb800
3E3B  mov es, ax
3E3D  cmp byte ptr [0x396a], 0
3E42  jne 0x3e51
3E44  mov di, word ptr [0x3968]
3E48  mov si, 0x396f
3E4B  mov cx, 0xe03
3E4E  call 0x2d9d
L3E51:
3E51  ret 

;======================================================================
proc_3E52:
3E52  mov ax, word ptr [0x3964]
3E55  mov dl, byte ptr [0x3966]
3E59  mov si, 0x18
3E5C  mov bx, word ptr [0x327d]
3E60  mov dh, byte ptr [0x327f]
3E64  mov di, 0x10
3E67  mov cx, 0x1e0e
3E6A  call 0x2e29
3E6D  ret 

;======================================================================
proc_3E6E:
3E6E  mov ax, word ptr [0x3964]
3E71  mov dl, byte ptr [0x3966]
3E75  mov si, 0x18
3E78  mov di, si
3E7A  mov bx, word ptr [0x579]
3E7E  mov dh, byte ptr [0x57b]
3E82  mov cx, 0xe0e
3E85  call 0x2e29
3E88  ret 
3E89  00 00 00 00 00 00 00

;======================================================================
proc_3E90:
3E90  cmp byte ptr [0x39e1], 0
3E95  je 0x3ea4
3E97  sub ah, ah
3E99  int 0x1a
3E9B  cmp dx, word ptr [0x3d16]
3E9F  je 0x3eb9
3EA1  jmp 0x3f35
L3EA4:
3EA4  cmp byte ptr [0x584], 0
3EA9  jne 0x3eb9
3EAB  cmp byte ptr [0x69a], 0
3EB0  jne 0x3eb9
3EB2  cmp byte ptr [0x39e0], 0
3EB7  jne 0x3eba
L3EB9:
3EB9  ret 
L3EBA:
3EBA  call 0x4065
3EBD  jb 0x3eb9
3EBF  sub ah, ah
3EC1  int 0x1a
3EC3  mov ax, dx
3EC5  sub ax, word ptr [0x3d18]
3EC9  cmp ax, 0xc
3ECC  jb 0x3eb9
3ECE  mov word ptr [0x3d18], dx
3ED2  mov byte ptr [0x55c], 0
3ED7  mov bl, byte ptr [0x39e0]
3EDB  dec bl
3EDD  sub bh, bh
3EDF  mov si, bx
3EE1  mov cl, 2
3EE3  shl si, cl
3EE5  mov ax, word ptr [si + 0x3c5a]
3EE9  mov word ptr [0x39e2], ax
3EEC  sub ax, ax
3EEE  cmp bl, 3
3EF1  jae 0x3ef5
3EF3  mov al, 0x80
L3EF5:
3EF5  mov word ptr [0x39e4], ax
3EF8  mov bl, byte ptr [bx + 0x3ce3]
3EFC  mov si, bx
3EFE  mov cl, 2
3F00  shl si, cl
3F02  mov ax, word ptr [si + 0x3c5a]
3F06  mov word ptr [0x39e6], ax
3F09  sub ax, ax
3F0B  cmp bl, 3
3F0E  jae 0x3f12
3F10  mov al, 0x80
L3F12:
3F12  mov word ptr [0x39e8], ax
3F15  mov al, byte ptr [bx + 0x1050]
3F19  mov byte ptr [0x3d05], al
3F1C  shl bl, 1
3F1E  mov ax, word ptr [bx + 0x1137]
3F22  add ax, 8
3F25  mov word ptr [0x3d03], ax
3F28  call 0x11e3
3F2B  mov byte ptr [0x39e1], 0xe
3F30  mov byte ptr [0x69a], 0x10
L3F35:
3F35  cmp byte ptr [0x1cbf], 0
3F3A  jne 0x3f3f
3F3C  call 0x33a0
L3F3F:
3F3F  sub byte ptr [0x39e1], 2
3F44  sub bh, bh
3F46  mov bl, byte ptr [0x39e1]
3F4A  cmp bl, 8
3F4D  jb 0x3f58
3F4F  mov di, word ptr [0x39e2]
3F53  mov ax, word ptr [0x39e4]
3F56  jmp 0x3f70
L3F58:
3F58  mov di, word ptr [0x39e6]
3F5C  mov al, byte ptr [0x3d05]
3F5F  mov byte ptr [0x57b], al
3F62  add al, 0x32
3F64  mov byte ptr [0x57c], al
3F67  mov ax, word ptr [0x3d03]
3F6A  mov word ptr [0x579], ax
3F6D  mov ax, word ptr [0x39e8]
L3F70:
3F70  add ax, word ptr [bx + 0x3d06]
3F74  mov si, ax
3F76  mov ax, 0xb800
3F79  mov es, ax
3F7B  mov cx, 0x1002
3F7E  call 0x2d9d
3F81  cmp byte ptr [0x1cbf], 0
3F86  jne 0x3f8b
3F88  call 0x3339
L3F8B:
3F8B  sub ah, ah
3F8D  int 0x1a
3F8F  mov word ptr [0x3d16], dx
3F93  cmp byte ptr [0x39e1], 0
3F98  jne 0x3f9d
3F9A  call 0x1112
L3F9D:
3F9D  ret 

;======================================================================
proc_3F9E:
3F9E  mov ax, 0xb800
3FA1  mov es, ax
3FA3  mov byte ptr [0x39e0], 0
3FA8  mov byte ptr [0x39e1], 0
3FAD  mov word ptr [0x3cbf], 0x506
3FB3  mov word ptr [0x3cc1], 0
L3FB9:
3FB9  mov bx, word ptr [0x3cc1]
3FBD  mov cl, byte ptr [bx + 0x3cae]
3FC1  sub bx, bx
3FC3  mov ch, bl
L3FC5:
3FC5  mov si, 0x3aea
3FC8  call 0x2dfd
3FCB  cmp dl, 0x30
3FCE  ja 0x3fdb
3FD0  mov si, 0x3af8
3FD3  test dl, 4
3FD6  jne 0x3fdb
3FD8  mov si, 0x3b02
L3FDB:
3FDB  mov di, word ptr [0x3cbf]
3FDF  add di, bx
3FE1  push cx
3FE2  push bx
3FE3  mov cx, 0x801
3FE6  call 0x2d9d
3FE9  pop bx
3FEA  pop cx
3FEB  add bx, 2
3FEE  loop 0x3fc5
3FF0  add word ptr [0x3cbf], 0x140
3FF6  inc word ptr [0x3cc1]
3FFA  cmp word ptr [0x3cc1], 0x11
3FFF  jb 0x3fb9
4001  mov bx, 0x3c22
4004  sub ax, ax
4006  call 0x2b24
4009  mov bx, 0x3c3e
400C  sub ax, ax
400E  call 0x2b24
4011  mov bx, 0x3c9a
4014  sub ax, ax
4016  call 0x2b24
4019  mov bx, 0x3c56
401C  sub ax, ax
401E  call 0x2b24
4021  mov si, 0x3caa
4024  mov di, 0x8ec
4027  mov cx, 0x102
402A  mov bp, 0xe
402D  call 0x2d35
4030  sub si, si
4032  mov bx, word ptr [8]
4036  mov cl, 3
4038  and bl, cl
403A  shl bl, cl
L403C:
403C  mov al, byte ptr [bx + 0x3cc3]
4040  mov ah, al
4042  mov cl, 4
4044  shr al, cl
4046  mov byte ptr [si + 0x3ce3], al
404A  mov byte ptr [si + 0x3cf3], 0
404F  and ah, 0xf
4052  mov byte ptr [si + 0x3ce4], ah
4056  mov byte ptr [si + 0x3cf4], 0
405B  add si, 2
405E  inc bx
405F  cmp si, 0x10
4062  jb 0x403c
4064  ret 

;======================================================================
proc_4065:
4065  mov ax, word ptr [0x327d]
4068  mov dl, byte ptr [0x327f]
406C  mov si, 0x10
406F  mov bx, word ptr [0x579]
4073  mov dh, byte ptr [0x57b]
4077  mov di, 0x18
407A  mov cx, 0xe1e
407D  call 0x2e29
4080  ret 
4081  00 00 00 00 00 00 00 00 00 00 00 00 00 00 00

;======================================================================
proc_4090:
4090  mov cx, 4
L4093:
4093  mov bx, cx
4095  dec bx
4096  mov si, bx
4098  shl si, 1
409A  mov byte ptr [bx + 0x3eae], 1
409F  mov byte ptr [bx + 0x3eb2], 0
40A4  call 0x4277
40A7  call 0x2dfd
40AA  and dl, 0xf
40AD  add dl, 0x14
40B0  mov byte ptr [bx + 0x3eb6], dl
40B4  loop 0x4093
40B6  mov word ptr [0x3eda], 0
40BC  mov byte ptr [0x3ed8], 4
40C1  ret 

;======================================================================
proc_40C2:
40C2  sub ah, ah
40C4  int 0x1a
40C6  cmp dx, word ptr [0x3edc]
40CA  jne 0x40cd
L40CC:
40CC  ret 
L40CD:
40CD  inc word ptr [0x3eda]
40D1  mov bx, word ptr [0x3eda]
40D5  cmp bx, 2
40D8  jbe 0x40e5
40DA  cmp bx, 4
40DD  jb 0x40e9
40DF  sub bx, bx
40E1  mov word ptr [0x3eda], bx
L40E5:
40E5  mov word ptr [0x3edc], dx
L40E9:
40E9  mov si, bx
40EB  shl si, 1
40ED  cmp byte ptr [bx + 0x3eb2], 0
40F2  jne 0x40cc
40F4  call 0x42db
40F7  jae 0x40fc
40F9  jmp 0x4124
40FB  90
L40FC:
40FC  call 0x42fc
40FF  jb 0x40cc
4101  cmp byte ptr [bx + 0x3eb6], 0
4106  jne 0x4118
4108  call 0x4277
410B  call 0x2dfd
410E  and dl, 7
4111  add dl, 0x14
4114  mov byte ptr [bx + 0x3eb6], dl
L4118:
4118  dec byte ptr [bx + 0x3eb6]
411C  call 0x42db
411F  jb 0x4124
4121  jmp 0x4181
4123  90
L4124:
4124  cmp byte ptr [bx + 0x3eae], 0
4129  jne 0x4132
412B  cmp byte ptr [bx + 0x3eb6], 0x14
4130  jb 0x4133
L4132:
4132  ret 
L4133:
4133  call 0x11e3
4136  call 0x4254
4139  mov bx, word ptr [0x3eda]
413D  mov byte ptr [bx + 0x3eb2], 1
4142  call 0x1124
4145  mov byte ptr [0x55c], 0
414A  dec byte ptr [0x3ed8]
414E  jne 0x4155
4150  mov byte ptr [0x553], 1
L4155:
4155  mov al, 4
4157  sub al, byte ptr [0x3ed8]
415B  mov cl, 2
415D  shl al, cl
415F  sub ah, ah
4161  add ax, 0x51
4164  mov di, ax
4166  mov bp, 0xe
4169  mov si, 0x3d20
416C  mov ax, 0xb800
416F  mov es, ax
4171  mov cx, 0xc02
4174  call 0x2d35
4177  mov ax, 0x3e8
417A  mov bx, 0x2ee
417D  call 0x593b
4180  ret 
L4181:
4181  call 0x42b4
4184  mov di, word ptr [8]
4188  shl di, 1
418A  mov bp, word ptr [di + 0x3ede]
418E  call 0x431c
4191  jae 0x41b0
4193  cmp byte ptr [bx + 0x3eb6], 2
4198  jb 0x41b0
419A  mov al, 1
419C  cmp byte ptr [bx + 0x3eb6], 0x11
41A1  jbe 0x41ac
41A3  cmp byte ptr [bx + 0x3eb6], 0x14
41A8  jae 0x41b0
41AA  dec al
L41AC:
41AC  mov byte ptr [bx + 0x3eb6], al
L41B0:
41B0  mov al, byte ptr [bx + 0x3eb6]
41B4  cmp al, 1
41B6  jbe 0x41d8
41B8  cmp al, 0x12
41BA  jb 0x41f8
41BC  mov al, 1
41BE  cmp word ptr [si + 0x3eba], 3
41C3  jae 0x41c7
41C5  mov al, 3
L41C7:
41C7  add byte ptr [bx + 0x3ed4], al
41CB  cmp byte ptr [bx + 0x3eb6], 0x13
41D0  jb 0x41f3
41D2  je 0x41ee
41D4  sub ax, ax
41D6  jmp 0x4204
L41D8:
41D8  mov al, 1
41DA  cmp word ptr [si + 0x3eba], 3
41DF  jae 0x41e3
41E1  mov al, 3
L41E3:
41E3  add byte ptr [bx + 0x3ed4], al
41E7  cmp byte ptr [bx + 0x3eb6], 1
41EC  jae 0x41f3
L41EE:
41EE  mov ax, 0x3db0
41F1  jmp 0x4204
L41F3:
41F3  mov ax, 0x3d80
41F6  jmp 0x4204
L41F8:
41F8  shl al, 1
41FA  mov di, ax
41FC  and di, 2
4200  mov ax, word ptr [di + 0x3de0]
L4204:
4204  mov word ptr [0x3eca], ax
4207  mov dl, byte ptr [bx + 0x3ed4]
420B  mov cx, word ptr [si + 0x3ecc]
420F  call 0x2cb0
4212  mov word ptr [0x3de4], ax
4215  call 0x4254
4218  mov bx, word ptr [0x3eda]
421C  mov si, bx
421E  shl si, 1
4220  call 0x42fc
4223  jae 0x4226
4225  ret 
L4226:
4226  cmp word ptr [0x3eca], 0
422B  jne 0x4233
422D  mov byte ptr [bx + 0x3eae], 1
4232  ret 
L4233:
4233  mov byte ptr [bx + 0x3eae], 0
4238  mov di, word ptr [0x3de4]
423C  mov word ptr [si + 0x3ea6], di
4240  mov ax, 0xb800
4243  mov es, ax
4245  mov bp, word ptr [si + 0x3ec2]
4249  mov cx, 0xc02
424C  mov si, word ptr [0x3eca]
4250  call 0x2d35
4253  ret 

;======================================================================
proc_4254:
4254  mov bx, word ptr [0x3eda]
4258  mov si, bx
425A  shl si, 1
425C  cmp byte ptr [bx + 0x3eae], 0
4261  jne 0x4276
4263  mov di, word ptr [si + 0x3ea6]
4267  mov cx, 0xc02
426A  mov si, word ptr [si + 0x3ec2]
426E  mov ax, 0xb800
4271  mov es, ax
4273  call 0x2d9d
L4276:
4276  ret 

;======================================================================
proc_4277:
4277  mov byte ptr [0x3ed9], 0x20
L427C:
427C  call 0x2dfd
427F  and dx, 0xf
4283  sub di, di
L4285:
4285  cmp di, si
4287  je 0x428f
4289  cmp dx, word ptr [di + 0x3eba]
428D  je 0x427c
L428F:
428F  add di, 2
4292  cmp di, 8
4295  jb 0x4285
4297  mov word ptr [si + 0x3eba], dx
429B  call 0x42b4
429E  cmp byte ptr [0x3ed9], 0
42A3  je 0x42b3
42A5  mov bp, 0x32
42A8  call 0x431c
42AB  jae 0x42b3
42AD  dec byte ptr [0x3ed9]
42B1  jmp 0x427c
L42B3:
42B3  ret 

;======================================================================
proc_42B4:
42B4  mov di, word ptr [si + 0x3eba]
42B8  mov al, byte ptr [di + 0x1050]
42BC  mov dl, 0xa
42BE  cmp di, 3
42C1  jae 0x42c5
42C3  sub dl, dl
L42C5:
42C5  sub al, dl
42C7  add al, 3
42C9  mov byte ptr [bx + 0x3ed4], al
42CD  shl di, 1
42CF  mov ax, word ptr [di + 0x1137]
42D3  add ax, 8
42D6  mov word ptr [si + 0x3ecc], ax
42DA  ret 

;======================================================================
proc_42DB:
42DB  push si
42DC  push bx
42DD  mov ax, word ptr [si + 0x3ecc]
42E1  mov dl, byte ptr [bx + 0x3ed4]
42E5  mov si, 0x10
42E8  mov bx, word ptr [0x579]
42EC  mov dh, byte ptr [0x57b]
42F0  mov di, 0x18
42F3  mov cx, 0xe0c
42F6  call 0x2e29
42F9  pop bx
42FA  pop si
42FB  ret 

;======================================================================
proc_42FC:
42FC  push si
42FD  push bx
42FE  mov ax, word ptr [si + 0x3ecc]
4302  mov dl, byte ptr [bx + 0x3ed4]
4306  mov si, 0x10
4309  mov bx, word ptr [0x327d]
430D  mov dh, byte ptr [0x327f]
4311  mov di, si
4313  mov cx, 0x1e0c
4316  call 0x2e29
4319  pop bx
431A  pop si
431B  ret 

;======================================================================
proc_431C:
431C  mov ax, word ptr [si + 0x3ecc]
4320  sub ax, word ptr [0x579]
4324  jae 0x4328
4326  not ax
L4328:
4328  mov dl, byte ptr [bx + 0x3ed4]
432C  sub dl, byte ptr [0x57b]
4330  jae 0x4334
4332  not dl
L4334:
4334  sub dh, dh
4336  add ax, dx
4338  cmp ax, bp
433A  jb 0x433e
433C  clc 
433D  ret 
L433E:
433E  stc 
433F  ret 

;======================================================================
proc_4340:
4340  sub ah, ah
4342  int 0x1a
4344  cmp dx, word ptr [0x40b5]
4348  jne 0x434b
L434A:
434A  ret 
L434B:
434B  inc byte ptr [0x40ff]
434F  test byte ptr [0x40ff], 3
4354  je 0x435a
4356  mov word ptr [0x40b5], dx
L435A:
435A  cmp byte ptr [0x40aa], 0xa4
435F  jb 0x434a
4361  call 0x452d
4364  call 0x4557
4367  jb 0x434a
4369  call 0x2dfd
436C  cmp dl, 0x30
436F  ja 0x439c
4371  call 0x44fb
4374  mov si, word ptr [8]
4378  shl si, 1
437A  mov ax, word ptr [si + 0x40ce]
437E  cmp word ptr [0x40cc], ax
4382  ja 0x439c
4384  call 0x595d
4387  mov word ptr [0x40c8], 0xff
438D  mov al, byte ptr [0x40ca]
4390  mov byte ptr [0x40b7], al
4393  mov al, byte ptr [0x40cb]
4396  mov byte ptr [0x40b8], al
4399  jmp 0x442e
L439C:
439C  cmp word ptr [0x40c8], 0xa
43A1  ja 0x43b1
43A3  call 0x2dfd
43A6  cmp dl, 6
43A9  ja 0x43b4
43AB  mov word ptr [0x40c8], 0xff
L43B1:
43B1  jmp 0x4402
43B3  90
L43B4:
43B4  mov bx, word ptr [0x40c8]
43B8  mov si, bx
43BA  shl si, 1
43BC  sub dl, dl
43BE  mov ax, word ptr [0x40b2]
43C1  and ax, 0xffc
43C4  cmp ax, word ptr [si + 0x40de]
43C8  je 0x43d0
43CA  inc dl
43CC  jb 0x43d0
43CE  mov dl, 0xff
L43D0:
43D0  mov byte ptr [0x40b7], dl
43D4  sub dl, dl
43D6  mov al, byte ptr [0x40b4]
43D9  and al, 0xfe
43DB  cmp al, byte ptr [bx + 0x40f4]
43DF  je 0x43e7
43E1  inc dl
43E3  jb 0x43e7
43E5  mov dl, 0xff
L43E7:
43E7  mov byte ptr [0x40b8], dl
43EB  or dl, byte ptr [0x40b7]
43EF  jne 0x442e
43F1  call 0x2dfd
43F4  cmp dl, 0x10
43F7  ja 0x442e
43F9  mov word ptr [0x40c8], 0xff
43FF  call 0x595d
L4402:
4402  call 0x2dfd
4405  cmp dl, 0x30
4408  ja 0x4423
440A  and dl, 1
440D  jne 0x4411
440F  mov dl, 0xff
L4411:
4411  mov byte ptr [0x40b7], dl
4415  call 0x2dfd
4418  and dl, 1
441B  jne 0x441f
441D  mov dl, 0xff
L441F:
441F  mov byte ptr [0x40b8], dl
L4423:
4423  call 0x2dfd
4426  and dx, 0xff
442A  mov word ptr [0x40c8], dx
L442E:
442E  mov al, byte ptr [0x40b4]
4431  cmp byte ptr [0x40b8], 1
4436  jb 0x4459
4438  jne 0x4449
443A  add al, 2
443C  cmp al, 0xa8
443E  jb 0x4456
4440  mov al, 0xa7
4442  mov byte ptr [0x40b8], 0xff
4447  jmp 0x4456
L4449:
4449  sub al, 2
444B  cmp al, 0x30
444D  jae 0x4456
444F  mov al, 0x30
4451  mov byte ptr [0x40b8], 1
L4456:
4456  mov byte ptr [0x40b4], al
L4459:
4459  mov ax, word ptr [0x40b2]
445C  cmp byte ptr [0x40b7], 1
4461  jb 0x4486
4463  jne 0x4477
4465  add ax, 4
4468  cmp ax, 0x136
446B  jb 0x4483
446D  mov ax, 0x135
4470  mov byte ptr [0x40b7], 0xff
4475  jmp 0x4483
L4477:
4477  sub ax, 4
447A  jae 0x4483
447C  sub ax, ax
447E  mov byte ptr [0x40b7], 1
L4483:
4483  mov word ptr [0x40b2], ax
L4486:
4486  call 0x452d
4489  mov cx, word ptr [0x40b2]
448D  mov dl, byte ptr [0x40b4]
4491  call 0x2cb0
4494  mov word ptr [0x40bc], ax
4497  mov ax, 0xb800
449A  mov es, ax
449C  cmp byte ptr [0x40b9], 0
44A1  jne 0x44b0
44A3  mov si, 0x3f2c
44A6  mov di, word ptr [0x40ba]
44AA  mov cx, 0x501
44AD  call 0x2d9d
L44B0:
44B0  call 0x4557
44B3  jb 0x44e6
44B5  mov byte ptr [0x40b9], 0
44BA  add word ptr [0x40be], 2
44BF  mov bx, word ptr [0x40be]
44C3  and bx, 6
44C7  mov si, word ptr [bx + 0x40c0]
44CB  cmp byte ptr [0x40b7], 0xff
44D0  jne 0x44d5
44D2  add si, 0x1e
L44D5:
44D5  mov di, word ptr [0x40bc]
44D9  mov word ptr [0x40ba], di
44DD  mov bp, 0x3f2c
44E0  mov cx, 0x501
44E3  call 0x2ccc
L44E6:
44E6  ret 

;======================================================================
proc_44E7:
44E7  cmp byte ptr [0x571], 0
44EC  jne 0x44f9
44EE  mov al, byte ptr [0x57b]
44F1  and al, 0xf8
44F3  cmp al, 0x88
44F5  jne 0x44f9
44F7  stc 
44F8  ret 
L44F9:
44F9  clc 
44FA  ret 

;======================================================================
proc_44FB:
44FB  mov ax, word ptr [0x40b2]
44FE  mov dl, 1
4500  sub ax, word ptr [0x579]
4504  jae 0x450a
4506  not ax
4508  mov dl, 0xff
L450A:
450A  mov byte ptr [0x40ca], dl
450E  mov word ptr [0x40cc], ax
4511  mov al, byte ptr [0x40b4]
4514  mov dl, 1
4516  sub al, byte ptr [0x57b]
451A  jae 0x4520
451C  not al
451E  mov dl, 0xff
L4520:
4520  mov byte ptr [0x40cb], dl
4524  sub ah, ah
4526  shl ax, 1
4528  add word ptr [0x40cc], ax
452C  ret 

;======================================================================
proc_452D:
452D  mov ax, word ptr [0x40b2]
4530  mov dl, byte ptr [0x40b4]
4534  mov si, 8
4537  mov bx, word ptr [0x579]
453B  mov dh, byte ptr [0x57b]
453F  mov di, 0x18
4542  mov cx, 0xe05
4545  call 0x2e29
4548  jae 0x4556
454A  cmp byte ptr [0x552], 0
454F  jne 0x4556
4551  mov byte ptr [0x553], 1
L4556:
4556  ret 

;======================================================================
proc_4557:
4557  mov ax, word ptr [0x40b2]
455A  mov dl, byte ptr [0x40b4]
455E  mov si, 8
4561  mov bx, word ptr [0x327d]
4565  mov dh, byte ptr [0x327f]
4569  mov di, 0x10
456C  mov cx, 0x1e05
456F  call 0x2e29
4572  jae 0x4579
4574  mov byte ptr [0x40b8], 0xff
L4579:
4579  ret 

;======================================================================
proc_457A:
457A  mov cx, 0x90
457D  mov dl, 0x86
457F  mov word ptr [0x40a8], cx
4583  mov byte ptr [0x40aa], dl
4587  call 0x2cb0
458A  mov word ptr [0x40ab], ax
458D  call 0x4759
4590  mov byte ptr [0x40af], 0
4595  mov byte ptr [0x40b1], 0
459A  mov byte ptr [0x40b9], 1
459F  mov byte ptr [0x40b8], 0
45A4  mov word ptr [0x40c8], 0xff
45AA  ret 

;======================================================================
proc_45AB:
45AB  sub ah, ah
45AD  int 0x1a
45AF  cmp dx, word ptr [0x40ad]
45B3  jne 0x45b6
L45B5:
45B5  ret 
L45B6:
45B6  mov word ptr [0x40ad], dx
45BA  cmp byte ptr [0x40aa], 0xa4
45BF  jae 0x45b5
45C1  call 0x4786
45C4  jae 0x45d6
45C6  call 0x44e7
45C9  jae 0x45b5
45CB  mov byte ptr [0x571], 1
45D0  mov byte ptr [0x55b], 0x10
45D5  ret 
L45D6:
45D6  call 0x473e
45D9  jae 0x4649
45DB  cmp byte ptr [0x40af], 0
45E0  jne 0x45fa
45E2  mov al, byte ptr [0x56e]
45E5  cmp al, 0
45E7  jne 0x45f7
45E9  inc al
45EB  mov bx, word ptr [0x40a8]
45EF  cmp bx, word ptr [0x579]
45F3  ja 0x45f7
45F5  mov al, 0xff
L45F7:
45F7  mov byte ptr [0x40b0], al
L45FA:
45FA  mov byte ptr [0x40af], 1
45FF  mov cx, 0x20
L4602:
4602  mov ax, word ptr [0x579]
4605  mov dl, 1
4607  cmp byte ptr [0x40b0], 1
460C  jne 0x4615
460E  sub ax, 8
4611  mov dl, 0xff
4613  jmp 0x4618
L4615:
4615  add ax, 8
L4618:
4618  mov word ptr [0x579], ax
461B  mov byte ptr [0x56e], dl
461F  mov al, byte ptr [0x57b]
4622  cmp byte ptr [0x571], 1
4627  jb 0x4639
4629  jne 0x462f
462B  sub al, 3
462D  jmp 0x4631
L462F:
462F  add al, 3
L4631:
4631  mov byte ptr [0x57b], al
4634  add al, 0x32
4636  mov byte ptr [0x57c], al
L4639:
4639  push cx
463A  call 0x473e
463D  pop cx
463E  jae 0x4642
4640  loop 0x4602
L4642:
4642  call 0x11e3
4645  call 0x1112
L4648:
4648  ret 
L4649:
4649  cmp byte ptr [0x40b1], 0
464E  jne 0x46a2
4650  cmp byte ptr [0x40af], 0
4655  je 0x4648
4657  mov ax, word ptr [0x40a8]
465A  cmp byte ptr [0x40b0], 1
465F  jne 0x4666
4661  add ax, 8
4664  jmp 0x4669
L4666:
4666  sub ax, 8
L4669:
4669  mov word ptr [0x40a8], ax
466C  call 0x473e
466F  jae 0x4672
4671  ret 
L4672:
4672  mov ax, 0xc00
4675  mov bx, 0xb54
4678  call 0x593b
467B  mov byte ptr [0x40af], 0
4680  mov cx, word ptr [0x40a8]
4684  mov dl, byte ptr [0x40aa]
4688  call 0x2cb0
468B  mov word ptr [0x40ab], ax
468E  call 0x4773
4691  call 0x4759
4694  mov ax, word ptr [0x40a8]
4697  cmp ax, 0x78
469A  jb 0x46a2
469C  cmp ax, 0xa8
469F  ja 0x46a2
46A1  ret 
L46A2:
46A2  mov byte ptr [0x40b1], 1
46A7  cmp byte ptr [0x1cbf], 0
46AC  je 0x46be
46AE  call 0x44e7
46B1  jae 0x46bd
46B3  mov byte ptr [0x571], 1
46B8  mov byte ptr [0x55b], 0x10
L46BD:
46BD  ret 
L46BE:
46BE  sub ah, ah
46C0  int 0x1a
46C2  cmp dx, word ptr [0x40ad]
46C6  je 0x46a2
46C8  mov word ptr [0x40ad], dx
46CC  cmp byte ptr [0], 0
46D1  je 0x46ec
46D3  mov al, 0xb6
46D5  out 0x43, al
46D7  mov al, byte ptr [0x40aa]
46DA  sub ah, ah
46DC  shl ax, 1
46DE  shl ax, 1
46E0  out 0x42, al
46E2  mov al, ah
46E4  out 0x42, al
46E6  in al, 0x61
46E8  or al, 3
46EA  out 0x61, al
L46EC:
46EC  mov dl, byte ptr [0x40aa]
46F0  cmp dl, 0xa4
46F3  jae 0x470e
46F5  add dl, 5
46F8  mov byte ptr [0x40aa], dl
46FC  mov cx, word ptr [0x40a8]
4700  call 0x2cb0
4703  mov word ptr [0x40ab], ax
4706  call 0x4773
4709  call 0x4759
470C  jmp 0x46be
L470E:
470E  call 0x5b21
4711  call 0x4773
4714  mov bp, 0x401e
4717  dec word ptr [0x40a6]
471B  mov di, word ptr [0x40a6]
471F  mov si, 0x3f36
4722  mov cx, 0x1104
4725  call 0x2d35
4728  mov ax, word ptr [0x40a8]
472B  mov word ptr [0x40b2], ax
472E  mov al, byte ptr [0x40aa]
4731  mov byte ptr [0x40b4], al
4734  call 0x44fb
4737  mov al, byte ptr [0x40ca]
473A  mov byte ptr [0x40b7], al
473D  ret 

;======================================================================
proc_473E:
473E  mov ax, word ptr [0x40a8]
4741  mov dl, byte ptr [0x40aa]
4745  mov si, 0x18
4748  mov bx, word ptr [0x579]
474C  mov dh, byte ptr [0x57b]
4750  mov di, si
4752  mov cx, 0xe10
4755  call 0x2e29
4758  ret 

;======================================================================
proc_4759:
4759  mov ax, 0xb800
475C  mov es, ax
475E  mov bp, 0x401e
4761  mov si, 0x3fbe
4764  mov di, word ptr [0x40ab]
4768  mov word ptr [0x40a6], di
476C  mov cx, 0x1003
476F  call 0x2d35
4772  ret 

;======================================================================
proc_4773:
4773  mov ax, 0xb800
4776  mov es, ax
4778  mov si, 0x401e
477B  mov di, word ptr [0x40a6]
477F  mov cx, 0x1003
4782  call 0x2d9d
4785  ret 

;======================================================================
proc_4786:
4786  cmp byte ptr [0x327f], 0x66
478B  jb 0x47a4
478D  mov ax, word ptr [0x40a8]
4790  sub ax, 0x14
4793  cmp ax, word ptr [0x327d]
4797  ja 0x47a4
4799  add ax, 0x30
479C  cmp ax, word ptr [0x327d]
47A0  jb 0x47a4
47A2  stc 
47A3  ret 
L47A4:
47A4  clc 
47A5  ret 
47A6  00 00 00 00 00 00 00 00 00 00

;======================================================================
proc_47B0:
47B0  mov ax, word ptr [0x327d]
47B3  mov dl, byte ptr [0x327f]
47B7  mov si, 0x10
47BA  mov bx, word ptr [0x579]
47BE  sub bx, 8
47C1  jae 0x47c5
47C3  sub bx, bx
L47C5:
47C5  mov dh, byte ptr [0x57b]
47C9  add dh, 3
47CC  mov di, 0x28
47CF  mov cx, 0xe1e
47D2  call 0x2e29
47D5  ret 

;======================================================================
proc_47D6:
47D6  sub ah, ah
47D8  int 0x1a
47DA  mov ax, dx
47DC  sub ax, word ptr [0x44d7]
47E0  mov si, word ptr [8]
47E4  shl si, 1
47E6  cmp ax, word ptr [si + 0x44dc]
47EA  ja 0x47ed
L47EC:
47EC  ret 
L47ED:
47ED  mov word ptr [0x44d7], dx
47F1  cmp byte ptr [0x1cb8], 0
47F6  jne 0x47ec
47F8  mov byte ptr [0x44fc], 0
47FD  mov cx, 0xc
L4800:
4800  mov bx, cx
4802  dec bx
4803  shl bl, 1
4805  cmp word ptr [bx + 0x4441], 0
480A  je 0x487d
480C  mov ax, word ptr [bx + 0x43f9]
4810  cmp al, byte ptr [0x57b]
4814  jne 0x485d
4816  mov ax, word ptr [bx + 0x43e1]
481A  sub ax, word ptr [0x579]
481E  jae 0x4822
4820  not ax
L4822:
4822  mov si, word ptr [8]
4826  shl si, 1
4828  cmp ax, word ptr [si + 0x44ec]
482C  ja 0x485d
482E  cmp word ptr [bx + 0x4459], 2
4833  jb 0x484c
4835  mov ax, word ptr [bx + 0x4411]
4839  mov word ptr [0x44da], ax
483C  call 0x488d
483F  call 0x48a1
4842  call 0x3339
4845  call 0x1145
4848  call 0x2136
484B  ret 
L484C:
484C  inc word ptr [bx + 0x4459]
4850  cmp word ptr [bx + 0x4459], 2
4855  jb 0x4870
4857  inc byte ptr [0x44fc]
485B  jmp 0x4870
L485D:
485D  cmp word ptr [bx + 0x4459], 0
4862  je 0x487d
4864  call 0x2dfd
4867  cmp dl, 0x38
486A  ja 0x4870
486C  dec word ptr [bx + 0x4459]
L4870:
4870  push cx
4871  push bx
4872  call 0x48d7
4875  pop bx
4876  call 0x4916
4879  call 0x48c1
487C  pop cx
L487D:
487D  loop 0x488a
487F  cmp byte ptr [0x44fc], 0
4884  je 0x4889
4886  call 0x5691
L4889:
4889  ret 
L488A:
488A  jmp 0x4800

;======================================================================
proc_488D:
488D  cmp byte ptr [0x44bd], 0
4892  je 0x489d
4894  call 0x4b03
4897  mov byte ptr [0x44bd], 0
489C  ret 
L489D:
489D  call 0x11e3
48A0  ret 

;======================================================================
proc_48A1:
48A1  push ds
48A2  pop es
48A3  cld 
48A4  mov di, 0xe
48A7  mov si, di
48A9  mov ax, 0xaaaa
48AC  mov cx, 0x41
48AF  rep stosw word ptr es:[di], ax
48B1  mov ax, 0xb800
48B4  mov es, ax
48B6  mov di, word ptr [0x44da]
48BA  mov cx, 0xd05
48BD  call 0x2d9d
48C0  ret 

;======================================================================
proc_48C1:
48C1  cmp byte ptr [0x44d9], 0
48C6  je 0x48d2
48C8  cmp byte ptr [0x44bd], 0
48CD  je 0x48d3
48CF  call 0x4b1d
L48D2:
48D2  ret 
L48D3:
48D3  call 0x1145
48D6  ret 

;======================================================================
proc_48D7:
48D7  mov byte ptr [0x44d9], 0
48DC  mov ax, word ptr [bx + 0x43e1]
48E0  mov dx, word ptr [bx + 0x43f9]
48E4  sub ax, 0x14
48E7  mov si, 0x28
48EA  mov bx, word ptr [0x579]
48EE  mov dh, byte ptr [0x57b]
48F2  mov cx, 0xe06
48F5  mov di, 0x18
48F8  call 0x2e29
48FB  jae 0x4915
48FD  mov byte ptr [0x44d9], 1
L4902:
4902  call 0x13d8
4905  je 0x4902
4907  cmp byte ptr [0x44bd], 0
490C  je 0x4912
490E  call 0x4b03
4911  ret 
L4912:
4912  call 0x11e3
L4915:
4915  ret 

;======================================================================
proc_4916:
4916  mov ax, word ptr [bx + 0x4411]
491A  mov si, word ptr [bx + 0x4459]
491E  shl si, 1
4920  add si, 0x4100
4924  add ax, 0xa7
4927  cmp word ptr [bx + 0x4429], 0x429c
492D  je 0x4935
492F  sub ax, 6
4932  add si, 6
L4935:
4935  mov di, ax
4937  mov ax, 0xb800
493A  mov es, ax
493C  mov cx, 0x101
493F  call 0x2d9d
4942  ret 

;======================================================================
proc_4943:
4943  cmp byte ptr [0x1cb8], 0
4948  jne 0x4966
494A  cmp byte ptr [0x44be], 0
494F  je 0x495c
4951  mov al, byte ptr [0x44be]
4954  mov byte ptr [0x698], al
4957  mov byte ptr [0x699], 0
L495C:
495C  sub ah, ah
495E  int 0x1a
4960  cmp dx, word ptr [0x44d3]
4964  jne 0x4967
L4966:
4966  ret 
L4967:
4967  mov word ptr [0x44d3], dx
496B  cmp byte ptr [0x584], 0
4970  je 0x4995
4972  cmp byte ptr [0x44bd], 0
4977  je 0x4994
4979  call 0x4b03
497C  call 0x33a0
497F  call 0x1124
4982  call 0x3339
4985  mov byte ptr [0x44bd], 0
498A  mov byte ptr [0x43e0], 1
498F  mov byte ptr [0x44be], 0
L4994:
4994  ret 
L4995:
4995  cmp byte ptr [0x69a], 0
499A  je 0x499f
499C  jmp 0x49f9
499E  90
L499F:
499F  mov ax, 0xffff
49A2  mov word ptr [0x44c1], ax
49A5  mov word ptr [0x44bf], ax
49A8  mov cx, 0xc
49AB  mov si, word ptr [0x579]
49AF  mov dl, byte ptr [0x57b]
49B3  add dl, 8
L49B6:
49B6  mov bx, cx
49B8  dec bx
49B9  cmp byte ptr [bx + 0x44c4], 1
49BE  jb 0x49f0
49C0  cmp dl, byte ptr [bx + 0x4499]
49C4  jne 0x49f0
49C6  mov ax, si
49C8  shl bl, 1
49CA  mov dh, 0xff
49CC  sub ax, word ptr [bx + 0x4481]
49D0  jae 0x49d6
49D2  not ax
49D4  mov dh, 1
L49D6:
49D6  cmp ax, word ptr [0x44bf]
49DA  ja 0x49f0
49DC  mov word ptr [0x44bf], ax
49DF  mov ax, word ptr [bx + 0x44a5]
49E3  mov word ptr [0x44d1], ax
49E6  shr bl, 1
49E8  mov word ptr [0x44c1], bx
49EC  mov byte ptr [0x44c3], dh
L49F0:
49F0  loop 0x49b6
49F2  cmp word ptr [0x44c1], 0xc
49F7  jb 0x4a20
L49F9:
49F9  cmp byte ptr [0x44bd], 0
49FE  je 0x4a0b
4A00  call 0x4b03
4A03  call 0x1145
4A06  mov byte ptr [0x69a], 0x10
L4A0B:
4A0B  mov byte ptr [0x44bd], 0
4A10  mov byte ptr [0x43e0], 1
4A15  mov byte ptr [0x44d0], 0
4A1A  mov byte ptr [0x44be], 0
4A1F  ret 
L4A20:
4A20  cmp word ptr [0x44bf], 4
4A25  jb 0x4a4b
4A27  cmp word ptr [0x44bf], 8
4A2C  ja 0x4a33
4A2E  mov byte ptr [0x572], 4
L4A33:
4A33  mov al, byte ptr [0x44c3]
4A36  mov byte ptr [0x698], al
4A39  mov byte ptr [0x56e], al
4A3C  mov byte ptr [0x44be], al
4A3F  mov byte ptr [0x699], 0
4A44  mov byte ptr [0x571], 0
4A49  jmp 0x49f9
L4A4B:
4A4B  mov byte ptr [0x44be], 0
4A50  cmp byte ptr [0x44bd], 0
4A55  jne 0x4a5d
4A57  call 0x11e3
4A5A  call 0x1124
L4A5D:
4A5D  mov byte ptr [0x44bd], 1
4A62  sub al, al
4A64  add byte ptr [0x44d0], 0x30
4A69  jae 0x4a6d
4A6B  inc al
L4A6D:
4A6D  mov byte ptr [0x44d5], al
4A70  mov cx, word ptr [0x579]
4A74  and cx, 0xffc
4A78  mov dl, byte ptr [0x57b]
4A7C  add dl, 3
4A7F  cmp word ptr [0x44d1], 0x410c
4A85  je 0x4a95
4A87  add cx, 8
4A8A  cmp cx, 0x127
4A8E  jb 0x4a9c
4A90  mov cx, 0x126
4A93  jmp 0x4a9c
L4A95:
4A95  sub cx, 8
4A98  jae 0x4a9c
4A9A  sub cx, cx
L4A9C:
4A9C  call 0x2cb0
4A9F  mov word ptr [0x43dc], ax
L4AA2:
4AA2  call 0x13d8
4AA5  je 0x4aa2
4AA7  call 0x4b03
4AAA  cmp byte ptr [0x44d5], 0
4AAF  je 0x4aff
4AB1  mov bx, word ptr [0x44c1]
4AB5  cmp byte ptr [bx + 0x44c4], 0
4ABA  je 0x4aff
4ABC  dec byte ptr [bx + 0x44c4]
4AC0  jne 0x4ae7
4AC2  push bx
4AC3  mov ax, 0x8fd
4AC6  mov bx, 0x723
4AC9  call 0x593b
4ACC  pop bx
4ACD  mov byte ptr [0x698], 0
4AD2  mov byte ptr [0x44be], 0
4AD7  mov byte ptr [0x69a], 0x10
4ADC  dec byte ptr [0x44d6]
4AE0  jne 0x4ae7
4AE2  mov byte ptr [0x553], 1
L4AE7:
4AE7  push bx
4AE8  call 0x47b0
4AEB  pop bx
4AEC  jae 0x4afc
4AEE  push bx
4AEF  call 0x33a0
4AF2  pop bx
4AF3  call 0x4bc8
4AF6  call 0x3339
4AF9  jmp 0x4aff
4AFB  90
L4AFC:
4AFC  call 0x4bc8
L4AFF:
4AFF  call 0x4b1d
4B02  ret 

;======================================================================
proc_4B03:
4B03  cmp byte ptr [0x43e0], 0
4B08  jne 0x4b1c
4B0A  mov di, word ptr [0x43de]
4B0E  mov si, 0x43a0
4B11  mov ax, 0xb800
4B14  mov es, ax
4B16  mov cx, 0xa03
4B19  call 0x2d9d
L4B1C:
4B1C  ret 

;======================================================================
proc_4B1D:
4B1D  mov byte ptr [0x43e0], 0
4B22  mov ax, 0xb800
4B25  mov es, ax
4B27  mov di, word ptr [0x43dc]
4B2B  mov word ptr [0x43de], di
4B2F  mov bp, 0x43a0
4B32  mov si, word ptr [0x44d1]
4B36  cmp byte ptr [0x44d0], 0x80
4B3B  jb 0x4b40
4B3D  add si, 0x3c
L4B40:
4B40  mov cx, 0xa03
4B43  call 0x2d35
4B46  ret 

;======================================================================
proc_4B47:
4B47  push ds
4B48  pop es
4B49  sub ax, ax
4B4B  mov di, 0x4441
4B4E  mov cx, 0xc
4B51  rep stosw word ptr es:[di], ax
4B53  mov ax, 0xb800
4B56  mov es, ax
4B58  mov bx, word ptr [8]
4B5C  mov cl, byte ptr [bx + 0x4471]
4B60  sub ch, ch
L4B62:
4B62  call 0x2dfd
4B65  mov bl, dl
4B67  and bx, 0x1e
4B6B  cmp bl, 0x18
4B6E  jae 0x4b62
4B70  cmp word ptr [bx + 0x4441], 0
4B75  jne 0x4b62
4B77  mov word ptr [bx + 0x4459], 0
4B7D  mov word ptr [bx + 0x4441], 1
4B83  push cx
4B84  mov si, word ptr [bx + 0x4429]
4B88  mov di, word ptr [bx + 0x4411]
4B8C  mov cx, 0xd05
4B8F  call 0x2d9d
4B92  pop cx
4B93  loop 0x4b62
4B95  mov cx, 0xc
L4B98:
4B98  mov bx, cx
4B9A  dec bx
4B9B  mov si, word ptr [8]
4B9F  mov dl, byte ptr [si + 0x4479]
4BA3  mov byte ptr [bx + 0x44c4], dl
4BA7  push cx
4BA8  call 0x4bc8
4BAB  pop cx
4BAC  loop 0x4b98
4BAE  mov byte ptr [0x44d0], 0
4BB3  mov byte ptr [0x44bd], 0
4BB8  mov byte ptr [0x43e0], 1
4BBD  mov byte ptr [0x44d6], 0xc
4BC2  mov byte ptr [0x44be], 0
4BC7  ret 

;======================================================================
proc_4BC8:
4BC8  call 0x4be8
4BCB  mov di, ax
4BCD  mov al, byte ptr [bx + 0x44c4]
4BD1  sub ah, ah
4BD3  mov cl, 5
4BD5  shl ax, cl
4BD7  add ax, 0x41fc
4BDA  mov si, ax
4BDC  mov cx, 0x802
4BDF  mov ax, 0xb800
4BE2  mov es, ax
4BE4  call 0x2d9d
4BE7  ret 

;======================================================================
proc_4BE8:
4BE8  push bx
4BE9  mov dl, byte ptr [bx + 0x4499]
4BED  shl bl, 1
4BEF  mov cx, word ptr [bx + 0x4481]
4BF3  call 0x2cb0
4BF6  pop bx
4BF7  ret 
4BF8  00 00 00 00 00 00 00 00

;======================================================================
proc_4C00:
4C00  ret 
4C01  C3 C3 C3 F8 C3 F8 C3 C3 00 00 00 00 00 00 00

;======================================================================
proc_4C10:
4C10  sub ah, ah
4C12  int 0x1a
4C14  cmp dx, word ptr [0x45b8]
4C18  jne 0x4c1b
4C1A  ret 
L4C1B:
4C1B  inc word ptr [0x45b6]
4C1F  mov bx, word ptr [0x45b6]
4C23  cmp bx, 1
4C26  je 0x4c38
4C28  cmp bx, 4
4C2B  je 0x4c38
4C2D  cmp bx, 7
4C30  jb 0x4c3c
4C32  sub bx, bx
4C34  mov word ptr [0x45b6], bx
L4C38:
4C38  mov word ptr [0x45b8], dx
L4C3C:
4C3C  call 0x4fcd
4C3F  call 0x502d
4C42  jae 0x4c45
L4C44:
4C44  ret 
L4C45:
4C45  cmp word ptr [0x454f], 0
4C4A  je 0x4c8c
4C4C  sub ah, ah
4C4E  int 0x1a
4C50  sub dx, word ptr [0x454f]
4C54  mov bx, word ptr [8]
4C58  shl bl, 1
4C5A  mov ax, word ptr [bx + 0x45c7]
4C5E  cmp word ptr [0x45b6], 0
4C63  jne 0x4c67
4C65  shl ax, 1
L4C67:
4C67  cmp dx, ax
4C69  jb 0x4c44
4C6B  mov word ptr [0x454f], 0
4C71  mov byte ptr [0x454e], 1
4C76  mov ax, 0x24
4C79  cmp word ptr [0x579], 0xa0
4C7F  ja 0x4c84
4C81  mov ax, 0x108
L4C84:
4C84  mov word ptr [0x4548], ax
4C87  mov byte ptr [0x454a], 0
L4C8C:
4C8C  call 0x4dd0
4C8F  jae 0x4c99
4C91  mov bx, word ptr [0x45b6]
4C95  call 0x4fbb
4C98  ret 
L4C99:
4C99  cmp byte ptr [0x4553], 0
4C9E  je 0x4cb8
4CA0  dec byte ptr [0x4553]
4CA4  jne 0x4cb5
4CA6  mov dl, 1
4CA8  cmp byte ptr [0x454a], 0xff
4CAD  je 0x4cb1
4CAF  mov dl, 0xff
L4CB1:
4CB1  mov byte ptr [0x454a], dl
L4CB5:
4CB5  jmp 0x4d14
4CB7  90
L4CB8:
4CB8  mov al, byte ptr [0x454b]
4CBB  cmp al, byte ptr [0x57b]
4CBF  ja 0x4d14
4CC1  cmp word ptr [0x45b6], 6
4CC6  jne 0x4ccf
4CC8  cmp byte ptr [0x57b], 0x28
4CCD  jb 0x4cdc
L4CCF:
4CCF  call 0x2dfd
4CD2  mov bx, word ptr [8]
4CD6  cmp dl, byte ptr [bx + 0x45bf]
4CDA  ja 0x4d14
L4CDC:
4CDC  sub dl, dl
4CDE  mov ax, word ptr [0x4548]
4CE1  and ax, 0xff8
4CE4  mov cx, word ptr [0x579]
4CE8  and cx, 0xff8
4CEC  cmp ax, cx
4CEE  je 0x4cf6
4CF0  mov dl, 1
4CF2  jb 0x4cf6
4CF4  mov dl, 0xff
L4CF6:
4CF6  mov byte ptr [0x454a], dl
4CFA  cmp byte ptr [0x57b], 0x28
4CFF  jb 0x4d14
4D01  cmp word ptr [0x45b6], 6
4D06  jne 0x4d14
4D08  mov al, 1
4D0A  cmp dl, 0xff
4D0D  je 0x4d11
4D0F  mov al, 0xff
L4D11:
4D11  mov byte ptr [0x454a], al
L4D14:
4D14  mov word ptr [0x45bc], 8
4D1A  cmp byte ptr [0x4553], 0
4D1F  je 0x4d27
4D21  mov word ptr [0x45bc], 4
L4D27:
4D27  mov ax, word ptr [0x4548]
4D2A  cmp byte ptr [0x454a], 1
4D2F  jae 0x4d46
4D31  call 0x2dfd
4D34  cmp dl, 0x10
4D37  ja 0x4da1
4D39  and dl, 1
4D3C  jne 0x4d40
4D3E  mov dl, 0xff
L4D40:
4D40  mov byte ptr [0x454a], dl
4D44  jmp 0x4da1
L4D46:
4D46  jne 0x4d60
4D48  add ax, word ptr [0x45bc]
4D4C  cmp ax, 0x10b
4D4F  jb 0x4d78
4D51  mov ax, 0x10a
4D54  mov byte ptr [0x454a], 0xff
4D59  mov byte ptr [0x4553], 0
4D5E  jmp 0x4d78
L4D60:
4D60  sub ax, word ptr [0x45bc]
4D64  jb 0x4d6b
4D66  cmp ax, 0x24
4D69  ja 0x4d78
L4D6B:
4D6B  mov ax, 0x25
4D6E  mov byte ptr [0x454a], 1
4D73  mov byte ptr [0x4553], 0
L4D78:
4D78  mov word ptr [0x4548], ax
4D7B  add word ptr [0x4551], 2
4D80  cmp word ptr [0x4551], 0xc
4D85  jb 0x4d8d
4D87  mov word ptr [0x4551], 0
L4D8D:
4D8D  cmp byte ptr [0x4553], 0
4D92  jne 0x4da1
4D94  call 0x2dfd
4D97  cmp dl, 8
4D9A  ja 0x4da1
4D9C  mov byte ptr [0x454a], 0
L4DA1:
4DA1  mov cx, word ptr [0x4548]
4DA5  mov dl, byte ptr [0x454b]
4DA9  call 0x2cb0
4DAC  mov word ptr [0x45ba], ax
4DAF  call 0x502d
4DB2  jae 0x4db5
4DB4  ret 
L4DB5:
4DB5  call 0x4dd0
4DB8  jb 0x4dc8
4DBA  call 0x4f4a
4DBD  call 0x4f10
4DC0  mov byte ptr [0x45be], 0
4DC5  call 0x4e75
L4DC8:
4DC8  mov bx, word ptr [0x45b6]
4DCC  call 0x4fbb
4DCF  ret 

;======================================================================
proc_4DD0:
4DD0  mov ax, word ptr [0x579]
4DD3  mov dl, byte ptr [0x57b]
4DD7  mov si, 0x18
4DDA  mov di, si
4DDC  mov bx, word ptr [0x4548]
4DE0  mov dh, byte ptr [0x454b]
4DE4  mov cx, 0xc0e
4DE7  call 0x2e29
4DEA  jae 0x4e3d
4DEC  cmp word ptr [0x45b6], 6
4DF1  jne 0x4e00
4DF3  mov byte ptr [0x553], 1
4DF8  call 0x11e3
4DFB  call 0x4f4a
4DFE  stc 
4DFF  ret 
L4E00:
4E00  call 0x11e3
4E03  call 0x4f4a
4E06  call 0x1145
4E09  mov byte ptr [0x55b], 4
4E0E  mov byte ptr [0x571], 1
4E13  mov byte ptr [0x576], 4
4E18  mov byte ptr [0x578], 8
4E1D  mov byte ptr [0x4553], 4
4E22  mov dl, 1
4E24  mov ax, word ptr [0x4548]
4E27  cmp ax, word ptr [0x579]
4E2B  ja 0x4e2f
4E2D  mov dl, 0xff
L4E2F:
4E2F  mov byte ptr [0x454a], dl
4E33  mov ax, 0xce4
4E36  mov bx, 0x123b
4E39  call 0x593b
4E3C  stc 
L4E3D:
4E3D  ret 

;======================================================================
proc_4E3E:
4E3E  mov byte ptr [0x45be], 1
4E43  mov ax, word ptr [0x45b6]
4E46  push ax
4E47  mov word ptr [0x45b6], 0
L4E4D:
4E4D  mov bx, word ptr [0x45b6]
4E51  call 0x4fcd
4E54  cmp word ptr [0x454f], 0
4E59  jne 0x4e65
4E5B  call 0x4e75
4E5E  mov bx, word ptr [0x45b6]
4E62  call 0x4fbb
L4E65:
4E65  inc word ptr [0x45b6]
4E69  cmp word ptr [0x45b6], 7
4E6E  jb 0x4e4d
4E70  pop ax
4E71  mov word ptr [0x45b6], ax
4E74  ret 

;======================================================================
proc_4E75:
4E75  mov cx, 8
L4E78:
4E78  mov bx, cx
4E7A  dec bx
4E7B  cmp byte ptr [bx + 0x2b72], 0
4E80  je 0x4ea3
4E82  push cx
4E83  mov dl, byte ptr [bx + 0x2b6a]
4E87  shl bl, 1
4E89  mov ax, word ptr [bx + 0x2b5a]
4E8D  mov si, 0x18
4E90  mov di, si
4E92  mov bx, word ptr [0x4548]
4E96  mov dh, byte ptr [0x454b]
4E9A  mov cx, 0xc0f
4E9D  call 0x2e29
4EA0  pop cx
4EA1  jb 0x4ea6
L4EA3:
4EA3  loop 0x4e78
4EA5  ret 
L4EA6:
4EA6  push cx
4EA7  cmp byte ptr [0x45be], 0
4EAC  jne 0x4ebb
4EAE  call 0x11e3
4EB1  cmp byte ptr [0x70f2], 0
4EB6  je 0x4ebb
4EB8  call 0x622b
L4EBB:
4EBB  call 0x4f4a
4EBE  pop cx
4EBF  mov bx, cx
4EC1  dec bx
4EC2  mov byte ptr [bx + 0x2b72], 0
4EC7  mov dl, byte ptr [bx + 0x2b6a]
4ECB  shl bl, 1
4ECD  mov cx, word ptr [bx + 0x2b5a]
4ED1  call 0x2cb0
4ED4  mov di, ax
4ED6  mov si, 0x2b7a
4ED9  mov ax, 0xb800
4EDC  mov es, ax
4EDE  mov cx, 0xf03
4EE1  call 0x2d9d
4EE4  cmp byte ptr [0x45be], 0
4EE9  jne 0x4ef8
4EEB  cmp byte ptr [0x70f2], 0
4EF0  je 0x4ef5
4EF2  call 0x61fa
L4EF5:
4EF5  call 0x1145
L4EF8:
4EF8  sub dx, dx
4EFA  cmp word ptr [0x45b6], 6
4EFF  je 0x4f0b
4F01  sub ah, ah
4F03  int 0x1a
4F05  cmp dx, 0
4F08  jne 0x4f0b
4F0A  dec dx
L4F0B:
4F0B  mov word ptr [0x454f], dx
4F0F  ret 

;======================================================================
proc_4F10:
4F10  mov byte ptr [0x454e], 0
4F15  mov si, 0x4500
4F18  cmp byte ptr [0x454a], 0
4F1D  je 0x4f3e
4F1F  mov bx, word ptr [0x4551]
4F23  cmp byte ptr [0x4553], 0
4F28  je 0x4f30
4F2A  and bl, 2
4F2D  add bl, 0xc
L4F30:
4F30  cmp byte ptr [0x454a], 0xff
4F35  jne 0x4f3a
4F37  add bx, 0x10
L4F3A:
4F3A  mov si, word ptr [bx + 0x4a60]
L4F3E:
4F3E  mov di, word ptr [0x45ba]
4F42  mov word ptr [0x454c], di
4F46  call 0x4fdf
4F49  ret 

;======================================================================
proc_4F4A:
4F4A  cmp byte ptr [0x454e], 0
4F4F  jne 0x4f58
4F51  mov di, word ptr [0x454c]
4F55  call 0x5008
L4F58:
4F58  ret 

;======================================================================
proc_4F59:
4F59  mov word ptr [0x45b6], 0
L4F5F:
4F5F  call 0x2dfd
4F62  and dx, 0x7f
4F66  add dx, 0x60
4F69  mov word ptr [0x4548], dx
4F6D  mov byte ptr [0x454a], 0
4F72  mov byte ptr [0x454e], 1
4F77  mov word ptr [0x4551], 0
4F7D  mov byte ptr [0x4553], 0
4F82  sub dx, dx
4F84  cmp word ptr [0x45b6], 0
4F89  jne 0x4f95
4F8B  sub ah, ah
4F8D  int 0x1a
4F8F  cmp dx, 0
4F92  jne 0x4f95
4F94  dec dx
L4F95:
4F95  mov word ptr [0x454f], dx
4F99  mov bx, word ptr [0x45b6]
4F9D  mov al, byte ptr [bx + 0x2bd4]
4FA1  add al, 3
4FA3  mov byte ptr [0x454b], al
4FA6  call 0x4fbb
4FA9  inc word ptr [0x45b6]
4FAD  cmp word ptr [0x45b6], 7
4FB2  jb 0x4f5f
4FB4  mov word ptr [0x45b6], 0
4FBA  ret 

;======================================================================
proc_4FBB:
4FBB  push ds
4FBC  pop es
4FBD  shl bl, 1
4FBF  cld 
4FC0  mov di, word ptr [bx + 0x45a8]
4FC4  mov si, 0x4548
4FC7  mov cx, 0xc
4FCA  rep movsb byte ptr es:[di], byte ptr [si]
4FCC  ret 

;======================================================================
proc_4FCD:
4FCD  push ds
4FCE  pop es
4FCF  shl bl, 1
4FD1  cld 
4FD2  mov si, word ptr [bx + 0x45a8]
4FD6  mov di, 0x4548
4FD9  mov cx, 0xc
4FDC  rep movsb byte ptr es:[di], byte ptr [si]
4FDE  ret 

;======================================================================
proc_4FDF:
4FDF  mov ax, 0xb800
4FE2  mov es, ax
4FE4  cld 
4FE5  mov dh, 0xc
L4FE7:
4FE7  mov cx, 3
L4FEA:
4FEA  mov bx, word ptr es:[di]
4FED  lodsw ax, word ptr [si]
4FEE  or ax, bx
4FF0  stosw word ptr es:[di], ax
4FF1  loop 0x4fea
4FF3  sub di, 6
4FF6  xor di, 0x2000
4FFA  test di, 0x2000
4FFE  jne 0x5003
5000  add di, 0x50
L5003:
5003  dec dh
5005  jne 0x4fe7
5007  ret 

;======================================================================
proc_5008:
5008  mov ax, 0xb800
500B  mov es, ax
500D  cld 
500E  mov dh, 0xc
5010  mov ax, 0x5555
L5013:
5013  mov cx, 3
5016  rep stosw word ptr es:[di], ax
5018  sub di, 6
501B  xor di, 0x2000
501F  test di, 0x2000
5023  jne 0x5028
5025  add di, 0x50
L5028:
5028  dec dh
502A  jne 0x5013
502C  ret 

;======================================================================
proc_502D:
502D  cmp byte ptr [0x70f2], 0
5032  jne 0x5036
5034  clc 
5035  ret 
L5036:
5036  mov ax, word ptr [0x70f3]
5039  mov dl, byte ptr [0x70f5]
503D  mov si, 0x10
5040  mov bx, word ptr [0x4548]
5044  mov dh, byte ptr [0x454b]
5048  mov di, 0x18
504B  mov cx, 0xc08
504E  call 0x2e29
5051  ret 
5052  00 00 00 00 00 00 00 00 00 00 00 00 00 00

;======================================================================
proc_5060:
5060  mov ax, 0xb800
5063  mov es, ax
5065  mov ax, word ptr [0x579]
5068  cmp ax, 0x117
506B  jb 0x5070
506D  mov ax, 0x116
L5070:
5070  sub ax, 0x10
5073  jae 0x5077
5075  sub ax, ax
L5077:
5077  and ax, 0xff0
507A  mov word ptr [0x579], ax
507D  mov byte ptr [0x57b], 0x14
5082  sub ax, 0x80
5085  jae 0x5089
5087  not ax
L5089:
5089  mov cl, 3
508B  shr ax, cl
508D  cmp ax, 0xd
5090  jbe 0x5095
5092  mov ax, 0xd
L5095:
5095  add ax, 2
5098  mov word ptr [0x4d6a], ax
509B  mov word ptr [0x4dd6], 0xa
L50A1:
50A1  cmp word ptr [0x4dd6], 0xa
50A6  je 0x50ab
50A8  call 0x5b63
L50AB:
50AB  sub ah, ah
50AD  int 0x1a
50AF  mov word ptr [0x4a80], dx
50B3  mov ax, word ptr [0x579]
50B6  mov cx, ax
50B8  and cx, 0xff0
50BC  cmp cx, 0x80
50C0  jne 0x50c6
50C2  mov ax, cx
50C4  jmp 0x50d2
L50C6:
50C6  jb 0x50ce
50C8  sub ax, word ptr [0x4d6a]
50CC  jmp 0x50d2
L50CE:
50CE  add ax, word ptr [0x4d6a]
L50D2:
50D2  mov word ptr [0x579], ax
50D5  cmp byte ptr [0x57b], 0x54
50DA  jb 0x50dd
50DC  ret 
L50DD:
50DD  add byte ptr [0x57b], 8
50E2  mov cx, word ptr [0x579]
50E6  add cx, 4
50E9  mov dl, byte ptr [0x57b]
50ED  call 0x2cb0
50F0  mov di, ax
50F2  mov word ptr [0x4dd8], di
50F6  mov si, 0x4b8a
50F9  mov bp, 0xe
50FC  mov cx, 0x2007
50FF  call 0x2ccc
5102  mov di, word ptr [0x4dd8]
5106  add di, 0xf3
510A  mov si, 0x4a82
510D  mov cx, 0xd04
5110  call 0x2d9d
5113  cmp word ptr [0x4dd6], 0xa
5118  jne 0x5120
511A  call 0x572e
511D  call 0x5b54
L5120:
5120  call 0x5b63
5123  sub ah, ah
5125  int 0x1a
5127  sub dx, word ptr [0x4a80]
512B  cmp dx, word ptr [0x4dd6]
512F  jb 0x5120
5131  cmp word ptr [0x4dd6], 0xa
5136  jne 0x5141
5138  call 0x38b0
513B  sub bx, bx
513D  mov ah, 0xb
513F  int 0x10
L5141:
5141  mov word ptr [0x4dd6], 2
5147  jmp 0x50a1

;======================================================================
proc_514A:
514A  mov cx, 3
L514D:
514D  mov bx, 3
5150  sub bx, cx
5152  shl bx, 1
5154  mov ax, word ptr [bx + 0x4da4]
5158  mov word ptr [0x4d6a], ax
515B  mov ax, word ptr [bx + 0x4daa]
515F  mov word ptr [0x4d6c], ax
5162  mov ax, word ptr [bx + 0x4d98]
5166  mov word ptr [0x4dcc], ax
5169  mov ax, word ptr [bx + 0x4d9e]
516D  mov word ptr [0x4dce], ax
5170  mov ax, word ptr [bx + 0x4db0]
5174  mov word ptr [0x4dd0], ax
5177  mov ax, word ptr [bx + 0x4db6]
517B  mov word ptr [0x4dd2], ax
517E  mov ax, word ptr [bx + 0x4dbc]
5182  mov word ptr [0x4dd4], ax
5185  mov ax, word ptr [bx + 0x4d92]
5189  mov word ptr [0x4dca], ax
518C  mov ax, word ptr [bx + 0x4dc2]
5190  mov word ptr [0x4dc8], ax
5193  push cx
5194  call 0x519b
5197  pop cx
5198  loop 0x514d
519A  ret 

;======================================================================
proc_519B:
519B  mov cx, 8
519E  mov byte ptr [0x4d91], 1
L51A3:
51A3  push cx
51A4  call 0x5b63
51A7  pop cx
51A8  mov bx, cx
51AA  dec bx
51AB  shl bx, 1
51AD  mov ax, word ptr [0x4dcc]
51B0  mov word ptr [bx + 0x4d4a], ax
51B4  mov ax, word ptr [0x4dce]
51B7  mov word ptr [bx + 0x4d5a], ax
51BB  loop 0x51a3
51BD  mov ax, 0xb800
51C0  mov es, ax
51C2  mov byte ptr [0x4d6e], 0
L51C7:
51C7  sub ah, ah
51C9  int 0x1a
51CB  mov word ptr [0x4a80], dx
51CF  mov cx, 8
L51D2:
51D2  push cx
51D3  call 0x5b63
51D6  pop cx
51D7  mov bx, cx
51D9  dec bx
51DA  shl bx, 1
51DC  push cx
51DD  push bx
51DE  cmp byte ptr [0x4d91], 0
51E3  je 0x51ea
51E5  cmp cx, 8
51E8  jne 0x5205
L51EA:
51EA  mov cx, word ptr [bx + 0x4d4a]
51EE  mov dx, word ptr [bx + 0x4d5a]
51F2  call 0x2cb0
51F5  mov di, ax
51F7  mov si, word ptr [0x4dca]
51FB  mov bp, 0xe
51FE  mov cx, word ptr [0x4dd4]
5202  call 0x2ccc
L5205:
5205  pop bx
5206  pop cx
5207  call 0x522a
520A  loop 0x51d2
L520C:
520C  call 0x5b63
520F  sub ah, ah
5211  int 0x1a
5213  sub dx, word ptr [0x4a80]
5217  cmp dx, word ptr [0x4dc8]
521B  jb 0x520c
521D  mov byte ptr [0x4d91], 0
5222  cmp byte ptr [0x4d6e], 0
5227  je 0x51c7
5229  ret 

;======================================================================
proc_522A:
522A  mov ax, word ptr [bx + 0x4d4a]
522E  cmp word ptr [bx + 0x4d6f], 1
5233  jb 0x525a
5235  jne 0x524a
5237  add ax, word ptr [0x4d6a]
523B  cmp ax, word ptr [0x4dd0]
523F  jbe 0x5256
5241  mov ax, word ptr [0x4dd0]
5244  inc byte ptr [0x4d6e]
5248  jmp 0x5256
L524A:
524A  sub ax, word ptr [0x4d6a]
524E  jae 0x5256
5250  sub ax, ax
5252  inc byte ptr [0x4d6e]
L5256:
5256  mov word ptr [bx + 0x4d4a], ax
L525A:
525A  mov ax, word ptr [bx + 0x4d5a]
525E  cmp word ptr [bx + 0x4d7f], 1
5263  jb 0x528a
5265  jne 0x527a
5267  add ax, word ptr [0x4d6c]
526B  cmp ax, word ptr [0x4dd2]
526F  jbe 0x5286
5271  mov ax, word ptr [0x4dd2]
5274  inc byte ptr [0x4d6e]
5278  jmp 0x5286
L527A:
527A  sub ax, word ptr [0x4d6c]
527E  jae 0x5286
5280  sub ax, ax
5282  inc byte ptr [0x4d6e]
L5286:
5286  mov word ptr [bx + 0x4d5a], ax
L528A:
528A  ret 

;======================================================================
proc_528B:
528B  call 0x5b54
528E  cmp byte ptr [0x697], 0xfd
5293  je 0x529c
5295  mov ah, 0xb
5297  mov bx, 0x101
529A  int 0x10
L529C:
529C  call 0x5060
529F  call 0x514a
52A2  call 0x5bbf
52A5  cmp byte ptr [0x1f80], 9
52AA  jae 0x52b0
52AC  inc byte ptr [0x1f80]
L52B0:
52B0  cmp word ptr [8], 7
52B5  jae 0x52bb
52B7  inc word ptr [8]
L52BB:
52BB  mov word ptr [0x414], 0
52C1  sub ah, ah
52C3  int 0x1a
52C5  mov word ptr [0x412], dx
52C9  call 0x5b21
52CC  ret 
52CD  00 00 00

;======================================================================
proc_52D0:
52D0  cmp byte ptr [0], 0
52D5  je 0x5312
52D7  sub ah, ah
52D9  int 0x1a
52DB  cmp dx, word ptr [0x52c4]
52DF  je 0x5312
52E1  mov word ptr [0x52c4], dx
52E5  mov bx, word ptr [0x52c6]
52E9  add word ptr [0x52c6], 2
52EE  mov ax, word ptr [bx + 0x52ca]
52F2  cmp ax, word ptr [0x52c8]
52F6  jne 0x52fc
52F8  call 0x5b21
52FB  ret 
L52FC:
52FC  mov word ptr [0x52c8], ax
52FF  mov al, 0xb6
5301  out 0x43, al
5303  mov ax, word ptr [0x52c8]
5306  out 0x42, al
5308  mov al, ah
530A  out 0x42, al
530C  in al, 0x61
530E  or al, 3
5310  out 0x61, al
L5312:
5312  ret 

;======================================================================
proc_5313:
5313  cmp word ptr [8], 2
5318  jb 0x5367
531A  mov word ptr [0x5016], 0
5320  sub ah, ah
5322  int 0x1a
5324  mov word ptr [0x52c0], dx
5328  mov word ptr [0x52c2], dx
532C  mov word ptr [0x52c4], dx
5330  mov word ptr [0x52c6], 0
5336  mov word ptr [0x52c8], 0
L533C:
533C  call 0x5368
533F  xor word ptr [0x5016], 2
L5345:
5345  call 0x52d0
5348  sub ah, ah
534A  int 0x1a
534C  mov ax, dx
534E  sub ax, word ptr [0x52c0]
5352  cmp ax, 5
5355  jb 0x5345
5357  mov word ptr [0x52c0], dx
535B  sub dx, word ptr [0x52c2]
535F  cmp dx, 0x28
5362  jb 0x533c
5364  call 0x5b21
L5367:
5367  ret 

;======================================================================
proc_5368:
5368  mov ax, 0xb800
536B  mov es, ax
536D  mov bx, word ptr [8]
5371  shl bx, 1
5373  mov ax, word ptr [bx + 0x52ae]
5377  mov word ptr [0x5010], ax
L537A:
537A  mov bx, word ptr [0x5010]
537E  mov di, word ptr [bx]
5380  cmp di, 0
5383  jne 0x5386
5385  ret 
L5386:
5386  mov bx, word ptr [bx + 2]
5389  xor bx, word ptr [0x5016]
538D  and bx, 2
5391  mov si, word ptr [bx + 0x5012]
5395  mov cx, 0x2304
5398  call 0x2d9d
539B  call 0x52d0
539E  add word ptr [0x5010], 4
53A3  jmp 0x537a
53A5  00 00 00 00 00 00 00 00 00 00 00

;======================================================================
proc_53B0:
53B0  cmp byte ptr [0], 0
53B5  je 0x53f5
53B7  sub ah, ah
53B9  int 0x1a
53BB  cmp dx, word ptr [0x5322]
53BF  je 0x53f5
53C1  mov word ptr [0x5322], dx
53C5  mov bx, word ptr [0x5320]
53C9  mov bl, byte ptr [bx + 0x538c]
53CD  cmp bl, 0x66
53D0  je 0x53dd
53D2  sub bh, bh
53D4  inc word ptr [0x5320]
53D8  cmp bx, 0
53DB  jne 0x53e1
L53DD:
53DD  call 0x5b21
53E0  ret 
L53E1:
53E1  mov al, 0xb6
53E3  out 0x43, al
53E5  mov ax, word ptr [bx + 0x5324]
53E9  out 0x42, al
53EB  mov al, ah
53ED  out 0x42, al
53EF  in al, 0x61
53F1  or al, 3
53F3  out 0x61, al
L53F5:
53F5  ret 
53F6  00 00 00 00 00 00 00 00 00 00

;======================================================================
proc_5400:
5400  mov ax, 0xb800
5403  mov es, ax
5405  mov bx, word ptr [8]
5409  and bx, 7
540D  shl bx, 1
540F  mov ax, bx
5411  mov bx, word ptr [bx + 0x5908]
5415  mov cl, 3
5417  shl ax, cl
5419  mov word ptr [0x5918], ax
L541C:
541C  mov di, word ptr [bx]
541E  cmp di, 0xffff
5422  je 0x5447
5424  call 0x2dfd
5427  and dx, 0xe
542B  add dx, word ptr [0x5918]
542F  mov si, dx
5431  mov si, word ptr [si + 0x5888]
5435  mov cx, word ptr [si + 0x5858]
5439  mov si, word ptr [si + 0x584c]
543D  push bx
543E  call 0x2d9d
5441  pop bx
5442  add bx, 2
5445  jmp 0x541c
L5447:
5447  ret 
5448  00 00 00 00 00 00 00 00

;======================================================================
proc_5450:
5450  mov byte ptr [0x5b0f], 0xc
5455  mov word ptr [0x5b0c], 1
545B  mov word ptr [0x5b12], 0x1ff
5461  mov word ptr [0x5b0a], 0xf
5467  mov byte ptr [0x5b0e], 1
546C  ret 

;======================================================================
proc_546D:
546D  cmp byte ptr [0], 0
5472  je 0x54a5
5474  cmp byte ptr [0x1cb8], 0
5479  je 0x54f8
547B  sub ah, ah
547D  int 0x1a
547F  cmp byte ptr [0x5b0f], 0
5484  jne 0x54a6
5486  cmp dx, word ptr [0x5b10]
548A  je 0x54a5
548C  mov word ptr [0x5b10], dx
5490  mov al, 0xb6
5492  out 0x43, al
5494  mov ax, word ptr [0x5b12]
5497  and ax, 0x1ff
549A  add ax, 0xc8
549D  call 0x5889
54A0  sub word ptr [0x5b12], 0x4b
L54A5:
54A5  ret 
L54A6:
54A6  cmp dx, word ptr [0x5b10]
54AA  je 0x54b4
54AC  mov word ptr [0x5b10], dx
54B0  dec byte ptr [0x5b0f]
L54B4:
54B4  dec byte ptr [0x5b0e]
54B8  jne 0x54f7
54BA  mov al, 1
54BC  cmp byte ptr [0x697], 0xfd
54C1  je 0x54c5
54C3  shl al, 1
L54C5:
54C5  mov byte ptr [0x5b0e], al
54C8  call 0x2dfd
54CB  cmp dl, 4
54CE  ja 0x54d4
54D0  inc word ptr [0x5b0c]
L54D4:
54D4  test word ptr [0x5b0c], 1
54DA  je 0x54e1
54DC  add word ptr [0x5b0a], 7
L54E1:
54E1  mov al, 0xb6
54E3  out 0x43, al
54E5  call 0x2dfd
54E8  mov ax, dx
54EA  and ax, word ptr [0x5b0a]
54EE  and ax, 0x1ff
54F1  add ax, 0x190
54F4  call 0x5889
L54F7:
54F7  ret 
L54F8:
54F8  sub ah, ah
54FA  int 0x1a
54FC  cmp byte ptr [0x5920], 0
5501  je 0x5522
5503  cmp dx, word ptr [0x5921]
5507  je 0x5562
5509  mov word ptr [0x5921], dx
550D  dec byte ptr [0x5920]
5511  je 0x551e
5513  mov al, 0xb6
5515  out 0x43, al
5517  mov ax, word ptr [0x5923]
551A  call 0x5889
551D  ret 
L551E:
551E  call 0x5b21
5521  ret 
L5522:
5522  cmp dx, word ptr [0x5925]
5526  je 0x5562
5528  mov si, 3
552B  mov al, byte ptr [0x1cbf]
552E  or al, byte ptr [0x5b07]
5532  jne 0x5549
5534  mov si, 1
5537  cmp word ptr [4], 0
553C  jne 0x5549
553E  dec si
553F  cmp byte ptr [0x1673], 0
5544  je 0x5549
5546  mov si, 2
L5549:
5549  mov di, si
554B  shl di, 1
554D  mov al, byte ptr [0x584]
5550  or al, byte ptr [0x5b07]
5554  jne 0x5563
5556  mov ax, dx
5558  sub ax, word ptr [0x5925]
555C  cmp ax, word ptr [di + 0x59f2]
5560  jae 0x5563
L5562:
5562  ret 
L5563:
5563  mov word ptr [0x5925], dx
5567  cmp byte ptr [0x1cbf], 0
556C  jne 0x5579
556E  cmp byte ptr [0x5b07], 0
5573  je 0x559e
5575  dec byte ptr [0x5b07]
L5579:
5579  mov word ptr [0x592e], 0x1200
557F  mov bx, word ptr [0x59ba]
5583  cmp bx, 6
5586  jb 0x558e
5588  sub bx, bx
558A  mov word ptr [0x59ba], bx
L558E:
558E  add word ptr [0x59ba], 2
5593  mov ax, word ptr [bx + 0x5a44]
5597  mov word ptr [0x592a], ax
559A  call 0x5b28
559D  ret 
L559E:
559E  cmp si, 2
55A1  jne 0x55bb
55A3  mov al, byte ptr [0x1673]
55A6  sub ah, ah
55A8  mov cl, 4
55AA  shl ax, cl
55AC  add ax, 0x200
55AF  mov word ptr [0x592a], ax
55B2  mov word ptr [0x592e], 0x1800
55B8  jmp 0x568d
L55BB:
55BB  mov ax, word ptr [di + 0x5a02]
55BF  mov word ptr [0x592e], ax
55C2  shr byte ptr [0x5927], 1
55C6  jae 0x5623
55C8  mov word ptr [0x592e], 0x1000
55CE  mov byte ptr [0x5927], 0x80
55D3  inc byte ptr [0x5928]
55D7  mov al, byte ptr [0x5928]
55DA  and al, byte ptr [si + 0x59fa]
55DE  jne 0x5616
55E0  mov dl, byte ptr [si + 0x5a0a]
55E4  add byte ptr [0x5929], dl
55E8  call 0x2dfd
55EB  cmp dl, byte ptr [si + 0x5a0c]
55EF  ja 0x55f8
55F1  and dl, 7
55F4  mov byte ptr [0x592d], dl
L55F8:
55F8  call 0x2dfd
55FB  and dx, 0xff
55FF  shl dx, 1
5601  mov cl, 1
5603  test dl, 2
5606  je 0x560e
5608  mov cl, 0xff
560A  add dx, 0x300
L560E:
560E  mov word ptr [0x592a], dx
5612  mov byte ptr [0x592c], cl
L5616:
5616  mov ah, byte ptr [0x5929]
561A  and ah, byte ptr [si + 0x59fc]
561E  or al, ah
5620  mov byte ptr [0x5928], al
L5623:
5623  cmp byte ptr [0x592c], 0xff
5628  je 0x5640
562A  add word ptr [0x5a54], 2
562F  mov bx, word ptr [0x5a54]
5633  and bx, 0xe
5637  mov ax, word ptr [bx + 0x5a44]
563B  mov word ptr [0x592a], ax
563E  jmp 0x5653
L5640:
5640  cmp word ptr [0x592a], 0xc8
5646  ja 0x564e
5648  mov word ptr [0x592a], 0x500
L564E:
564E  sub word ptr [0x592a], 0x19
L5653:
5653  cmp byte ptr [0x584], 0
5658  je 0x5667
565A  mov word ptr [0x592e], 0x2000
5660  mov byte ptr [0x592c], 0xff
5665  jne 0x568d
L5667:
5667  mov bl, byte ptr [0x5928]
566B  sub bh, bh
566D  add bx, word ptr [di + 0x59fe]
5671  mov al, byte ptr [bx + 0x59c2]
5675  and al, byte ptr [0x5927]
5679  jne 0x568d
567B  cmp byte ptr [0x592d], 0
5680  je 0x5690
5682  dec byte ptr [0x592d]
5686  mov ax, word ptr [di + 0x5a06]
568A  mov word ptr [0x592e], ax
L568D:
568D  call 0x5b28
L5690:
5690  ret 

;======================================================================
proc_5691:
5691  call 0x5b21
5694  mov ah, 0xb
5696  mov bx, 4
5699  int 0x10
569B  sub ah, ah
569D  int 0x1a
569F  mov word ptr [0x5ae2], dx
56A3  mov word ptr [0x5ae4], 0
56A9  mov al, 2
56AB  cmp byte ptr [0x697], 0xfd
56B0  jne 0x56b4
56B2  shr al, 1
L56B4:
56B4  mov byte ptr [0x5b06], al
L56B7:
56B7  cmp byte ptr [0], 0
56BC  je 0x56d8
56BE  inc word ptr [0x5ae4]
56C2  mov bx, word ptr [0x5ae4]
56C6  mov cl, byte ptr [0x5b06]
56CA  shr bx, cl
56CC  and bx, 0x1f
56D0  in al, 0x61
56D2  xor al, byte ptr [bx + 0x5ae6]
56D6  out 0x61, al
L56D8:
56D8  sub ah, ah
56DA  int 0x1a
56DC  sub dx, word ptr [0x5ae2]
56E0  cmp dx, 2
56E3  jb 0x56b7
56E5  mov ah, 0xb
56E7  sub bx, bx
56E9  int 0x10
56EB  mov byte ptr [0x5b07], 0xc
56F0  call 0x5b21
56F3  ret 

;======================================================================
proc_56F4:
56F4  mov ax, 0x200
56F7  cmp byte ptr [0x697], 0xfd
56FC  jne 0x5700
56FE  shl ax, 1
L5700:
5700  mov word ptr [0x5ad0], ax
5703  ret 

;======================================================================
proc_5704:
5704  inc word ptr [0x5ad0]
5708  mov bx, word ptr [0x5ad0]
570C  mov dx, bx
570E  mov cl, 9
5710  shr dx, cl
5712  mov cl, dl
5714  and cl, 0xf
5717  shr bx, cl
5719  and bx, 0xf
571D  mov dl, byte ptr [bx + 0x5ad2]
5721  and dl, byte ptr [0]
5725  in al, 0x61
5727  and al, 0xfc
5729  or al, dl
572B  out 0x61, al
572D  ret 

;======================================================================
proc_572E:
572E  mov word ptr [0x5acb], 0x1f4
L5734:
5734  call 0x576e
5737  sub word ptr [0x5acb], 0x1e
573C  cmp word ptr [0x5acb], 0xc8
5742  ja 0x5734
5744  mov word ptr [0x5acb], 0x1f4
L574A:
574A  call 0x576e
574D  sub word ptr [0x5acb], 0x14
5752  cmp word ptr [0x5acb], 0x12c
5758  ja 0x574a
L575A:
575A  call 0x576e
575D  add word ptr [0x5acb], 0x1e
5762  cmp word ptr [0x5acb], 0x320
5768  jb 0x575a
576A  call 0x5b21
576D  ret 

;======================================================================
proc_576E:
576E  mov cx, 0x1000
5771  cmp byte ptr [0x697], 0xfd
5776  jne 0x577a
5778  shr cx, 1
L577A:
577A  loop 0x577a
577C  cmp byte ptr [0], 0
5781  je 0x5796
5783  mov al, 0xb6
5785  out 0x43, al
5787  mov ax, word ptr [0x5acb]
578A  out 0x42, al
578C  mov al, ah
578E  out 0x42, al
5790  in al, 0x61
5792  or al, 3
5794  out 0x61, al
L5796:
5796  ret 

;======================================================================
proc_5797:
5797  call 0x5b21
579A  mov byte ptr [0x5acf], 0
579F  mov word ptr [0x5acd], 8
57A5  ret 

;======================================================================
proc_57A6:
57A6  inc byte ptr [0x5acf]
57AA  sub dl, dl
57AC  mov al, byte ptr [0x5acf]
57AF  and al, 0x3f
57B1  jne 0x57b7
57B3  inc word ptr [0x5acd]
L57B7:
57B7  mov bx, word ptr [0x5acd]
57BB  mov cl, 2
57BD  shr bx, cl
57BF  and bl, 0x1f
57C2  cmp al, bl
57C4  jb 0x57c8
57C6  mov dl, 2
L57C8:
57C8  and dl, byte ptr [0]
57CC  in al, 0x61
57CE  and al, 0xfd
57D0  or al, dl
57D2  out 0x61, al
57D4  ret 

;======================================================================
proc_57D5:
57D5  mov word ptr [0x5a85], 0
57DB  sub ah, ah
57DD  int 0x1a
57DF  mov word ptr [0x5a83], dx
57E3  ret 

;======================================================================
proc_57E4:
57E4  cmp byte ptr [0], 0
57E9  je 0x5828
57EB  sub ah, ah
57ED  int 0x1a
57EF  mov ax, dx
57F1  sub ax, word ptr [0x5a83]
57F5  cmp ax, 2
57F8  jb 0x5828
57FA  mov word ptr [0x5a83], dx
57FE  mov bx, word ptr [0x5a85]
5802  add word ptr [0x5a85], 2
5807  cmp byte ptr [0x552], 0
580C  je 0x581b
580E  mov ax, word ptr [bx + 0x5aa3]
5812  cmp ax, 0
5815  jne 0x581f
5817  call 0x5b21
581A  ret 
L581B:
581B  mov ax, word ptr [bx + 0x5a87]
L581F:
581F  push ax
5820  mov al, 0xb6
5822  out 0x43, al
5824  pop ax
5825  call 0x5889
L5828:
5828  ret 

;======================================================================
proc_5829:
5829  mov word ptr [0x5a62], 0
582F  mov byte ptr [0x5a82], 0
5834  ret 

;======================================================================
proc_5835:
5835  cmp byte ptr [0], 0
583A  je 0x5846
583C  sub ah, ah
583E  int 0x1a
5840  cmp dx, word ptr [0x5a80]
5844  jne 0x5847
L5846:
5846  ret 
L5847:
5847  mov word ptr [0x5a80], dx
584B  inc byte ptr [0x5a82]
584F  mov al, 0xb6
5851  out 0x43, al
5853  mov bx, word ptr [0x5a62]
5857  test byte ptr [0x5a82], 1
585C  jne 0x5861
585E  add bx, 2
L5861:
5861  mov ax, word ptr [bx + 0x5a64]
5865  call 0x5889
5868  ret 

;======================================================================
proc_5869:
5869  cmp byte ptr [0], 0
586E  je 0x5888
5870  push bx
5871  push ax
5872  mov al, 0xb6
5874  out 0x43, al
5876  mov bx, word ptr [0x5a62]
587A  add word ptr [0x5a62], 2
587F  mov ax, word ptr [bx + 0x5a64]
5883  call 0x5889
5886  pop ax
5887  pop bx
L5888:
5888  ret 

;======================================================================
proc_5889:
5889  out 0x42, al
588B  mov al, ah
588D  out 0x42, al
588F  in al, 0x61
5891  or al, 3
5893  out 0x61, al
5895  ret 

;======================================================================
proc_5896:
5896  ret 

;======================================================================
proc_5897:
5897  cmp byte ptr [0], 0
589C  je 0x58bc
589E  push ax
589F  push cx
58A0  push dx
58A1  mov al, 0xb6
58A3  out 0x43, al
58A5  mov bx, word ptr [0x5a56]
58A9  and bx, 6
58AD  add word ptr [0x5a56], 2
58B2  mov ax, word ptr [bx + 0x5a5a]
58B6  call 0x5889
58B9  pop dx
58BA  pop cx
58BB  pop ax
L58BC:
58BC  ret 

;======================================================================
proc_58BD:
58BD  mov byte ptr [0x5927], 0x80
58C2  mov byte ptr [0x5928], 0
58C7  mov byte ptr [0x5929], 0
58CC  mov word ptr [0x592a], 0x500
58D2  mov byte ptr [0x592c], 0xff
58D7  mov byte ptr [0x592d], 0
58DC  mov byte ptr [0x5920], 0
58E1  mov byte ptr [0x5b07], 0
58E6  mov word ptr [0x5b08], 0
58EC  mov word ptr [0x5b0c], 1
58F2  mov byte ptr [0x5b0e], 1
58F7  ret 

;======================================================================
proc_58F8:
58F8  cmp byte ptr [0x1cbf], 0
58FD  jne 0x5908
58FF  mov bx, 0x390
5902  mov cx, 0x1800
5905  call 0x59a3
L5908:
5908  mov byte ptr [0x127c], 0
590D  ret 

;======================================================================
proc_590E:
590E  cmp byte ptr [0x1cbf], 0
5913  jne 0x591e
5915  mov bx, 0x400
5918  mov cx, 0x1800
591B  call 0x59a3
L591E:
591E  ret 

;======================================================================
proc_591F:
591F  mov bx, 0x7d0
5922  mov cx, 0x1800
5925  call 0x59a3
5928  mov bx, 0xa6e
592B  mov cx, 0x1800
592E  call 0x59a3
5931  mov bx, 0xdec
5934  mov cx, 0x1800
5937  call 0x59a3
593A  ret 

;======================================================================
proc_593B:
593B  cmp byte ptr [0], 0
5940  je 0x595c
5942  mov word ptr [0x5923], bx
5946  push ax
5947  mov al, 0xb6
5949  out 0x43, al
594B  pop ax
594C  call 0x5889
594F  mov byte ptr [0x5920], 2
5954  sub ah, ah
5956  int 0x1a
5958  mov word ptr [0x5921], dx
L595C:
595C  ret 

;======================================================================
proc_595D:
595D  cmp byte ptr [0], 0
5962  je 0x597e
5964  cmp byte ptr [0x5920], 0
5969  jne 0x597e
596B  call 0x2dfd
596E  mov ax, dx
5970  and ax, 0x7f
5973  add ax, 0xaa
5976  mov bx, ax
5978  add ax, 0x1e
597B  call 0x593b
L597E:
597E  ret 

;======================================================================
proc_597F:
597F  cmp byte ptr [0], 0
5984  je 0x59a2
5986  mov ax, 0x1200
5989  mov bx, 0x1312
598C  add ax, word ptr [0x5b08]
5990  add bx, word ptr [0x5b08]
5994  add word ptr [0x5b08], 0x15e
599A  call 0x593b
599D  mov byte ptr [0x5b07], 0x18
L59A2:
59A2  ret 

;======================================================================
proc_59A3:
59A3  cmp byte ptr [0], 0
59A8  je 0x59ca
59AA  mov al, 0xb6
59AC  out 0x43, al
59AE  mov ax, bx
59B0  out 0x42, al
59B2  mov al, ah
59B4  out 0x42, al
59B6  in al, 0x61
59B8  or al, 3
59BA  out 0x61, al
59BC  cmp byte ptr [0x697], 0xfd
59C1  jne 0x59c5
59C3  shr cx, 1
L59C5:
59C5  loop 0x59c5
59C7  call 0x5b21
L59CA:
59CA  ret 

;======================================================================
proc_59CB:
59CB  in al, 0x61
59CD  and al, 0xfe
59CF  out 0x61, al
59D1  sub ah, ah
59D3  int 0x1a
59D5  mov word ptr [0x5a40], dx
59D9  mov word ptr [0x5a42], 0
L59DF:
59DF  mov ax, word ptr [0x5a42]
59E2  mov cl, 6
59E4  shr ax, cl
59E6  jne 0x59e9
59E8  inc ax
L59E9:
59E9  mov cx, ax
L59EB:
59EB  push cx
59EC  sub ah, ah
59EE  int 0x1a
59F0  pop cx
59F1  sub dx, word ptr [0x5a40]
59F5  cmp dx, 2
59F8  jb 0x59eb
59FA  cmp dx, 7
59FD  jae 0x5a18
59FF  loop 0x59eb
5A01  call 0x2dfd
5A04  and dl, 2
5A07  and dl, byte ptr [0]
5A0B  in al, 0x61
5A0D  xor al, dl
5A0F  out 0x61, al
5A11  add word ptr [0x5a42], 7
5A16  jmp 0x59df
L5A18:
5A18  call 0x5b21
5A1B  ret 

;======================================================================
proc_5A1C:
5A1C  cmp byte ptr [0], 0
5A21  je 0x5a34
5A23  call 0x13b7
5A26  mov bx, word ptr [0x5a16]
5A2A  sub bx, ax
5A2C  jb 0x5a35
5A2E  cmp bx, 0x260
5A32  ja 0x5a35
L5A34:
5A34  ret 
L5A35:
5A35  mov word ptr [0x5a16], ax
5A38  mov al, 0xb6
5A3A  out 0x43, al
5A3C  inc word ptr [0x5a18]
5A40  mov bx, word ptr [0x5a18]
5A44  and bx, 0x1e
5A48  mov ax, word ptr [0x5a3c]
5A4B  and ax, 0x3ff
5A4E  cmp ax, 0x180
5A51  jb 0x5a59
5A53  mov cx, 0x180
5A56  sub cx, ax
5A58  xchg cx, ax
L5A59:
5A59  shr ax, 1
5A5B  shr ax, 1
5A5D  add ax, word ptr [bx + 0x5a1a]
5A61  mov bx, 1
5A64  cmp byte ptr [0x697], 0xfd
5A69  jne 0x5a6d
5A6B  shl bl, 1
L5A6D:
5A6D  add word ptr [0x5a3e], bx
5A71  shl bx, 1
5A73  shl bx, 1
5A75  add word ptr [0x5a3c], bx
5A79  mov dx, word ptr [0x5a3e]
5A7D  mov cl, 3
5A7F  shr dx, cl
5A81  add ax, dx
5A83  out 0x42, al
5A85  mov al, ah
5A87  out 0x42, al
5A89  in al, 0x61
5A8B  or al, 3
5A8D  out 0x61, al
5A8F  ret 

;======================================================================
proc_5A90:
5A90  cmp byte ptr [0], 0
5A95  je 0x5aa1
5A97  sub ah, ah
5A99  int 0x1a
5A9B  cmp dx, word ptr [0x5a14]
5A9F  jne 0x5aa2
L5AA1:
5AA1  ret 
L5AA2:
5AA2  mov word ptr [0x5a14], dx
5AA6  mov al, 0xb6
5AA8  out 0x43, al
5AAA  call 0x2dfd
5AAD  mov ax, dx
5AAF  and ax, 0x70
5AB2  add ax, 0x200
5AB5  out 0x42, al
5AB7  mov al, ah
5AB9  out 0x42, al
5ABB  in al, 0x61
5ABD  or al, 3
5ABF  out 0x61, al
5AC1  ret 

;======================================================================
proc_5AC2:
5AC2  mov word ptr [0x5a12], 0x338
5AC8  sub ah, ah
5ACA  int 0x1a
5ACC  mov word ptr [0x5a10], dx
5AD0  call 0x13b7
5AD3  mov word ptr [0x5a0e], ax
L5AD6:
5AD6  call 0x13b7
5AD9  mov dx, ax
5ADB  sub ax, word ptr [0x5a0e]
5ADF  cmp ax, 0x9c40
5AE2  jb 0x5b10
5AE4  mov word ptr [0x5a0e], dx
5AE8  cmp byte ptr [0], 0
5AED  je 0x5b10
5AEF  mov al, 0xb6
5AF1  out 0x43, al
5AF3  call 0x2dfd
5AF6  mov ax, dx
5AF8  and ax, 0x7ff
5AFB  add ax, word ptr [0x5a12]
5AFF  sub word ptr [0x5a12], 2
5B04  out 0x42, al
5B06  mov al, ah
5B08  out 0x42, al
5B0A  in al, 0x61
5B0C  or al, 3
5B0E  out 0x61, al
L5B10:
5B10  sub ah, ah
5B12  int 0x1a
5B14  sub dx, word ptr [0x5a10]
5B18  cmp dx, 2
5B1B  jb 0x5ad6
5B1D  call 0x5b21
5B20  ret 

;======================================================================
proc_5B21:
5B21  in al, 0x61
5B23  and al, 0xfc
5B25  out 0x61, al
5B27  ret 

;======================================================================
proc_5B28:
5B28  mov al, 0xb6
5B2A  out 0x43, al
5B2C  mov ax, word ptr [0x592a]
5B2F  out 0x42, al
5B31  mov al, ah
5B33  out 0x42, al
5B35  in al, 0x61
5B37  or al, 3
5B39  out 0x61, al
5B3B  call 0x13b7
5B3E  mov cx, ax
L5B40:
5B40  call 0x13b7
5B43  mov dx, cx
5B45  sub dx, ax
5B47  cmp dx, word ptr [0x592e]
5B4B  jb 0x5b40
5B4D  in al, 0x61
5B4F  and al, 0xfc
5B51  out 0x61, al
5B53  ret 

;======================================================================
proc_5B54:
5B54  mov word ptr [0x59be], 0
5B5A  sub ah, ah
5B5C  int 0x1a
5B5E  mov word ptr [0x59c0], dx
5B62  ret 

;======================================================================
proc_5B63:
5B63  cmp byte ptr [0], 0
5B68  je 0x5b79
5B6A  sub ah, ah
5B6C  int 0x1a
5B6E  mov ax, dx
5B70  sub ax, word ptr [0x59c0]
5B74  cmp ax, 2
5B77  jae 0x5b7a
L5B79:
5B79  ret 
L5B7A:
5B7A  mov word ptr [0x59c0], dx
5B7E  mov bx, word ptr [0x59be]
5B82  and bx, 0xfe
5B86  cmp bx, 0x86
5B8A  jb 0x5b92
5B8C  sub bx, bx
5B8E  mov word ptr [0x59be], bx
L5B92:
5B92  add word ptr [0x59be], 2
5B97  mov ax, word ptr [bx + 0x5934]
5B9B  mov cx, word ptr [0x59bc]
5B9F  mov word ptr [0x59bc], ax
5BA2  cmp ax, cx
5BA4  jne 0x5baa
5BA6  call 0x5b21
5BA9  ret 
L5BAA:
5BAA  mov cx, ax
5BAC  mov al, 0xb6
5BAE  out 0x43, al
5BB0  mov ax, cx
5BB2  out 0x42, al
5BB4  mov al, ah
5BB6  out 0x42, al
5BB8  in al, 0x61
5BBA  or al, 3
5BBC  out 0x61, al
5BBE  ret 

;======================================================================
proc_5BBF:
5BBF  cmp byte ptr [0], 0
5BC4  je 0x5bd0
5BC6  call 0x5b63
5BC9  cmp word ptr [0x59be], 0x7c
5BCE  jb 0x5bbf
L5BD0:
5BD0  ret 
5BD1  00 00 00 00 00 00 00 00 00 00 00 00 00 00 00

;======================================================================
proc_5BE0:
5BE0  sub ah, ah
5BE2  int 0x1a
5BE4  mov word ptr [0x5f66], dx
5BE8  mov word ptr [0x5f60], 0
L5BEE:
5BEE  mov ax, 0xb800
5BF1  mov es, ax
5BF3  mov bx, word ptr [0x5f60]
5BF7  add word ptr [0x5f60], 2
5BFC  and bx, 2
5C00  mov si, word ptr [bx + 0x5f62]
5C04  mov di, 0xa74
5C07  mov cx, 0x4404
5C0A  call 0x2d9d
L5C0D:
5C0D  call 0x57e4
5C10  sub ah, ah
5C12  int 0x1a
5C14  mov ax, dx
5C16  sub ax, word ptr [0x5f66]
5C1A  cmp ax, 4
5C1D  jb 0x5c0d
5C1F  mov word ptr [0x5f66], dx
5C23  cmp word ptr [0x5f60], 4
5C28  jne 0x5c36
5C2A  mov si, 0x5f68
5C2D  mov di, 0x668
5C30  mov cx, 0x1004
5C33  call 0x2d9d
L5C36:
5C36  mov bx, word ptr [0x5f60]
5C3A  sub bx, 8
5C3D  jb 0x5c51
5C3F  cmp bx, 6
5C42  jae 0x5c51
5C44  mov si, 0x5fe8
5C47  mov di, word ptr [bx + 0x60e4]
5C4B  mov cx, 0x1506
5C4E  call 0x2d9d
L5C51:
5C51  cmp word ptr [0x5f60], 0x10
5C56  jb 0x5bee
5C58  call 0x5b21
5C5B  ret 
5C5C  00 00 00 00

;======================================================================
proc_5C60:
5C60  int 0x11
5C62  and al, 0x30
5C64  cmp al, 0x30
5C66  jne 0x5c95
5C68  mov ax, 0xb800
5C6B  mov ds, ax
5C6D  mov ax, 0x55aa
5C70  mov word ptr [0], ax
5C73  mov ax, word ptr [0]
5C76  cmp ax, 0x55aa
5C79  jne 0x5c96
5C7B  mov si, 0x60f0
5C7E  call 0x5c9e
5C81  mov ax, 0x40
5C84  mov ds, ax
5C86  mov ax, word ptr [0x10]
5C89  and al, 0xcf
5C8B  or al, 0x10
5C8D  mov word ptr [0x10], ax
5C90  mov ax, 4
5C93  int 0x10
L5C95:
5C95  ret 
L5C96:
5C96  mov si, 0x6112
5C99  call 0x5c9e
L5C9C:
5C9C  jmp 0x5c9c

;======================================================================
proc_5C9E:
5C9E  mov ax, 0x10
5CA1  mov ds, ax
5CA3  call 0x5e2b
5CA6  ret 
5CA7  00 00 00 00 00 00 00 00 00

;======================================================================
proc_5CB0:
5CB0  cld 
5CB1  mov word ptr [4], 0
5CB7  call 0x1830
5CBA  call 0x2330
5CBD  call 0x2a30
5CC0  mov ax, 0xb800
5CC3  mov es, ax
5CC5  mov si, 0x6152
5CC8  mov cx, 0x1d0b
5CCB  mov di, 0xbd
5CCE  call 0x2d9d
5CD1  mov si, 0x63d0
5CD4  mov cx, 0x160e
5CD7  mov di, 0x69e
5CDA  call 0x2d9d
5CDD  mov si, 0x6638
5CE0  mov cx, 0xc03
5CE3  mov di, 0xa78
5CE6  call 0x2d9d
5CE9  mov si, 0x6680
5CEC  mov cx, 0x80e
5CEF  mov di, 0xca8
5CF2  call 0x2d9d
5CF5  mov si, 0x6760
5CF8  mov cx, 0xb0c
5CFB  mov di, 0x1d6e
5CFE  call 0x2d9d
5D01  mov si, 0x6868
5D04  mov cx, 0x804
5D07  mov di, 0x1dec
5D0A  call 0x2d9d
5D0D  mov word ptr [0x6a8d], 0
5D13  call 0x5e3b
5D16  mov word ptr [0x579], 0
5D1C  call 0x70d
5D1F  mov byte ptr [0x57b], 0x60
5D24  mov byte ptr [0x57c], 0x92
5D29  call 0x26f2
5D2C  call 0x26fc
5D2F  mov byte ptr [0x1f80], 9
5D34  mov byte ptr [0x1f81], 0xff
5D39  call 0x26b3
5D3C  call 0x1e40
5D3F  mov byte ptr [0x698], 0
5D44  mov byte ptr [0x699], 0
5D49  mov byte ptr [0x6a8a], 0
5D4E  mov ax, word ptr [0x693]
5D51  mov word ptr [0x6150], ax
L5D54:
5D54  sub ah, ah
5D56  int 0x1a
5D58  mov word ptr [0x6a8b], dx
5D5C  mov word ptr [0x5322], dx
5D60  mov word ptr [0x6a93], dx
5D64  sub dx, 0x30
5D67  mov word ptr [0x6a88], dx
5D6B  mov word ptr [0x5320], 0
L5D71:
5D71  sub ah, ah
5D73  int 0x1a
5D75  mov ax, dx
5D77  sub ax, word ptr [0x6a93]
5D7B  cmp ax, 0x24
5D7E  jb 0x5d89
5D80  mov word ptr [0x6a93], dx
5D84  push dx
5D85  call 0x5e3b
5D88  pop dx
L5D89:
5D89  sub dx, word ptr [0x6a8b]
5D8D  mov ax, word ptr [0x56da]
5D90  cmp byte ptr [0x41a], 0
5D95  je 0x5da0
5D97  add ax, 0x48
5D9A  cmp dx, ax
5D9C  jae 0x5d54
5D9E  jmp 0x5da7
L5DA0:
5DA0  add ax, 6
5DA3  cmp dx, ax
5DA5  ja 0x5dd3
L5DA7:
5DA7  call 0x53b0
5DAA  call 0x5dd4
5DAD  cmp byte ptr [0x69b], 0
5DB2  je 0x5dca
5DB4  mov dx, 0x201
5DB7  in al, dx
5DB8  and al, 0x10
5DBA  je 0x5dc3
5DBC  mov byte ptr [0x6a8a], 1
5DC1  jmp 0x5dca
L5DC3:
5DC3  cmp byte ptr [0x6a8a], 0
5DC8  jne 0x5dd3
L5DCA:
5DCA  mov ax, word ptr [0x6150]
5DCD  cmp ax, word ptr [0x693]
5DD1  je 0x5d71
L5DD3:
5DD3  ret 

;======================================================================
proc_5DD4:
5DD4  cmp word ptr [0x579], 0x20
5DD9  ja 0x5de2
5DDB  mov byte ptr [0x698], 1
5DE0  jmp 0x5e1c
L5DE2:
5DE2  cmp word ptr [0x579], 0x120
5DE8  jb 0x5df1
5DEA  mov byte ptr [0x698], 0xff
5DEF  jmp 0x5e1c
L5DF1:
5DF1  sub ah, ah
5DF3  int 0x1a
5DF5  mov ax, dx
5DF7  sub ax, word ptr [0x6a88]
5DFB  cmp ax, 0x12
5DFE  jb 0x5e1c
5E00  mov word ptr [0x6a88], dx
5E04  call 0x2dfd
5E07  mov byte ptr [0x698], 0
5E0C  cmp dl, 0xa0
5E0F  ja 0x5e1c
5E11  and dl, 1
5E14  jne 0x5e18
5E16  mov dl, 0xff
L5E18:
5E18  mov byte ptr [0x698], dl
L5E1C:
5E1C  call 0x13d8
5E1F  je 0x5e2a
5E21  mov word ptr [0x572], 4
5E27  call 0x8e5
L5E2A:
5E2A  ret 

;======================================================================
proc_5E2B:
5E2B  lodsb al, byte ptr [si]
5E2C  cmp al, 0
5E2E  je 0x5e3a
5E30  push si
5E31  mov bl, 2
5E33  mov ah, 0xe
5E35  int 0x10
5E37  pop si
5E38  jmp 0x5e2b
L5E3A:
5E3A  ret 

;======================================================================
proc_5E3B:
5E3B  mov ax, 0xb800
5E3E  mov es, ax
5E40  add word ptr [0x6a8d], 2
5E45  mov bx, word ptr [0x6a8d]
5E49  and bx, 2
5E4D  mov si, word ptr [bx + 0x6a8f]
5E51  mov cx, 0xc0a
5E54  mov di, 0x1d38
5E57  call 0x2d9d
5E5A  ret 

;======================================================================
proc_5E5B:
5E5B  mov dl, 0
5E5D  mov bh, dl
5E5F  mov ah, 2
5E61  int 0x10
5E63  ret 
5E64  00 00 00 00 00 00 00 00 00 00 00 00

;======================================================================
proc_5E70:
5E70  call 0x5b21
5E73  sub ah, ah
5E75  int 0x1a
5E77  mov word ptr [0x6dfc], dx
5E7B  mov word ptr [0x6dfe], cx
5E7F  push ds
5E80  push ds
5E81  pop es
5E82  mov ax, 0xb800
5E85  mov ds, ax
5E87  mov si, 0xdca
5E8A  mov di, 0xe
5E8D  mov cx, 0x1020
5E90  call 0x2dca
5E93  pop ds
5E94  mov dx, 0xb05
5E97  mov bh, 0
5E99  mov ah, 2
5E9B  int 0x10
5E9D  mov si, 0x6d91
5EA0  cld 
5EA1  call 0x5e2b
5EA4  mov dx, 0xc05
5EA7  mov bh, 0
5EA9  mov ah, 2
5EAB  int 0x10
5EAD  mov si, 0x6db2
5EB0  cmp byte ptr [0x69b], 0
5EB5  je 0x5eba
5EB7  mov si, 0x6dd3
L5EBA:
5EBA  cld 
5EBB  call 0x5e2b
5EBE  call 0x5f97
5EC1  mov ax, 0xb800
5EC4  mov es, ax
5EC6  mov si, 0xe
5EC9  mov di, 0xdca
5ECC  mov cx, 0x1020
5ECF  call 0x2d9d
5ED2  mov ah, 1
5ED4  mov cx, word ptr [0x6dfe]
5ED8  mov dx, word ptr [0x6dfc]
5EDC  int 0x1a
5EDE  mov ax, word ptr [0x693]
5EE1  mov word ptr [0x6e00], ax
5EE4  ret 

;======================================================================
proc_5EE5:
5EE5  call 0x5b21
L5EE8:
5EE8  call 0x5fcd
5EEB  mov word ptr [0x6d8f], 0
5EF1  call 0x5fb1
L5EF4:
5EF4  mov ax, word ptr [0x693]
L5EF7:
5EF7  cmp ax, word ptr [0x693]
5EFB  je 0x5ef7
5EFD  test byte ptr [0x6c1], 0x80
5F02  je 0x5f12
5F04  test byte ptr [0x6c2], 0x80
5F09  jne 0x5ef4
5F0B  mov byte ptr [0x69b], 0
5F10  jmp 0x5f1c
L5F12:
5F12  call 0x5fe5
5F15  jb 0x5ee8
5F17  mov byte ptr [0x69b], 1
L5F1C:
5F1C  mov cx, 5
L5F1F:
5F1F  push cx
5F20  call 0x5fb1
5F23  pop cx
5F24  loop 0x5f1f
L5F26:
5F26  mov ax, word ptr [0x693]
L5F29:
5F29  cmp ax, word ptr [0x693]
5F2D  je 0x5f29
5F2F  sub ax, ax
5F31  test byte ptr [0x6c3], 0x80
5F36  je 0x5f50
5F38  inc ax
5F39  test byte ptr [0x6c4], 0x80
5F3E  je 0x5f50
5F40  inc ax
5F41  test byte ptr [0x6c5], 0x80
5F46  je 0x5f50
5F48  inc ax
5F49  test byte ptr [0x6c6], 0x80
5F4E  jne 0x5f26
L5F50:
5F50  mov word ptr [0x6df8], ax
5F53  mov cx, 5
L5F56:
5F56  push cx
5F57  call 0x5fb1
5F5A  pop cx
5F5B  loop 0x5f56
5F5D  cmp byte ptr [0x69b], 0
5F62  je 0x5f7e
5F64  mov word ptr [0x6d8f], 0x20
5F6A  call 0x5fb1
5F6D  call 0x5fb1
5F70  mov word ptr [0x6d8f], 0x18
5F76  call 0x5fb1
5F79  call 0x5fb1
5F7C  jmp 0x5f93
L5F7E:
5F7E  mov word ptr [0x6d8f], 0x1c
5F84  call 0x5fb1
5F87  call 0x5fb1
5F8A  mov word ptr [0x6d8f], 0x16
5F90  call 0x5fb1
L5F93:
5F93  call 0x5f97
5F96  ret 

;======================================================================
proc_5F97:
5F97  cmp byte ptr [0x69b], 0
5F9C  je 0x5fa7
L5F9E:
5F9E  mov dx, 0x201
5FA1  in al, dx
5FA2  and al, 0x10
5FA4  jne 0x5f9e
5FA6  ret 
L5FA7:
5FA7  mov ax, word ptr [0x693]
L5FAA:
5FAA  cmp ax, word ptr [0x693]
5FAE  je 0x5faa
5FB0  ret 

;======================================================================
proc_5FB1:
5FB1  mov bx, word ptr [0x6d8f]
5FB5  mov dx, word ptr [bx + 0x6d63]
5FB9  call 0x5e5b
5FBC  mov bx, word ptr [0x6d8f]
5FC0  add word ptr [0x6d8f], 2
5FC5  mov si, word ptr [bx + 0x6d37]
5FC9  call 0x5e2b
5FCC  ret 

;======================================================================
proc_5FCD:
5FCD  cld 
5FCE  mov ax, 0xb800
5FD1  mov es, ax
5FD3  sub ax, ax
5FD5  mov di, ax
5FD7  mov cx, 0xfa0
5FDA  rep stosw word ptr es:[di], ax
5FDC  mov di, 0x2000
5FDF  mov cx, 0xfa0
5FE2  rep stosw word ptr es:[di], ax
5FE4  ret 

;======================================================================
proc_5FE5:
5FE5  int 0x11
5FE7  test ax, 0x1000
5FEA  je 0x5ff6
5FEC  call 0x600f
5FEF  jae 0x600e
5FF1  call 0x600f
5FF4  jae 0x600e
L5FF6:
5FF6  mov word ptr [0x6d8f], 0x24
5FFC  mov cx, 4
L5FFF:
5FFF  call 0x5fb1
6002  loop 0x5fff
6004  mov ax, word ptr [0x693]
L6007:
6007  cmp ax, word ptr [0x693]
600B  je 0x6007
600D  stc 
L600E:
600E  ret 

;======================================================================
proc_600F:
600F  mov dx, 0x201
6012  out dx, al
6013  sub ah, ah
6015  int 0x1a
6017  mov word ptr [0x6dfa], dx
L601B:
601B  mov dx, 0x201
601E  in al, dx
601F  test al, 3
6021  jne 0x6025
6023  clc 
6024  ret 
L6025:
6025  sub ah, ah
6027  int 0x1a
6029  sub dx, word ptr [0x6dfa]
602D  cmp dx, 0x12
6030  jb 0x601b
6032  stc 
6033  ret 
6034  00 00 00 00 00 00 00 00 00 00 00 00

;======================================================================
proc_6040:
6040  cld 
6041  push ds
6042  pop es
6043  mov di, 0xe
6046  mov cx, 0x24
6049  sub ax, ax
604B  rep stosw word ptr es:[di], ax
604D  mov word ptr [0x6f24], 0x25
6053  mov ax, 0xb800
6056  mov es, ax
L6058:
6058  call 0x13d8
605B  je 0x6058
605D  mov si, 0xe
6060  mov di, word ptr [0x6f24]
6064  mov cx, 0xc03
6067  call 0x2d9d
606A  add word ptr [0x6f24], 0x1e0
6070  mov si, 0x6e10
6073  mov di, word ptr [0x6f24]
6077  mov cx, 0xc03
607A  call 0x2d9d
L607D:
607D  sub ah, ah
607F  int 0x1a
6081  cmp dx, word ptr [0x6f26]
6085  je 0x607d
6087  mov word ptr [0x6f26], dx
608B  cmp byte ptr [0], 0
6090  je 0x60a7
6092  mov al, 0xb6
6094  out 0x43, al
6096  mov ax, word ptr [0x6f24]
6099  shr ax, 1
609B  out 0x42, al
609D  mov al, ah
609F  out 0x42, al
60A1  in al, 0x61
60A3  or al, 3
60A5  out 0x61, al
L60A7:
60A7  cmp word ptr [0x6f24], 0x1a40
60AD  jb 0x6058
60AF  mov si, 0x6e58
60B2  mov di, word ptr [0x6f24]
60B6  mov cx, 0x1106
60B9  call 0x2d9d
L60BC:
60BC  sub ah, ah
60BE  int 0x1a
60C0  cmp dx, word ptr [0x6f28]
60C4  je 0x60bc
60C6  mov word ptr [0x6f28], dx
60CA  cmp byte ptr [0], 0
60CF  je 0x60e6
60D1  mov al, 0xb6
60D3  out 0x43, al
60D5  mov ax, 0xc00
60D8  test dl, 1
60DB  je 0x60e0
60DD  mov ax, 0xb54
L60E0:
60E0  out 0x42, al
60E2  mov al, ah
60E4  out 0x42, al
L60E6:
60E6  sub dx, word ptr [0x6f26]
60EA  cmp dx, 0x12
60ED  jb 0x60bc
60EF  call 0x5b21
60F2  ret 
60F3  00 00 00 00 00 00 00 00 00 00 00 00 00

;======================================================================
proc_6100:
6100  mov byte ptr [0x70f2], 0
6105  ret 

;======================================================================
proc_6106:
6106  sub ah, ah
6108  int 0x1a
610A  cmp dx, word ptr [0x70ee]
610E  jne 0x6111
6110  ret 
L6111:
6111  mov word ptr [0x70ee], dx
6115  call 0x62a6
6118  jae 0x6129
611A  call 0x11e3
611D  call 0x622b
6120  call 0x1145
6123  mov byte ptr [0x70f2], 0
6128  ret 
L6129:
6129  cmp byte ptr [0x70f2], 0
612E  jne 0x619e
L6130:
6130  call 0x2dfd
6133  mov bx, dx
6135  and bx, 0x1f
6139  cmp bl, 0x10
613C  jb 0x6166
613E  sub bl, 0x10
6141  cmp bl, 9
6144  ja 0x6130
6146  mov dl, 1
6148  cmp bl, 5
614B  jb 0x614f
614D  mov dl, 0xff
L614F:
614F  mov byte ptr [0x70f6], dl
6153  mov byte ptr [0x70f5], 6
6158  shl bl, 1
615A  mov ax, word ptr [bx + 0x70b8]
615E  add ax, 4
6161  mov word ptr [0x70f3], ax
6164  jmp 0x6188
L6166:
6166  mov ax, 0xc
6169  mov dl, 1
616B  test bl, 8
616E  je 0x6175
6170  mov ax, 0x120
6173  mov dl, 0xff
L6175:
6175  mov word ptr [0x70f3], ax
6178  mov byte ptr [0x70f6], dl
617C  and bl, 7
617F  mov al, byte ptr [bx + 0x70b0]
6183  add al, 8
6185  mov byte ptr [0x70f5], al
L6188:
6188  mov byte ptr [0x70f2], 1
618D  mov byte ptr [0x70f7], 1
6192  mov word ptr [0x70f0], 0
6198  mov word ptr [0x70ec], 0xffff
L619E:
619E  cmp word ptr [0x70f0], 0xa0
61A4  jae 0x61ab
61A6  add word ptr [0x70f0], 4
L61AB:
61AB  add byte ptr [0x70f5], 2
61B0  cmp byte ptr [0x70f5], 0xbf
61B5  ja 0x61d4
61B7  cmp byte ptr [0x70f6], 1
61BC  je 0x61c7
61BE  sub word ptr [0x70f3], 5
61C3  jb 0x61d4
61C5  jmp 0x61dd
L61C7:
61C7  add word ptr [0x70f3], 5
61CC  cmp word ptr [0x70f3], 0x12c
61D2  jb 0x61dd
L61D4:
61D4  mov byte ptr [0x70f2], 0
61D9  call 0x622b
61DC  ret 
L61DD:
61DD  mov cx, word ptr [0x70f3]
61E1  mov dl, byte ptr [0x70f5]
61E5  call 0x2cb0
61E8  mov word ptr [0x70fa], ax
61EB  call 0x62a6
61EE  jb 0x61d4
61F0  call 0x6245
61F3  call 0x622b
61F6  call 0x61fa
61F9  ret 

;======================================================================
proc_61FA:
61FA  mov ax, 0xb800
61FD  mov es, ax
61FF  mov byte ptr [0x70f7], 0
6204  mov ax, word ptr [0x70f0]
6207  and ax, 0x1e0
620A  add ax, 0x6f30
620D  cmp byte ptr [0x70f6], 0xff
6212  je 0x6217
6214  add ax, 0xc0
L6217:
6217  mov si, ax
6219  mov di, word ptr [0x70fa]
621D  mov word ptr [0x70f8], di
6221  mov bp, 0x70cc
6224  mov cx, 0x802
6227  call 0x2ccc
622A  ret 

;======================================================================
proc_622B:
622B  cmp byte ptr [0x70f7], 0
6230  jne 0x6244
6232  mov ax, 0xb800
6235  mov es, ax
6237  mov si, 0x70cc
623A  mov di, word ptr [0x70f8]
623E  mov cx, 0x802
6241  call 0x2d9d
L6244:
6244  ret 

;======================================================================
proc_6245:
6245  mov al, byte ptr [0x70f5]
6248  sub al, 8
624A  and al, 0xf8
624C  mov cx, 7
L624F:
624F  mov bx, cx
6251  dec bx
6252  cmp al, byte ptr [bx + 0x2bd4]
6256  je 0x625b
6258  loop 0x624f
L625A:
625A  ret 
L625B:
625B  mov ax, word ptr [0x70f3]
625E  mov cl, 4
6260  shr ax, cl
6262  sub ax, 2
6265  jb 0x625a
6267  cmp ax, 0x10
626A  jae 0x625a
626C  mov di, ax
626E  mov dl, byte ptr [bx + 0x2bdb]
6272  sub dh, dh
6274  add ax, dx
6276  cmp ax, word ptr [0x70ec]
627A  je 0x625a
627C  mov word ptr [0x70ec], ax
627F  mov si, ax
6281  xor byte ptr [si + 0x2be2], 2
6286  mov al, byte ptr [si + 0x2be2]
628A  sub ah, ah
628C  shl di, 1
628E  mov cx, word ptr [di + 0x70fc]
6292  mov dl, byte ptr [bx + 0x7120]
6296  push ax
6297  push cx
6298  push dx
6299  call 0x622b
629C  pop dx
629D  pop cx
629E  pop bx
629F  call 0x30e3
62A2  call 0x61fa
62A5  ret 

;======================================================================
proc_62A6:
62A6  cmp byte ptr [0x70f2], 0
62AB  jne 0x62af
62AD  clc 
62AE  ret 
L62AF:
62AF  mov ax, word ptr [0x70f3]
62B2  mov dl, byte ptr [0x70f5]
62B6  mov si, 0x10
62B9  mov bx, word ptr [0x579]
62BD  mov dh, byte ptr [0x57b]
62C1  mov di, 0x18
62C4  mov cx, 0xe08
62C7  call 0x2e29
62CA  jae 0x62ea
62CC  mov byte ptr [0x571], 1
62D1  mov byte ptr [0x576], 2
62D6  mov byte ptr [0x578], 0x20
62DB  mov byte ptr [0x55b], 8
62E0  mov ax, 0x91d
62E3  mov bx, 0xce4
62E6  call 0x593b
62E9  stc 
L62EA:
62EA  ret 
