
;======================================================================
proc_0000:
0000  1e             push ds
0001  b80000         mov ax, 0
0004  50             push ax
0005  e8585c         call 0x5c60
0008  b81000         mov ax, 0x10
000B  8ed8           mov ds, ax
000D  e89a13         call 0x13aa
0010  c606900604     mov byte ptr [0x690], 4
0015  c706f86d0000   mov word ptr [0x6df8], 0
001B  c6069b0600     mov byte ptr [0x69b], 0
0020  e8f613         call 0x1419
0023  e8c213         call 0x13e8
0026  a19306         mov ax, word ptr [0x693]
0029  054002         add ax, 0x240
002C  a3006e         mov word ptr [0x6e00], ax
002F  b80400         mov ax, 4
0032  cd10           int 0x10
0034  b004           mov al, 4
0036  803e9706fd     cmp byte ptr [0x697], 0xfd
003B  7402           je 0x3f
003D  b006           mov al, 6
L003F:
003F  a29006         mov byte ptr [0x690], al
0042  b40b           mov ah, 0xb
0044  bb0101         mov bx, 0x101
0047  cd10           int 0x10
0049  c70616040000   mov word ptr [0x416], 0
004F  c70604000000   mov word ptr [4], 0
0055  e8d91c         call 0x1d31
0058  803e9706fd     cmp byte ptr [0x697], 0xfd
005D  7406           je 0x65
005F  bad903         mov dx, 0x3d9
0062  b020           mov al, 0x20
0064  ee             out dx, al
L0065:
0065  e8a82d         call 0x2e10
0068  e87626         call 0x26e1
006B  e86c26         call 0x26da
006E  c6061a0400     mov byte ptr [0x41a], 0
0073  b8ffff         mov ax, 0xffff
0076  a31d04         mov word ptr [0x41d], ax
0079  a31f04         mov word ptr [0x41f], ax
007C  c6060000ff     mov byte ptr [0], 0xff
L0081:
0081  e80c26         call 0x2690
0084  c70608000000   mov word ptr [8], 0
008A  c70604000000   mov word ptr [4], 0
0090  e89e1c         call 0x1d31
0093  e88b5a         call 0x5b21
0096  e8175c         call 0x5cb0
0099  e8855a         call 0x5b21
009C  803e1a0400     cmp byte ptr [0x41a], 0
00A1  750b           jne 0xae
L00A3:
00A3  e87b5a         call 0x5b21
00A6  e83c5e         call 0x5ee5
00A9  c6061a0401     mov byte ptr [0x41a], 1
L00AE:
00AE  a1f86d         mov ax, word ptr [0x6df8]
00B1  a30800         mov word ptr [8], ax
00B4  c606801f03     mov byte ptr [0x1f80], 3
00B9  e81e26         call 0x26da
00BC  c70604000000   mov word ptr [4], 0
00C2  e86c1c         call 0x1d31
00C5  e8595a         call 0x5b21
00C8  c706301c0000   mov word ptr [0x1c30], 0
00CE  2ae4           sub ah, ah
00D0  cd1a           int 0x1a
00D2  89161204       mov word ptr [0x412], dx
00D6  c70614040000   mov word ptr [0x414], 0
00DC  c606180400     mov byte ptr [0x418], 0
00E1  c606190400     mov byte ptr [0x419], 0
00E6  c6061c0400     mov byte ptr [0x41c], 0
00EB  c6061b0400     mov byte ptr [0x41b], 0
00F0  e82e5a         call 0x5b21
L00F3:
00F3  803e801f00     cmp byte ptr [0x1f80], 0
00F8  7487           je 0x81
00FA  803e1b0400     cmp byte ptr [0x41b], 0
00FF  75ad           jne 0xae
0101  803e1c0400     cmp byte ptr [0x41c], 0
0106  759b           jne 0xa3
0108  e8f528         call 0x2a00
010B  e8f252         call 0x5400
010E  c606811fff     mov byte ptr [0x1f81], 0xff
0113  e80b5a         call 0x5b21
0116  c70604000000   mov word ptr [4], 0
011C  803e190400     cmp byte ptr [0x419], 0
0121  7414           je 0x137
0123  e87b06         call 0x7a1
0126  c606500502     mov byte ptr [0x550], 2
012B  c606760501     mov byte ptr [0x576], 1
0130  c606780520     mov byte ptr [0x578], 0x20
0135  eb09           jmp 0x140
L0137:
0137  c70679050000   mov word ptr [0x579], 0
013D  e8cd05         call 0x70d
L0140:
0140  e8fd1c         call 0x1e40
0143  e8ea16         call 0x1830
0146  e8c720         call 0x2210
0149  e8e421         call 0x2330
014C  e8a325         call 0x26f2
014F  e8aa25         call 0x26fc
0152  e86857         call 0x58bd
L0155:
0155  803e801f00     cmp byte ptr [0x1f80], 0
015A  7503           jne 0x15f
015C  e922ff         jmp 0x81
L015F:
015F  e8d611         call 0x1338
0162  803e1c0400     cmp byte ptr [0x41c], 0
0167  7403           je 0x16c
0169  e937ff         jmp 0xa3
L016C:
016C  803e1b0400     cmp byte ptr [0x41b], 0
0171  7403           je 0x176
0173  e938ff         jmp 0xae
L0176:
0176  e88710         call 0x1200
0179  e86907         call 0x8e5
017C  e8e41c         call 0x1e63
017F  803eb81c00     cmp byte ptr [0x1cb8], 0
0184  750b           jne 0x191
0186  fe060f04       inc byte ptr [0x40f]
018A  f6060f0403     test byte ptr [0x40f], 3
018F  75c4           jne 0x155
L0191:
0191  e8d952         call 0x546d
0194  e80903         call 0x4a0
0197  e89c17         call 0x1936
019A  e8ae16         call 0x184b
019D  e87620         call 0x2216
01A0  e8d821         call 0x237b
01A3  e80d25         call 0x26b3
01A6  803e510500     cmp byte ptr [0x551], 0
01AB  74a8           je 0x155
01AD  803e801f00     cmp byte ptr [0x1f80], 0
01B2  7503           jne 0x1b7
01B4  e9cafe         jmp 0x81
L01B7:
01B7  2ae4           sub ah, ah
01B9  cd1a           int 0x1a
01BB  89161004       mov word ptr [0x410], dx
01BF  a17905         mov ax, word ptr [0x579]
01C2  a30100         mov word ptr [1], ax
01C5  a07b05         mov al, byte ptr [0x57b]
01C8  a20300         mov byte ptr [3], al
01CB  c606190401     mov byte ptr [0x419], 1
01D0  803e180400     cmp byte ptr [0x418], 0
01D5  740e           je 0x1e5
01D7  c606180400     mov byte ptr [0x418], 0
01DC  c70604000700   mov word ptr [4], 7
01E2  eb54           jmp 0x238
01E4  db 90
L01E5:
01E5  e8152c         call 0x2dfd
01E8  f6c2a0         test dl, 0xa0
01EB  741d           je 0x20a
01ED  8b1e0800       mov bx, word ptr [8]
01F1  81e30300       and bx, 3
01F5  83fb03         cmp bx, 3
01F8  7410           je 0x20a
01FA  b102           mov cl, 2
01FC  d3e3           shl bx, cl
01FE  81e20300       and dx, 3
0202  03da           add bx, dx
0204  8a872104       mov al, byte ptr [bx + 0x421]
0208  eb12           jmp 0x21c
L020A:
020A  e8f02b         call 0x2dfd
020D  81e20700       and dx, 7
0211  83fa05         cmp dx, 5
0214  73f4           jae 0x20a
0216  8bda           mov bx, dx
0218  8a872d04       mov al, byte ptr [bx + 0x42d]
L021C:
021C  2ae4           sub ah, ah
021E  3b061d04       cmp ax, word ptr [0x41d]
0222  7506           jne 0x22a
0224  3b061f04       cmp ax, word ptr [0x41f]
0228  74bb           je 0x1e5
L022A:
022A  a30400         mov word ptr [4], ax
022D  8b0e1d04       mov cx, word ptr [0x41d]
0231  890e1f04       mov word ptr [0x41f], cx
0235  a31d04         mov word ptr [0x41d], ax
L0238:
0238  c70606000000   mov word ptr [6], 0
023E  8b1e0400       mov bx, word ptr [4]
0242  83fb07         cmp bx, 7
0245  7602           jbe 0x249
0247  2bdb           sub bx, bx
L0249:
0249  d1e3           shl bx, 1
024B  2effa75002     jmp word ptr cs:[bx + 0x250]
0250  dw 0x03E2
0252  dw 0x03E2
0254  dw 0x0459
0256  dw 0x0394
0258  dw 0x0349
025A  dw 0x02FE
025C  dw 0x02AA
025E  dw 0x0260
L0260:
0260  c70604000700   mov word ptr [4], 7
0266  e88719         call 0x1bf0
0269  e82425         call 0x2790
026C  e83205         call 0x7a1
026F  e8ce1b         call 0x1e40
0272  e89031         call 0x3405
0275  e8885e         call 0x6100
0278  e8de4c         call 0x4f59
027B  e83f56         call 0x58bd
L027E:
027E  e8b710         call 0x1338
0281  e87c0f         call 0x1200
0284  e8e651         call 0x546d
0287  e85b06         call 0x8e5
028A  e8795e         call 0x6106
028D  e8d62c         call 0x2f66
0290  e8cd2b         call 0x2e60
0293  e87a49         call 0x4c10
0296  a05105         mov al, byte ptr [0x551]
0299  0a065305       or al, byte ptr [0x553]
029D  0a061c04       or al, byte ptr [0x41c]
02A1  0a061b04       or al, byte ptr [0x41b]
02A5  74d7           je 0x27e
02A7  e97d01         jmp 0x427
L02AA:
02AA  c70604000600   mov word ptr [4], 6
02B0  e83d19         call 0x1bf0
02B3  e8da24         call 0x2790
02B6  e84749         call 0x4c00
02B9  e8e504         call 0x7a1
02BC  e84631         call 0x3405
02BF  e87e1b         call 0x1e40
02C2  e8f855         call 0x58bd
L02C5:
02C5  e87010         call 0x1338
02C8  e8350f         call 0x1200
02CB  e89f51         call 0x546d
02CE  e87246         call 0x4943
02D1  e80245         call 0x47d6
02D4  e80e06         call 0x8e5
02D7  803eb81c00     cmp byte ptr [0x1cb8], 0
02DC  7405           je 0x2e3
02DE  e8821b         call 0x1e63
02E1  eb03           jmp 0x2e6
L02E3:
02E3  e86a2e         call 0x3150
L02E6:
02E6  a05105         mov al, byte ptr [0x551]
02E9  0a065205       or al, byte ptr [0x552]
02ED  0a065305       or al, byte ptr [0x553]
02F1  0a061b04       or al, byte ptr [0x41b]
02F5  0a061c04       or al, byte ptr [0x41c]
02F9  74ca           je 0x2c5
02FB  e92901         jmp 0x427
L02FE:
02FE  c70604000500   mov word ptr [4], 5
0304  e8e918         call 0x1bf0
0307  e88624         call 0x2790
030A  e86d42         call 0x457a
030D  e89104         call 0x7a1
0310  e8f230         call 0x3405
0313  e82a1b         call 0x1e40
0316  e8a455         call 0x58bd
L0319:
0319  e81c10         call 0x1338
031C  e8e10e         call 0x1200
031F  e84b51         call 0x546d
0322  e88642         call 0x45ab
0325  e81840         call 0x4340
0328  e8ba05         call 0x8e5
032B  e8222e         call 0x3150
032E  e8321b         call 0x1e63
0331  a05205         mov al, byte ptr [0x552]
0334  0a065305       or al, byte ptr [0x553]
0338  0a065105       or al, byte ptr [0x551]
033C  0a061c04       or al, byte ptr [0x41c]
0340  0a061b04       or al, byte ptr [0x41b]
0344  74d3           je 0x319
0346  e9de00         jmp 0x427
L0349:
0349  c70604000400   mov word ptr [4], 4
034F  e89e18         call 0x1bf0
0352  e83b24         call 0x2790
0355  e84904         call 0x7a1
0358  e8aa30         call 0x3405
035B  e8e21a         call 0x1e40
035E  e82f3d         call 0x4090
0361  e85955         call 0x58bd
L0364:
0364  e8d10f         call 0x1338
0367  e8960e         call 0x1200
036A  e80051         call 0x546d
036D  e87505         call 0x8e5
0370  e81d3b         call 0x3e90
0373  e84c3d         call 0x40c2
0376  e8d72d         call 0x3150
0379  e8e71a         call 0x1e63
037C  a05205         mov al, byte ptr [0x552]
037F  0a065305       or al, byte ptr [0x553]
0383  0a065105       or al, byte ptr [0x551]
0387  0a061c04       or al, byte ptr [0x41c]
038B  0a061b04       or al, byte ptr [0x41b]
038F  74d3           je 0x364
0391  e99300         jmp 0x427
L0394:
0394  c70604000300   mov word ptr [4], 3
039A  e85318         call 0x1bf0
039D  e8f023         call 0x2790
03A0  e8fe03         call 0x7a1
03A3  e85f30         call 0x3405
03A6  e8971a         call 0x1e40
03A9  e88437         call 0x3b30
03AC  e8e138         call 0x3c90
03AF  e80b55         call 0x58bd
L03B2:
03B2  e8830f         call 0x1338
03B5  e8480e         call 0x1200
03B8  e8b250         call 0x546d
03BB  e82705         call 0x8e5
03BE  e8f038         call 0x3cb1
03C1  e87e37         call 0x3b42
03C4  e8892d         call 0x3150
03C7  e8991a         call 0x1e63
03CA  a05205         mov al, byte ptr [0x552]
03CD  0a065305       or al, byte ptr [0x553]
03D1  0a065105       or al, byte ptr [0x551]
03D5  0a061c04       or al, byte ptr [0x41c]
03D9  0a061b04       or al, byte ptr [0x41b]
03DD  74d3           je 0x3b2
03DF  eb46           jmp 0x427
03E1  db 90
L03E2:
03E2  c70604000100   mov word ptr [4], 1
03E8  e80518         call 0x1bf0
03EB  e8a223         call 0x2790
03EE  e8b003         call 0x7a1
03F1  e81130         call 0x3405
03F4  e8491a         call 0x1e40
03F7  e8c354         call 0x58bd
L03FA:
03FA  e83b0f         call 0x1338
03FD  e8000e         call 0x1200
0400  e86a50         call 0x546d
0403  e8df04         call 0x8e5
0406  e8472d         call 0x3150
0409  e8571a         call 0x1e63
040C  e84134         call 0x3850
040F  803e540500     cmp byte ptr [0x554], 0
0414  7543           jne 0x459
0416  a05205         mov al, byte ptr [0x552]
0419  0a065105       or al, byte ptr [0x551]
041D  0a061b04       or al, byte ptr [0x41b]
0421  0a061c04       or al, byte ptr [0x41c]
0425  74d3           je 0x3fa
L0427:
0427  803e1b0400     cmp byte ptr [0x41b], 0
042C  7403           je 0x431
042E  e97dfc         jmp 0xae
L0431:
0431  803e1c0400     cmp byte ptr [0x41c], 0
0436  7403           je 0x43b
0438  e968fc         jmp 0xa3
L043B:
043B  803e520500     cmp byte ptr [0x552], 0
0440  7405           je 0x447
0442  c606190400     mov byte ptr [0x419], 0
L0447:
0447  a10400         mov ax, word ptr [4]
044A  a30600         mov word ptr [6], ax
044D  c70604000000   mov word ptr [4], 0
0453  e89a17         call 0x1bf0
0456  e99afc         jmp 0xf3
L0459:
0459  c70604000200   mov word ptr [4], 2
045F  e88e17         call 0x1bf0
0462  e82b23         call 0x2790
0465  e86131         call 0x35c9
0468  e83603         call 0x7a1
046B  c606bf1c00     mov byte ptr [0x1cbf], 0
0470  c606b81c00     mov byte ptr [0x1cb8], 0
0475  e84554         call 0x58bd
L0478:
0478  e8bd0e         call 0x1338
047B  e8820d         call 0x1200
047E  e8ec4f         call 0x546d
0481  e86104         call 0x8e5
0484  e8ee31         call 0x3675
0487  e85b33         call 0x37e5
048A  a05205         mov al, byte ptr [0x552]
048D  0a065305       or al, byte ptr [0x553]
0491  0a061c04       or al, byte ptr [0x41c]
0495  0a061b04       or al, byte ptr [0x41b]
0499  74dd           je 0x478
049B  eb8a           jmp 0x427
049D  db 00 00 00

;======================================================================
proc_04A0:
04A0  fe0e3105       dec byte ptr [0x531]
04A4  7401           je 0x4a7
L04A6:
04A6  c3             ret 
L04A7:
04A7  fe063105       inc byte ptr [0x531]
04AB  e82a0f         call 0x13d8
04AE  75f6           jne 0x4a6
04B0  803e5a0500     cmp byte ptr [0x55a], 0
04B5  75ef           jne 0x4a6
04B7  803e731600     cmp byte ptr [0x1673], 0
04BC  75e8           jne 0x4a6
04BE  2ae4           sub ah, ah
04C0  cd1a           int 0x1a
04C2  3b164405       cmp dx, word ptr [0x544]
04C6  74de           je 0x4a6
04C8  89164405       mov word ptr [0x544], dx
04CC  8b1e0800       mov bx, word ptr [8]
04D0  8a873205       mov al, byte ptr [bx + 0x532]
04D4  803e7b0560     cmp byte ptr [0x57b], 0x60
04D9  7704           ja 0x4df
04DB  d0e8           shr al, 1
04DD  d0e8           shr al, 1
L04DF:
04DF  a23105         mov byte ptr [0x531], al
04E2  8b1e2f05       mov bx, word ptr [0x52f]
04E6  e86f01         call 0x658
04E9  7421           je 0x50c
04EB  a02505         mov al, byte ptr [0x525]
04EE  02872905       add al, byte ptr [bx + 0x529]
04F2  3c04           cmp al, 4
04F4  72b0           jb 0x4a6
L04F6:
04F6  e80429         call 0x2dfd
04F9  80e203         and dl, 3
04FC  3a162f05       cmp dl, byte ptr [0x52f]
0500  74f4           je 0x4f6
0502  80fa03         cmp dl, 3
0505  74ef           je 0x4f6
0507  8ada           mov bl, dl
0509  eb2a           jmp 0x535
050B  db 90
L050C:
050C  8a872905       mov al, byte ptr [bx + 0x529]
0510  00062505       add byte ptr [0x525], al
0514  803e250504     cmp byte ptr [0x525], 4
0519  7268           jb 0x583
051B  e8df28         call 0x2dfd
051E  80fa40         cmp dl, 0x40
0521  7716           ja 0x539
L0523:
0523  e8d728         call 0x2dfd
0526  80e203         and dl, 3
0529  80fa03         cmp dl, 3
052C  74f5           je 0x523
052E  8ada           mov bl, dl
0530  e82501         call 0x658
0533  75ee           jne 0x523
L0535:
0535  891e2f05       mov word ptr [0x52f], bx
L0539:
0539  8a872605       mov al, byte ptr [bx + 0x526]
053D  a22505         mov byte ptr [0x525], al
0540  b81000         mov ax, 0x10
0543  8ec0           mov es, ax
0545  bfd704         mov di, 0x4d7
0548  8aa72c05       mov ah, byte ptr [bx + 0x52c]
054C  8b1e0800       mov bx, word ptr [8]
0550  8a9fba2a       mov bl, byte ptr [bx + 0x2aba]
0554  8afc           mov bh, ah
0556  e82401         call 0x67d
0559  833e2f0501     cmp word ptr [0x52f], 1
055E  740e           je 0x56e
0560  d02e4005       shr byte ptr [0x540], 1
0564  e8cc00         call 0x633
0567  d02e4005       shr byte ptr [0x540], 1
056B  eb0f           jmp 0x57c
056D  db 90
L056E:
056E  a04005         mov al, byte ptr [0x540]
0571  d0e8           shr al, 1
0573  d0e8           shr al, 1
0575  e8bb00         call 0x633
0578  d02e4005       shr byte ptr [0x540], 1
L057C:
057C  e8b400         call 0x633
057F  8b1e2f05       mov bx, word ptr [0x52f]
L0583:
0583  803ed60400     cmp byte ptr [0x4d6], 0
0588  7446           je 0x5d0
058A  a17905         mov ax, word ptr [0x579]
058D  80fb01         cmp bl, 1
0590  742d           je 0x5bf
0592  ff065f05       inc word ptr [0x55f]
0596  050400         add ax, 4
0599  3d2301         cmp ax, 0x123
059C  722f           jb 0x5cd
L059E:
059E  c6065b0511     mov byte ptr [0x55b], 0x11
05A3  c606710501     mov byte ptr [0x571], 1
05A8  c606760501     mov byte ptr [0x576], 1
05AD  c606780518     mov byte ptr [0x578], 0x18
05B2  c606720501     mov byte ptr [0x572], 1
05B7  c6065c0500     mov byte ptr [0x55c], 0
05BC  eb12           jmp 0x5d0
05BE  db 90
L05BF:
05BF  ff0e5f05       dec word ptr [0x55f]
05C3  2d0400         sub ax, 4
05C6  72d6           jb 0x59e
05C8  3d0800         cmp ax, 8
05CB  72d1           jb 0x59e
L05CD:
05CD  a37905         mov word ptr [0x579], ax
L05D0:
05D0  1e             push ds
05D1  d1e3           shl bx, 1
05D3  8b871d05       mov ax, word ptr [bx + 0x51d]
05D7  a32305         mov word ptr [0x523], ax
05DA  8bb71705       mov si, word ptr [bx + 0x517]
05DE  b800b8         mov ax, 0xb800
05E1  8ed8           mov ds, ax
05E3  8ec0           mov es, ax
05E5  8bfe           mov di, si
05E7  83fb02         cmp bx, 2
05EA  7505           jne 0x5f1
05EC  fc             cld 
05ED  4f             dec di
05EE  eb03           jmp 0x5f3
05F0  db 90
L05F1:
05F1  fd             std 
05F2  47             inc di
L05F3:
05F3  b97f02         mov cx, 0x27f
05F6  57             push di
05F7  56             push si
05F8  f3a4           rep movsb byte ptr es:[di], byte ptr [si]
05FA  5e             pop si
05FB  5f             pop di
05FC  81c60020       add si, 0x2000
0600  81c70020       add di, 0x2000
0604  b98002         mov cx, 0x280
0607  f3a4           rep movsb byte ptr es:[di], byte ptr [si]
0609  1f             pop ds
060A  8b3e2305       mov di, word ptr [0x523]
060E  8a1e2505       mov bl, byte ptr [0x525]
0612  2aff           sub bh, bh
0614  81c3d704       add bx, 0x4d7
0618  b91000         mov cx, 0x10
L061B:
061B  8a07           mov al, byte ptr [bx]
061D  268805         mov byte ptr es:[di], al
0620  83c304         add bx, 4
0623  81f70020       xor di, 0x2000
0627  f7c70020       test di, 0x2000
062B  7503           jne 0x630
062D  83c750         add di, 0x50
L0630:
0630  e2e9           loop 0x61b
0632  c3             ret 

;======================================================================
proc_0633:
0633  9f             lahf 
0634  8b1e2f05       mov bx, word ptr [0x52f]
0638  8a9f4105       mov bl, byte ptr [bx + 0x541]
063C  b90500         mov cx, 5
063F  80fb09         cmp bl, 9
0642  740a           je 0x64e
L0644:
0644  9e             sahf 
0645  d09f1610       rcr byte ptr [bx + 0x1016], 1
0649  9f             lahf 
064A  43             inc bx
064B  e2f7           loop 0x644
064D  c3             ret 
L064E:
064E  9e             sahf 
064F  d0971610       rcl byte ptr [bx + 0x1016]
0653  9f             lahf 
0654  4b             dec bx
0655  e2f7           loop 0x64e
0657  c3             ret 

;======================================================================
proc_0658:
0658  c606d60400     mov byte ptr [0x4d6], 0
065D  a07c05         mov al, byte ptr [0x57c]
0660  3a873d05       cmp al, byte ptr [bx + 0x53d]
0664  7213           jb 0x679
0666  3a873a05       cmp al, byte ptr [bx + 0x53a]
066A  730d           jae 0x679
066C  803e5c0501     cmp byte ptr [0x55c], 1
0671  7301           jae 0x674
0673  c3             ret 
L0674:
0674  c606d60401     mov byte ptr [0x4d6], 1
L0679:
0679  3ac0           cmp al, al
067B  c3             ret 
067C  db C3

;======================================================================
proc_067D:
067D  c606400500     mov byte ptr [0x540], 0
0682  fc             cld 
0683  b92000         mov cx, 0x20
0686  b8aaaa         mov ax, 0xaaaa
0689  f3ab           rep stosw word ptr es:[di], ax
068B  83ef40         sub di, 0x40
068E  b84444         mov ax, 0x4444
0691  26894504       mov word ptr es:[di + 4], ax
0695  26894506       mov word ptr es:[di + 6], ax
0699  e86127         call 0x2dfd
069C  3ad3           cmp dl, bl
069E  7204           jb 0x6a4
06A0  3af7           cmp dh, bh
06A2  7701           ja 0x6a5
L06A4:
06A4  c3             ret 
L06A5:
06A5  e85527         call 0x2dfd
06A8  80fa18         cmp dl, 0x18
06AB  721a           jb 0x6c7
06AD  80fa60         cmp dl, 0x60
06B0  721e           jb 0x6d0
06B2  57             push di
06B3  e82800         call 0x6de
06B6  d0e0           shl al, 1
06B8  a24005         mov byte ptr [0x540], al
06BB  5f             pop di
06BC  83c702         add di, 2
06BF  e81c00         call 0x6de
06C2  08064005       or byte ptr [0x540], al
06C6  c3             ret 
L06C7:
06C7  b92000         mov cx, 0x20
06CA  be9004         mov si, 0x490
06CD  eb07           jmp 0x6d6
06CF  db 90
L06D0:
06D0  b91000         mov cx, 0x10
06D3  be6004         mov si, 0x460
L06D6:
06D6  f3a5           rep movsw word ptr es:[di], word ptr [si]
06D8  c606400503     mov byte ptr [0x540], 3
06DD  c3             ret 

;======================================================================
proc_06DE:
06DE  e81c27         call 0x2dfd
06E1  81e20600       and dx, 6
06E5  80fa06         cmp dl, 6
06E8  7503           jne 0x6ed
06EA  2ac0           sub al, al
06EC  c3             ret 
L06ED:
06ED  8bda           mov bx, dx
06EF  8bb7d004       mov si, word ptr [bx + 0x4d0]
06F3  b90800         mov cx, 8
L06F6:
06F6  ad             lodsw ax, word ptr [si]
06F7  ab             stosw word ptr es:[di], ax
06F8  83c702         add di, 2
06FB  e2f9           loop 0x6f6
06FD  b001           mov al, 1
06FF  c3             ret 

;======================================================================
proc_0700:
0700  c7067d050000   mov word ptr [0x57d], 0
0706  c70684060000   mov word ptr [0x684], 0
070C  c3             ret 

;======================================================================
proc_070D:
070D  b90000         mov cx, 0
0710  b401           mov ah, 1
0712  813e7905a000   cmp word ptr [0x579], 0xa0
0718  7205           jb 0x71f
071A  b92801         mov cx, 0x128
071D  b4ff           mov ah, 0xff
L071F:
071F  88266e05       mov byte ptr [0x56e], ah
0723  c606580503     mov byte ptr [0x558], 3
0728  c60659050c     mov byte ptr [0x559], 0xc
072D  b2b4           mov dl, 0xb4
072F  890e7905       mov word ptr [0x579], cx
0733  88167b05       mov byte ptr [0x57b], dl
0737  c6067c05e6     mov byte ptr [0x57c], 0xe6
073C  e87125         call 0x2cb0
073F  a35f05         mov word ptr [0x55f], ax
0742  c7066105030b   mov word ptr [0x561], 0xb03
0748  e8d909         call 0x1124
074B  c606710500     mov byte ptr [0x571], 0
0750  c70672050200   mov word ptr [0x572], 2
0756  c606760501     mov byte ptr [0x576], 1
075B  c6065b0500     mov byte ptr [0x55b], 0
0760  c606500500     mov byte ptr [0x550], 0
0765  c6065c0500     mov byte ptr [0x55c], 0
076A  c6065a0500     mov byte ptr [0x55a], 0
076F  c606830500     mov byte ptr [0x583], 0
0774  c606980600     mov byte ptr [0x698], 0
0779  c606990600     mov byte ptr [0x699], 0
077E  c606510500     mov byte ptr [0x551], 0
0783  c606840500     mov byte ptr [0x584], 0
0788  c606520500     mov byte ptr [0x552], 0
078D  c70654050000   mov word ptr [0x554], 0
0793  c606530500     mov byte ptr [0x553], 0
0798  c6067c1200     mov byte ptr [0x127c], 0
079D  e860ff         call 0x700
07A0  c3             ret 

;======================================================================
proc_07A1:
07A1  8b1e0400       mov bx, word ptr [4]
07A5  83fb00         cmp bx, 0
07A8  750b           jne 0x7b5
07AA  8b0e0100       mov cx, word ptr [1]
07AE  8a160300       mov dl, byte ptr [3]
07B2  eb0b           jmp 0x7bf
07B4  db 90
L07B5:
07B5  8a97e905       mov dl, byte ptr [bx + 0x5e9]
07B9  d0e3           shl bl, 1
07BB  8b8fd905       mov cx, word ptr [bx + 0x5d9]
L07BF:
07BF  890e7905       mov word ptr [0x579], cx
07C3  88167b05       mov byte ptr [0x57b], dl
07C7  8ac2           mov al, dl
07C9  0432           add al, 0x32
07CB  a27c05         mov byte ptr [0x57c], al
07CE  e8df24         call 0x2cb0
07D1  a35f05         mov word ptr [0x55f], ax
07D4  a1b20f         mov ax, word ptr [0xfb2]
07D7  a36905         mov word ptr [0x569], ax
07DA  a1be0f         mov ax, word ptr [0xfbe]
07DD  a36705         mov word ptr [0x567], ax
07E0  a36105         mov word ptr [0x561], ax
07E3  e83e09         call 0x1124
07E6  c606710501     mov byte ptr [0x571], 1
07EB  c6066e0500     mov byte ptr [0x56e], 0
07F0  c606760501     mov byte ptr [0x576], 1
07F5  c606780540     mov byte ptr [0x578], 0x40
07FA  b00a           mov al, 0xa
07FC  833e040007     cmp word ptr [4], 7
0801  7502           jne 0x805
0803  2ac0           sub al, al
L0805:
0805  a25b05         mov byte ptr [0x55b], al
0808  c606500500     mov byte ptr [0x550], 0
080D  c6065c0500     mov byte ptr [0x55c], 0
0812  c6065a0500     mov byte ptr [0x55a], 0
0817  c606830500     mov byte ptr [0x583], 0
081C  c606980600     mov byte ptr [0x698], 0
0821  c606990600     mov byte ptr [0x699], 0
0826  c606510500     mov byte ptr [0x551], 0
082B  c606840500     mov byte ptr [0x584], 0
0830  c606520500     mov byte ptr [0x552], 0
0835  c70654050000   mov word ptr [0x554], 0
083B  c606530500     mov byte ptr [0x553], 0
0840  c6067c1200     mov byte ptr [0x127c], 0
0845  e8b8fe         call 0x700
0848  833e040002     cmp word ptr [4], 2
084D  7522           jne 0x871
084F  c606760510     mov byte ptr [0x576], 0x10
0854  c70674051000   mov word ptr [0x574], 0x10
085A  2ae4           sub ah, ah
085C  cd1a           int 0x1a
085E  8916f105       mov word ptr [0x5f1], dx
0862  c606f30500     mov byte ptr [0x5f3], 0
0867  c606f40505     mov byte ptr [0x5f4], 5
086C  c606f50501     mov byte ptr [0x5f5], 1
L0871:
0871  c3             ret 

;======================================================================
proc_0872:
0872  c7062a590004   mov word ptr [0x592a], 0x400
0878  803e840500     cmp byte ptr [0x584], 0
087D  7401           je 0x880
087F  c3             ret 
L0880:
0880  c606760508     mov byte ptr [0x576], 8
0885  b2ff           mov dl, 0xff
0887  a07b05         mov al, byte ptr [0x57b]
088A  3a065226       cmp al, byte ptr [0x2652]
088E  7302           jae 0x892
0890  b201           mov dl, 1
L0892:
0892  88167105       mov byte ptr [0x571], dl
0896  a17905         mov ax, word ptr [0x579]
0899  2b065026       sub ax, word ptr [0x2650]
089D  b2ff           mov dl, 0xff
089F  7704           ja 0x8a5
08A1  b201           mov dl, 1
08A3  f7d0           not ax
L08A5:
08A5  88166e05       mov byte ptr [0x56e], dl
08A9  80fc00         cmp ah, 0
08AC  7403           je 0x8b1
08AE  b8ff00         mov ax, 0xff
L08B1:
08B1  f6d0           not al
08B3  3c30           cmp al, 0x30
08B5  7302           jae 0x8b9
08B7  b030           mov al, 0x30
L08B9:
08B9  8ad8           mov bl, al
08BB  d0eb           shr bl, 1
08BD  d0eb           shr bl, 1
08BF  2ac3           sub al, bl
08C1  a27805         mov byte ptr [0x578], al
08C4  b105           mov cl, 5
08C6  d2e8           shr al, cl
08C8  a37205         mov word ptr [0x572], ax
08CB  c6065c0500     mov byte ptr [0x55c], 0
08D0  c606e03900     mov byte ptr [0x39e0], 0
08D5  c606770501     mov byte ptr [0x577], 1
08DA  c6065b0510     mov byte ptr [0x55b], 0x10
08DF  c606840501     mov byte ptr [0x584], 1
08E4  c3             ret 

;======================================================================
proc_08E5:
08E5  2ae4           sub ah, ah
08E7  cd1a           int 0x1a
08E9  3b167d05       cmp dx, word ptr [0x57d]
08ED  750e           jne 0x8fd
08EF  833e840600     cmp word ptr [0x684], 0
08F4  7406           je 0x8fc
08F6  ff0e8406       dec word ptr [0x684]
08FA  7410           je 0x90c
L08FC:
08FC  c3             ret 
L08FD:
08FD  b82000         mov ax, 0x20
0900  803e9706fd     cmp byte ptr [0x697], 0xfd
0905  7502           jne 0x909
0907  d1e8           shr ax, 1
L0909:
0909  a38406         mov word ptr [0x684], ax
L090C:
090C  833e040002     cmp word ptr [4], 2
0911  740a           je 0x91d
0913  8a0e7105       mov cl, byte ptr [0x571]
0917  0a0e6e05       or cl, byte ptr [0x56e]
091B  7509           jne 0x926
L091D:
091D  52             push dx
091E  50             push ax
091F  e8b60a         call 0x13d8
0922  58             pop ax
0923  5a             pop dx
0924  74d6           je 0x8fc
L0926:
0926  89167d05       mov word ptr [0x57d], dx
092A  a37f05         mov word ptr [0x57f], ax
092D  833e040004     cmp word ptr [4], 4
0932  7507           jne 0x93b
0934  803ee13900     cmp byte ptr [0x39e1], 0
0939  75c1           jne 0x8fc
L093B:
093B  833e040006     cmp word ptr [4], 6
0940  7507           jne 0x949
0942  803ebd4400     cmp byte ptr [0x44bd], 0
0947  75b3           jne 0x8fc
L0949:
0949  833e040002     cmp word ptr [4], 2
094E  7403           je 0x953
0950  e95902         jmp 0xbac
L0953:
0953  8b360800       mov si, word ptr [8]
0957  d1e6           shl si, 1
0959  a17d05         mov ax, word ptr [0x57d]
095C  2b06f105       sub ax, word ptr [0x5f1]
0960  3b848905       cmp ax, word ptr [si + 0x589]
0964  7270           jb 0x9d6
0966  3b849905       cmp ax, word ptr [si + 0x599]
096A  7205           jb 0x971
096C  c606520501     mov byte ptr [0x552], 1
L0971:
0971  fe0ef505       dec byte ptr [0x5f5]
0975  7542           jne 0x9b9
0977  e80550         call 0x597f
097A  c606f50506     mov byte ptr [0x5f5], 6
097F  a0f405         mov al, byte ptr [0x5f4]
0982  803e7b05b3     cmp byte ptr [0x57b], 0xb3
0987  7209           jb 0x992
0989  3cc8           cmp al, 0xc8
098B  7305           jae 0x992
098D  041e           add al, 0x1e
098F  a2f405         mov byte ptr [0x5f4], al
L0992:
0992  8a167b05       mov dl, byte ptr [0x57b]
0996  2ad0           sub dl, al
0998  7302           jae 0x99c
099A  2ad2           sub dl, dl
L099C:
099C  8b0e7905       mov cx, word ptr [0x579]
09A0  80e2f8         and dl, 0xf8
09A3  e80a23         call 0x2cb0
09A6  8bf8           mov di, ax
09A8  be4e06         mov si, 0x64e
09AB  b800b8         mov ax, 0xb800
09AE  8ec0           mov es, ax
09B0  bd0e00         mov bp, 0xe
09B3  b90305         mov cx, 0x503
09B6  e87c23         call 0x2d35
L09B9:
09B9  c6066e0500     mov byte ptr [0x56e], 0
09BE  c606710501     mov byte ptr [0x571], 1
09C3  c606f30501     mov byte ptr [0x5f3], 1
09C8  c606760520     mov byte ptr [0x576], 0x20
09CD  2bdb           sub bx, bx
09CF  b40b           mov ah, 0xb
09D1  cd10           int 0x10
09D3  e9b000         jmp 0xa86
L09D6:
09D6  8b360800       mov si, word ptr [8]
09DA  d1e6           shl si, 1
09DC  2bdb           sub bx, bx
09DE  3b84a905       cmp ax, word ptr [si + 0x5a9]
09E2  7212           jb 0x9f6
09E4  fec3           inc bl
09E6  3b84b905       cmp ax, word ptr [si + 0x5b9]
09EA  720a           jb 0x9f6
09EC  b305           mov bl, 5
09EE  3b84c905       cmp ax, word ptr [si + 0x5c9]
09F2  7202           jb 0x9f6
09F4  fecb           dec bl
L09F6:
09F6  b40b           mov ah, 0xb
09F8  cd10           int 0x10
09FA  a06e05         mov al, byte ptr [0x56e]
09FD  a26f05         mov byte ptr [0x56f], al
0A00  a07105         mov al, byte ptr [0x571]
0A03  a27005         mov byte ptr [0x570], al
0A06  a09806         mov al, byte ptr [0x698]
0A09  3c00           cmp al, 0
0A0B  750d           jne 0xa1a
0A0D  833e740510     cmp word ptr [0x574], 0x10
0A12  721a           jb 0xa2e
0A14  ff0e7405       dec word ptr [0x574]
0A18  eb1d           jmp 0xa37
L0A1A:
0A1A  3a066e05       cmp al, byte ptr [0x56e]
0A1E  750e           jne 0xa2e
0A20  833e740530     cmp word ptr [0x574], 0x30
0A25  7310           jae 0xa37
0A27  8306740503     add word ptr [0x574], 3
0A2C  eb09           jmp 0xa37
L0A2E:
0A2E  a26e05         mov byte ptr [0x56e], al
0A31  c70674052000   mov word ptr [0x574], 0x20
L0A37:
0A37  a17405         mov ax, word ptr [0x574]
0A3A  b103           mov cl, 3
0A3C  d3e8           shr ax, cl
0A3E  8b1e0800       mov bx, word ptr [8]
0A42  d0e3           shl bl, 1
0A44  3b876c06       cmp ax, word ptr [bx + 0x66c]
0A48  7604           jbe 0xa4e
0A4A  8b876c06       mov ax, word ptr [bx + 0x66c]
L0A4E:
0A4E  a37205         mov word ptr [0x572], ax
0A51  e87505         call 0xfc9
0A54  a09906         mov al, byte ptr [0x699]
0A57  3c00           cmp al, 0
0A59  750f           jne 0xa6a
0A5B  f6d0           not al
0A5D  803e760510     cmp byte ptr [0x576], 0x10
0A62  721a           jb 0xa7e
0A64  fe0e7605       dec byte ptr [0x576]
0A68  eb1c           jmp 0xa86
L0A6A:
0A6A  3a067105       cmp al, byte ptr [0x571]
0A6E  750e           jne 0xa7e
0A70  803e760540     cmp byte ptr [0x576], 0x40
0A75  730f           jae 0xa86
0A77  8006760504     add byte ptr [0x576], 4
0A7C  eb08           jmp 0xa86
L0A7E:
0A7E  a27105         mov byte ptr [0x571], al
0A81  c606760520     mov byte ptr [0x576], 0x20
L0A86:
0A86  8b360800       mov si, word ptr [8]
0A8A  8a167b05       mov dl, byte ptr [0x57b]
0A8E  b104           mov cl, 4
0A90  8a1e7605       mov bl, byte ptr [0x576]
0A94  d2eb           shr bl, cl
0A96  3a9c7c06       cmp bl, byte ptr [si + 0x67c]
0A9A  7604           jbe 0xaa0
0A9C  8a9c7c06       mov bl, byte ptr [si + 0x67c]
L0AA0:
0AA0  a07105         mov al, byte ptr [0x571]
0AA3  3c01           cmp al, 1
0AA5  7227           jb 0xace
0AA7  750b           jne 0xab4
0AA9  02d3           add dl, bl
0AAB  80fab4         cmp dl, 0xb4
0AAE  721e           jb 0xace
0AB0  b2b3           mov dl, 0xb3
0AB2  eb1a           jmp 0xace
L0AB4:
0AB4  2ad3           sub dl, bl
0AB6  7205           jb 0xabd
0AB8  80fa03         cmp dl, 3
0ABB  7711           ja 0xace
L0ABD:
0ABD  a1b809         mov ax, word ptr [0x9b8]
0AC0  3b065d05       cmp ax, word ptr [0x55d]
0AC4  7506           jne 0xacc
0AC6  a17d05         mov ax, word ptr [0x57d]
0AC9  a3f105         mov word ptr [0x5f1], ax
L0ACC:
0ACC  b202           mov dl, 2
L0ACE:
0ACE  88167b05       mov byte ptr [0x57b], dl
0AD2  8b0e7905       mov cx, word ptr [0x579]
0AD6  e8d721         call 0x2cb0
0AD9  a36305         mov word ptr [0x563], ax
0ADC  803ef30500     cmp byte ptr [0x5f3], 0
0AE1  7406           je 0xae9
0AE3  bb1000         mov bx, 0x10
0AE6  eb7c           jmp 0xb64
0AE8  db 90
L0AE9:
0AE9  a06e05         mov al, byte ptr [0x56e]
0AEC  3a066f05       cmp al, byte ptr [0x56f]
0AF0  7509           jne 0xafb
0AF2  a07105         mov al, byte ptr [0x571]
0AF5  3a067005       cmp al, byte ptr [0x570]
0AF9  7405           je 0xb00
L0AFB:
0AFB  bb1800         mov bx, 0x18
0AFE  eb64           jmp 0xb64
L0B00:
0B00  ff068705       inc word ptr [0x587]
0B04  8b1e8705       mov bx, word ptr [0x587]
0B08  a09806         mov al, byte ptr [0x698]
0B0B  0a069906       or al, byte ptr [0x699]
0B0F  7502           jne 0xb13
0B11  d0eb           shr bl, 1
L0B13:
0B13  803e7b05b3     cmp byte ptr [0x57b], 0xb3
0B18  7207           jb 0xb21
0B1A  803e710501     cmp byte ptr [0x571], 1
0B1F  741b           je 0xb3c
L0B21:
0B21  803e7b0504     cmp byte ptr [0x57b], 4
0B26  7707           ja 0xb2f
0B28  803e990600     cmp byte ptr [0x699], 0
0B2D  7524           jne 0xb53
L0B2F:
0B2F  a07605         mov al, byte ptr [0x576]
0B32  2ae4           sub ah, ah
0B34  d1e8           shr ax, 1
0B36  3b067405       cmp ax, word ptr [0x574]
0B3A  7317           jae 0xb53
L0B3C:
0B3C  803e6e0500     cmp byte ptr [0x56e], 0
0B41  7410           je 0xb53
0B43  81e30600       and bx, 6
0B47  803e6e0501     cmp byte ptr [0x56e], 1
0B4C  7416           je 0xb64
0B4E  80cb08         or bl, 8
0B51  eb11           jmp 0xb64
L0B53:
0B53  81e30200       and bx, 2
0B57  80cb10         or bl, 0x10
0B5A  803e710501     cmp byte ptr [0x571], 1
0B5F  7503           jne 0xb64
0B61  80c304         add bl, 4
L0B64:
0B64  8b87a609       mov ax, word ptr [bx + 0x9a6]
0B68  a35d05         mov word ptr [0x55d], ax
0B6B  8b87c009       mov ax, word ptr [bx + 0x9c0]
0B6F  a36505         mov word ptr [0x565], ax
0B72  b030           mov al, 0x30
0B74  b9bc02         mov cx, 0x2bc
0B77  803e9706fd     cmp byte ptr [0x697], 0xfd
0B7C  7219           jb 0xb97
0B7E  7405           je 0xb85
0B80  b008           mov al, 8
0B82  b9e803         mov cx, 0x3e8
L0B85:
0B85  38067b05       cmp byte ptr [0x57b], al
0B89  770c           ja 0xb97
L0B8B:
0B8B  e84a08         call 0x13d8
0B8E  75fb           jne 0xb8b
L0B90:
0B90  e84508         call 0x13d8
0B93  74fb           je 0xb90
L0B95:
0B95  e2fe           loop 0xb95
L0B97:
0B97  e84906         call 0x11e3
0B9A  a16305         mov ax, word ptr [0x563]
0B9D  a35f05         mov word ptr [0x55f], ax
0BA0  e8a205         call 0x1145
0BA3  e8fa28         call 0x34a0
0BA6  7303           jae 0xbab
0BA8  e89a05         call 0x1145
L0BAB:
0BAB  c3             ret 
L0BAC:
0BAC  e8cb0f         call 0x1b7a
0BAF  7301           jae 0xbb2
L0BB1:
0BB1  c3             ret 
L0BB2:
0BB2  803eb81c00     cmp byte ptr [0x1cb8], 0
0BB7  75f8           jne 0xbb1
0BB9  803e580500     cmp byte ptr [0x558], 0
0BBE  745c           je 0xc1c
0BC0  803e590500     cmp byte ptr [0x559], 0
0BC5  740c           je 0xbd3
0BC7  803ebf1c00     cmp byte ptr [0x1cbf], 0
0BCC  7504           jne 0xbd2
0BCE  fe0e5905       dec byte ptr [0x559]
L0BD2:
0BD2  c3             ret 
L0BD3:
0BD3  fe0e5805       dec byte ptr [0x558]
0BD7  750c           jne 0xbe5
0BD9  c70672050800   mov word ptr [0x572], 8
0BDF  e8e703         call 0xfc9
0BE2  eb38           jmp 0xc1c
0BE4  db 90
L0BE5:
0BE5  e83804         call 0x1020
0BE8  891e5d05       mov word ptr [0x55d], bx
0BEC  a05805         mov al, byte ptr [0x558]
0BEF  8a266e05       mov ah, byte ptr [0x56e]
0BF3  e89103         call 0xf87
0BF6  803e580502     cmp byte ptr [0x558], 2
0BFB  7403           je 0xc00
0BFD  e8e305         call 0x11e3
L0C00:
0C00  e8770f         call 0x1b7a
0C03  7216           jb 0xc1b
0C05  e8ed14         call 0x20f5
0C08  7211           jb 0xc1b
0C0A  8a167b05       mov dl, byte ptr [0x57b]
0C0E  8b0e7905       mov cx, word ptr [0x579]
0C12  e89b20         call 0x2cb0
0C15  a35f05         mov word ptr [0x55f], ax
0C18  e82a05         call 0x1145
L0C1B:
0C1B  c3             ret 
L0C1C:
0C1C  803e5c0501     cmp byte ptr [0x55c], 1
0C21  7247           jb 0xc6a
0C23  753a           jne 0xc5f
0C25  fe065c05       inc byte ptr [0x55c]
0C29  c70672050600   mov word ptr [0x572], 6
0C2F  8a167b05       mov dl, byte ptr [0x57b]
0C33  8b0e7905       mov cx, word ptr [0x579]
0C37  e87620         call 0x2cb0
0C3A  a36305         mov word ptr [0x563], ax
0C3D  e8a305         call 0x11e3
0C40  e8370f         call 0x1b7a
0C43  7221           jb 0xc66
0C45  e8ad14         call 0x20f5
0C48  721c           jb 0xc66
0C4A  a16305         mov ax, word ptr [0x563]
0C4D  a35f05         mov word ptr [0x55f], ax
0C50  c7066505030e   mov word ptr [0x565], 0xe03
0C56  c7065d05da09   mov word ptr [0x55d], 0x9da
0C5C  e8e604         call 0x1145
L0C5F:
0C5F  803e990600     cmp byte ptr [0x699], 0
0C64  7501           jne 0xc67
L0C66:
0C66  c3             ret 
L0C67:
0C67  e90e02         jmp 0xe78
L0C6A:
0C6A  803e710500     cmp byte ptr [0x571], 0
0C6F  7503           jne 0xc74
0C71  e9af01         jmp 0xe23
L0C74:
0C74  e85203         call 0xfc9
0C77  7317           jae 0xc90
0C79  c6066e0500     mov byte ptr [0x56e], 0
0C7E  c606760502     mov byte ptr [0x576], 2
0C83  c606710501     mov byte ptr [0x571], 1
0C88  c6065b0500     mov byte ptr [0x55b], 0
0C8D  eb32           jmp 0xcc1
0C8F  db 90
L0C90:
0C90  a07805         mov al, byte ptr [0x578]
0C93  28067705       sub byte ptr [0x577], al
0C97  7328           jae 0xcc1
0C99  803e710501     cmp byte ptr [0x571], 1
0C9E  7416           je 0xcb6
0CA0  803e760501     cmp byte ptr [0x576], 1
0CA5  7607           jbe 0xcae
0CA7  fe0e7605       dec byte ptr [0x576]
0CAB  eb14           jmp 0xcc1
0CAD  db 90
L0CAE:
0CAE  c606710501     mov byte ptr [0x571], 1
0CB3  eb0c           jmp 0xcc1
0CB5  db 90
L0CB6:
0CB6  803e760504     cmp byte ptr [0x576], 4
0CBB  7304           jae 0xcc1
0CBD  fe067605       inc byte ptr [0x576]
L0CC1:
0CC1  803e5a0500     cmp byte ptr [0x55a], 0
0CC6  751f           jne 0xce7
0CC8  803e5b0500     cmp byte ptr [0x55b], 0
0CCD  7406           je 0xcd5
0CCF  fe0e5b05       dec byte ptr [0x55b]
0CD3  7512           jne 0xce7
L0CD5:
0CD5  803e710501     cmp byte ptr [0x571], 1
0CDA  750b           jne 0xce7
0CDC  e82909         call 0x1608
0CDF  7306           jae 0xce7
0CE1  a07c05         mov al, byte ptr [0x57c]
0CE4  eb43           jmp 0xd29
0CE6  db 90
L0CE7:
0CE7  a07c05         mov al, byte ptr [0x57c]
0CEA  803e710501     cmp byte ptr [0x571], 1
0CEF  7415           je 0xd06
0CF1  2a067605       sub al, byte ptr [0x576]
0CF5  7358           jae 0xd4f
0CF7  2ac0           sub al, al
0CF9  c606710501     mov byte ptr [0x571], 1
0CFE  c606760501     mov byte ptr [0x576], 1
0D03  eb4a           jmp 0xd4f
0D05  db 90
L0D06:
0D06  02067605       add al, byte ptr [0x576]
0D0A  3ce6           cmp al, 0xe6
0D0C  7641           jbe 0xd4f
0D0E  833e040007     cmp word ptr [4], 7
0D13  750d           jne 0xd22
0D15  3cf8           cmp al, 0xf8
0D17  7236           jb 0xd4f
0D19  b0f8           mov al, 0xf8
0D1B  c606510501     mov byte ptr [0x551], 1
0D20  eb2d           jmp 0xd4f
L0D22:
0D22  b0e6           mov al, 0xe6
0D24  c606500500     mov byte ptr [0x550], 0
L0D29:
0D29  c606710500     mov byte ptr [0x571], 0
0D2E  c606840500     mov byte ptr [0x584], 0
0D33  c70672050200   mov word ptr [0x572], 2
0D39  c6065b0500     mov byte ptr [0x55b], 0
0D3E  c6065a0500     mov byte ptr [0x55a], 0
0D43  803e5c0500     cmp byte ptr [0x55c], 0
0D48  7405           je 0xd4f
0D4A  50             push ax
0D4B  e8744d         call 0x5ac2
0D4E  58             pop ax
L0D4F:
0D4F  a27c05         mov byte ptr [0x57c], al
0D52  2c32           sub al, 0x32
0D54  7302           jae 0xd58
0D56  2ac0           sub al, al
L0D58:
0D58  a27b05         mov byte ptr [0x57b], al
0D5B  8a167b05       mov dl, byte ptr [0x57b]
0D5F  8b0e7905       mov cx, word ptr [0x579]
0D63  e84a1f         call 0x2cb0
0D66  a36305         mov word ptr [0x563], ax
0D69  803e830500     cmp byte ptr [0x583], 0
0D6E  7503           jne 0xd73
0D70  e87004         call 0x11e3
L0D73:
0D73  e8040e         call 0x1b7a
0D76  724c           jb 0xdc4
0D78  e87a13         call 0x20f5
0D7B  7247           jb 0xdc4
0D7D  a16305         mov ax, word ptr [0x563]
0D80  a35f05         mov word ptr [0x55f], ax
0D83  803e840500     cmp byte ptr [0x584], 0
0D88  7417           je 0xda1
0D8A  8306850502     add word ptr [0x585], 2
0D8F  8b1e8505       mov bx, word ptr [0x585]
0D93  81e30e00       and bx, 0xe
0D97  8b87c20f       mov ax, word ptr [bx + 0xfc2]
0D9B  8b9fd20f       mov bx, word ptr [bx + 0xfd2]
0D9F  eb07           jmp 0xda8
L0DA1:
0DA1  a16905         mov ax, word ptr [0x569]
0DA4  8b1e6705       mov bx, word ptr [0x567]
L0DA8:
0DA8  a35d05         mov word ptr [0x55d], ax
0DAB  891e6505       mov word ptr [0x565], bx
0DAF  b032           mov al, 0x32
0DB1  2a067c05       sub al, byte ptr [0x57c]
0DB5  7427           je 0xdde
0DB7  7225           jb 0xdde
0DB9  b96801         mov cx, 0x168
L0DBC:
0DBC  e2fe           loop 0xdbc
0DBE  2af8           sub bh, al
0DC0  7402           je 0xdc4
0DC2  7306           jae 0xdca
L0DC4:
0DC4  c606830501     mov byte ptr [0x583], 1
0DC9  c3             ret 
L0DCA:
0DCA  891e6505       mov word ptr [0x565], bx
0DCE  8ae3           mov ah, bl
0DD0  d0e4           shl ah, 1
0DD2  f6e4           mul ah
0DD4  03066905       add ax, word ptr [0x569]
0DD8  a35d05         mov word ptr [0x55d], ax
0DDB  eb42           jmp 0xe1f
0DDD  db 90
L0DDE:
0DDE  833e040007     cmp word ptr [4], 7
0DE3  7509           jne 0xdee
0DE5  a07b05         mov al, byte ptr [0x57b]
0DE8  2cbb           sub al, 0xbb
0DEA  7233           jb 0xe1f
0DEC  730e           jae 0xdfc
L0DEE:
0DEE  803e500502     cmp byte ptr [0x550], 2
0DF3  752a           jne 0xe1f
0DF5  a07b05         mov al, byte ptr [0x57b]
0DF8  2c5e           sub al, 0x5e
0DFA  7223           jb 0xe1f
L0DFC:
0DFC  2af8           sub bh, al
0DFE  7402           je 0xe02
0E00  7314           jae 0xe16
L0E02:
0E02  833e040007     cmp word ptr [4], 7
0E07  7506           jne 0xe0f
0E09  c606510501     mov byte ptr [0x551], 1
0E0E  c3             ret 
L0E0F:
0E0F  e8fbf8         call 0x70d
0E12  e8b64b         call 0x59cb
0E15  c3             ret 
L0E16:
0E16  891e6505       mov word ptr [0x565], bx
0E1A  c606760502     mov byte ptr [0x576], 2
L0E1F:
0E1F  e82303         call 0x1145
0E22  c3             ret 
L0E23:
0E23  833e040007     cmp word ptr [4], 7
0E28  7407           je 0xe31
0E2A  803e7b05b4     cmp byte ptr [0x57b], 0xb4
0E2F  7347           jae 0xe78
L0E31:
0E31  e8d407         call 0x1608
0E34  720d           jb 0xe43
0E36  c6066e0500     mov byte ptr [0x56e], 0
0E3B  c606710501     mov byte ptr [0x571], 1
0E40  eb6f           jmp 0xeb1
0E42  db 90
L0E43:
0E43  833e040000     cmp word ptr [4], 0
0E48  752e           jne 0xe78
0E4A  e8aa14         call 0x22f7
0E4D  7207           jb 0xe56
0E4F  c6066c0500     mov byte ptr [0x56c], 0
0E54  eb22           jmp 0xe78
L0E56:
0E56  803e6c0500     cmp byte ptr [0x56c], 0
0E5B  7503           jne 0xe60
0E5D  e8bf4a         call 0x591f
L0E60:
0E60  c606990601     mov byte ptr [0x699], 1
0E65  c6066c0501     mov byte ptr [0x56c], 1
0E6A  e8901f         call 0x2dfd
0E6D  80e201         and dl, 1
0E70  7502           jne 0xe74
0E72  b2ff           mov dl, 0xff
L0E74:
0E74  88169806       mov byte ptr [0x698], dl
L0E78:
0E78  a06e05         mov al, byte ptr [0x56e]
0E7B  a26f05         mov byte ptr [0x56f], al
0E7E  a09806         mov al, byte ptr [0x698]
0E81  a26e05         mov byte ptr [0x56e], al
0E84  a09906         mov al, byte ptr [0x699]
0E87  a27105         mov byte ptr [0x571], al
0E8A  3c00           cmp al, 0
0E8C  7503           jne 0xe91
0E8E  e9a300         jmp 0xf34
L0E91:
0E91  803e710501     cmp byte ptr [0x571], 1
0E96  7531           jne 0xec9
0E98  803e7b05b4     cmp byte ptr [0x57b], 0xb4
0E9D  7212           jb 0xeb1
0E9F  c606710500     mov byte ptr [0x571], 0
0EA4  c606840500     mov byte ptr [0x584], 0
0EA9  c606990600     mov byte ptr [0x699], 0
0EAE  e98300         jmp 0xf34
L0EB1:
0EB1  b401           mov ah, 1
0EB3  b020           mov al, 0x20
0EB5  c6065b0508     mov byte ptr [0x55b], 8
0EBA  803e500501     cmp byte ptr [0x550], 1
0EBF  7530           jne 0xef1
0EC1  c606500500     mov byte ptr [0x550], 0
0EC6  eb29           jmp 0xef1
0EC8  db 90
L0EC9:
0EC9  c6065b0500     mov byte ptr [0x55b], 0
0ECE  a17205         mov ax, word ptr [0x572]
0ED1  8ad8           mov bl, al
0ED3  3c02           cmp al, 2
0ED5  7602           jbe 0xed9
0ED7  2c02           sub al, 2
L0ED9:
0ED9  a37205         mov word ptr [0x572], ax
0EDC  b408           mov ah, 8
0EDE  8ac3           mov al, bl
0EE0  340f           xor al, 0xf
0EE2  b104           mov cl, 4
0EE4  d2e0           shl al, cl
0EE6  803e500501     cmp byte ptr [0x550], 1
0EEB  7504           jne 0xef1
0EED  fe065005       inc byte ptr [0x550]
L0EF1:
0EF1  a27805         mov byte ptr [0x578], al
0EF4  88267605       mov byte ptr [0x576], ah
0EF8  c606770501     mov byte ptr [0x577], 1
0EFD  c6065c0500     mov byte ptr [0x55c], 0
0F02  8a1e6e05       mov bl, byte ptr [0x56e]
0F06  fec3           inc bl
0F08  d0e3           shl bl, 1
0F0A  803e7105ff     cmp byte ptr [0x571], 0xff
0F0F  7403           je 0xf14
0F11  80c306         add bl, 6
L0F14:
0F14  2aff           sub bh, bh
0F16  8b87aa0f       mov ax, word ptr [bx + 0xfaa]
0F1A  a36905         mov word ptr [0x569], ax
0F1D  8b87b60f       mov ax, word ptr [bx + 0xfb6]
0F21  a36705         mov word ptr [0x567], ax
0F24  c606e03900     mov byte ptr [0x39e0], 0
0F29  803e7c1200     cmp byte ptr [0x127c], 0
0F2E  7403           je 0xf33
0F30  e8c549         call 0x58f8
L0F33:
0F33  c3             ret 
L0F34:
0F34  833e040000     cmp word ptr [4], 0
0F39  740a           je 0xf45
0F3B  833e040007     cmp word ptr [4], 7
0F40  7403           je 0xf45
0F42  e80025         call 0x3445
L0F45:
0F45  e88100         call 0xfc9
0F48  8a167b05       mov dl, byte ptr [0x57b]
0F4C  8b0e7905       mov cx, word ptr [0x579]
0F50  e85d1d         call 0x2cb0
0F53  a36305         mov word ptr [0x563], ax
0F56  a06e05         mov al, byte ptr [0x56e]
0F59  0a067105       or al, byte ptr [0x571]
0F5D  7504           jne 0xf63
0F5F  e80701         call 0x1069
0F62  c3             ret 
L0F63:
0F63  e8ba00         call 0x1020
0F66  891e5d05       mov word ptr [0x55d], bx
0F6A  e87602         call 0x11e3
0F6D  e80a0c         call 0x1b7a
0F70  7214           jb 0xf86
0F72  e88011         call 0x20f5
0F75  720f           jb 0xf86
0F77  a16305         mov ax, word ptr [0x563]
0F7A  a35f05         mov word ptr [0x55f], ax
0F7D  c7066505030b   mov word ptr [0x565], 0xb03
0F83  e8bf01         call 0x1145
L0F86:
0F86  c3             ret 

;======================================================================
proc_0F87:
0F87  b9030b         mov cx, 0xb03
0F8A  2ac8           sub cl, al
0F8C  890e6505       mov word ptr [0x565], cx
0F90  80fcff         cmp ah, 0xff
0F93  7411           je 0xfa6
0F95  2ae4           sub ah, ah
0F97  d0e0           shl al, 1
0F99  01065d05       add word ptr [0x55d], ax
0F9D  c70679050000   mov word ptr [0x579], 0
0FA3  eb0f           jmp 0xfb4
0FA5  db 90
L0FA6:
0FA6  2ae4           sub ah, ah
0FA8  d0e0           shl al, 1
0FAA  d0e0           shl al, 1
0FAC  d0e0           shl al, 1
0FAE  052801         add ax, 0x128
0FB1  a37905         mov word ptr [0x579], ax
L0FB4:
0FB4  1e             push ds
0FB5  07             pop es
0FB6  8b365d05       mov si, word ptr [0x55d]
0FBA  bf0e00         mov di, 0xe
0FBD  b003           mov al, 3
0FBF  e8ae1d         call 0x2d70
0FC2  c7065d050e00   mov word ptr [0x55d], 0xe
0FC8  c3             ret 

;======================================================================
proc_0FC9:
0FC9  c706f6050800   mov word ptr [0x5f6], 8
0FCF  c706f8052301   mov word ptr [0x5f8], 0x123
0FD5  833e040007     cmp word ptr [4], 7
0FDA  750c           jne 0xfe8
0FDC  c706f6052400   mov word ptr [0x5f6], 0x24
0FE2  c706f8050f01   mov word ptr [0x5f8], 0x10f
L0FE8:
0FE8  a17905         mov ax, word ptr [0x579]
0FEB  803e6e0501     cmp byte ptr [0x56e], 1
0FF0  722c           jb 0x101e
0FF2  7513           jne 0x1007
0FF4  03067205       add ax, word ptr [0x572]
0FF8  3b06f805       cmp ax, word ptr [0x5f8]
0FFC  721d           jb 0x101b
0FFE  a1f805         mov ax, word ptr [0x5f8]
1001  48             dec ax
1002  a37905         mov word ptr [0x579], ax
1005  f9             stc 
1006  c3             ret 
L1007:
1007  2b067205       sub ax, word ptr [0x572]
100B  7206           jb 0x1013
100D  3b06f605       cmp ax, word ptr [0x5f6]
1011  7308           jae 0x101b
L1013:
1013  a1f605         mov ax, word ptr [0x5f6]
1016  a37905         mov word ptr [0x579], ax
1019  f9             stc 
101A  c3             ret 
L101B:
101B  a37905         mov word ptr [0x579], ax
L101E:
101E  f8             clc 
101F  c3             ret 

;======================================================================
proc_1020:
1020  a06e05         mov al, byte ptr [0x56e]
1023  3a066f05       cmp al, byte ptr [0x56f]
1027  7406           je 0x102f
1029  c70672050200   mov word ptr [0x572], 2
L102F:
102F  833e720508     cmp word ptr [0x572], 8
1034  730f           jae 0x1045
1036  fe0e7705       dec byte ptr [0x577]
103A  a07705         mov al, byte ptr [0x577]
103D  2403           and al, 3
103F  7504           jne 0x1045
1041  ff067205       inc word ptr [0x572]
L1045:
1045  8a1e6b05       mov bl, byte ptr [0x56b]
1049  fec3           inc bl
104B  80fb06         cmp bl, 6
104E  7202           jb 0x1052
1050  b300           mov bl, 0
L1052:
1052  881e6b05       mov byte ptr [0x56b], bl
1056  803e6e05ff     cmp byte ptr [0x56e], 0xff
105B  7503           jne 0x1060
105D  80c306         add bl, 6
L1060:
1060  d0e3           shl bl, 1
1062  2aff           sub bh, bh
1064  8b9f7a0f       mov bx, word ptr [bx + 0xf7a]
1068  c3             ret 

;======================================================================
proc_1069:
1069  c70672050200   mov word ptr [0x572], 2
106F  c606770508     mov byte ptr [0x577], 8
1074  813e6105020c   cmp word ptr [0x561], 0xc02
107A  750b           jne 0x1087
107C  fe066d05       inc byte ptr [0x56d]
1080  f6066d0507     test byte ptr [0x56d], 7
1085  7555           jne 0x10dc
L1087:
1087  e85901         call 0x11e3
108A  e8ed0a         call 0x1b7a
108D  724d           jb 0x10dc
108F  e86310         call 0x20f5
1092  7248           jb 0x10dc
1094  e8661d         call 0x2dfd
1097  8ada           mov bl, dl
1099  81e30e00       and bx, 0xe
109D  8bb7920f       mov si, word ptr [bx + 0xf92]
10A1  b800b8         mov ax, 0xb800
10A4  8ec0           mov es, ax
10A6  8b3e5f05       mov di, word ptr [0x55f]
10AA  bdfa05         mov bp, 0x5fa
10AD  c7066105020c   mov word ptr [0x561], 0xc02
10B3  b90206         mov cx, 0x602
10B6  e87c1c         call 0x2d35
10B9  e8411d         call 0x2dfd
10BC  8ada           mov bl, dl
10BE  81e30600       and bx, 6
10C2  8bb7a20f       mov si, word ptr [bx + 0xfa2]
10C6  8b3e5f05       mov di, word ptr [0x55f]
10CA  81c7f000       add di, 0xf0
10CE  bd1206         mov bp, 0x612
10D1  b90206         mov cx, 0x602
10D4  e85e1c         call 0x2d35
10D7  c606830500     mov byte ptr [0x583], 0
L10DC:
10DC  c3             ret 

;======================================================================
proc_10DD:
10DD  c6065c0500     mov byte ptr [0x55c], 0
10E2  c606710501     mov byte ptr [0x571], 1
10E7  c606760502     mov byte ptr [0x576], 2
10EC  c606780501     mov byte ptr [0x578], 1
10F1  c6067705ff     mov byte ptr [0x577], 0xff
10F6  c6066e0500     mov byte ptr [0x56e], 0
10FB  c6065a0501     mov byte ptr [0x55a], 1
1100  a1ac0f         mov ax, word ptr [0xfac]
1103  a36905         mov word ptr [0x569], ax
1106  a1b80f         mov ax, word ptr [0xfb8]
1109  a36705         mov word ptr [0x567], ax
110C  c606500502     mov byte ptr [0x550], 2
1111  c3             ret 

;======================================================================
proc_1112:
1112  8b0e7905       mov cx, word ptr [0x579]
1116  8a167b05       mov dl, byte ptr [0x57b]
111A  e8931b         call 0x2cb0
111D  a35f05         mov word ptr [0x55f], ax
1120  e80100         call 0x1124
1123  c3             ret 

;======================================================================
proc_1124:
1124  b81000         mov ax, 0x10
1127  8ec0           mov es, ax
1129  bffa05         mov di, 0x5fa
112C  1e             push ds
112D  8b365f05       mov si, word ptr [0x55f]
1131  b800b8         mov ax, 0xb800
1134  8ed8           mov ds, ax
1136  268b0e6105     mov cx, word ptr es:[0x561]
113B  e88c1c         call 0x2dca
113E  1f             pop ds
113F  c606830500     mov byte ptr [0x583], 0
1144  c3             ret 

;======================================================================
proc_1145:
1145  b800b8         mov ax, 0xb800
1148  8ec0           mov es, ax
114A  8b3e5f05       mov di, word ptr [0x55f]
114E  bdfa05         mov bp, 0x5fa
1151  8b365d05       mov si, word ptr [0x55d]
1155  8b0e6505       mov cx, word ptr [0x565]
1159  890e6105       mov word ptr [0x561], cx
115D  c606830500     mov byte ptr [0x583], 0
1162  e8d01b         call 0x2d35
1165  c3             ret 

;======================================================================
proc_1166:
1166  8a167b05       mov dl, byte ptr [0x57b]
116A  8b0e7905       mov cx, word ptr [0x579]
116E  83e90c         sub cx, 0xc
1171  7302           jae 0x1175
1173  2bc9           sub cx, cx
L1175:
1175  81f90f01       cmp cx, 0x10f
1179  7203           jb 0x117e
117B  b90e01         mov cx, 0x10e
L117E:
117E  e82f1b         call 0x2cb0
1181  a38105         mov word ptr [0x581], ax
1184  8bf8           mov di, ax
1186  b800b8         mov ax, 0xb800
1189  8ec0           mov es, ax
118B  bd0e00         mov bp, 0xe
118E  be7916         mov si, 0x1679
1191  b90512         mov cx, 0x1205
1194  e8351b         call 0x2ccc
1197  2ae4           sub ah, ah
1199  cd1a           int 0x1a
119B  89167f05       mov word ptr [0x57f], dx
119F  c7063c5a0000   mov word ptr [0x5a3c], 0
11A5  c7063e5a0000   mov word ptr [0x5a3e], 0
L11AB:
11AB  e86e48         call 0x5a1c
11AE  2ae4           sub ah, ah
11B0  cd1a           int 0x1a
11B2  2b167f05       sub dx, word ptr [0x57f]
11B6  83fa0a         cmp dx, 0xa
11B9  72f0           jb 0x11ab
11BB  e86349         call 0x5b21
11BE  8b3e8105       mov di, word ptr [0x581]
11C2  be0e00         mov si, 0xe
11C5  b90512         mov cx, 0x1205
11C8  c606830500     mov byte ptr [0x583], 0
11CD  e8cd1b         call 0x2d9d
11D0  803e781600     cmp byte ptr [0x1678], 0
11D5  740b           je 0x11e2
11D7  803e801f00     cmp byte ptr [0x1f80], 0
11DC  7404           je 0x11e2
11DE  fe0e801f       dec byte ptr [0x1f80]
L11E2:
11E2  c3             ret 

;======================================================================
proc_11E3:
11E3  b800b8         mov ax, 0xb800
11E6  8ec0           mov es, ax
11E8  8b3e5f05       mov di, word ptr [0x55f]
11EC  befa05         mov si, 0x5fa
11EF  8b0e6105       mov cx, word ptr [0x561]
11F3  e8a71b         call 0x2d9d
11F6  c3             ret 
11F7  db 00 00 00 00 00 00 00 00 00

;======================================================================
proc_1200:
1200  2ae4           sub ah, ah
1202  cd1a           int 0x1a
1204  8bc2           mov ax, dx
1206  2b069f06       sub ax, word ptr [0x69f]
120A  3d0200         cmp ax, 2
120D  7301           jae 0x1210
120F  c3             ret 
L1210:
1210  89169f06       mov word ptr [0x69f], dx
1214  803e9b0600     cmp byte ptr [0x69b], 0
1219  7513           jne 0x122e
121B  e8a300         call 0x12c1
121E  e89601         call 0x13b7
1221  8bd0           mov dx, ax
L1223:
1223  e89101         call 0x13b7
1226  2bc2           sub ax, dx
1228  3dedf8         cmp ax, 0xf8ed
122B  72f6           jb 0x1223
122D  c3             ret 
L122E:
122E  ba0102         mov dx, 0x201
1231  ec             in al, dx
1232  2410           and al, 0x10
1234  a29a06         mov byte ptr [0x69a], al
1237  c6069e0603     mov byte ptr [0x69e], 3
123C  e87801         call 0x13b7
123F  a39c06         mov word ptr [0x69c], ax
1242  ee             out dx, al
1243  b9d007         mov cx, 0x7d0
L1246:
1246  ec             in al, dx
1247  a801           test al, 1
1249  7513           jne 0x125e
124B  f6069e0601     test byte ptr [0x69e], 1
1250  740c           je 0x125e
1252  80269e06fe     and byte ptr [0x69e], 0xfe
1257  e84700         call 0x12a1
125A  881e9806       mov byte ptr [0x698], bl
L125E:
125E  a802           test al, 2
1260  7513           jne 0x1275
1262  f6069e0602     test byte ptr [0x69e], 2
1267  740c           je 0x1275
1269  80269e06fd     and byte ptr [0x69e], 0xfd
126E  e83000         call 0x12a1
1271  881e9906       mov byte ptr [0x699], bl
L1275:
1275  f6069e0603     test byte ptr [0x69e], 3
127A  7424           je 0x12a0
127C  e83801         call 0x13b7
127F  2b069c06       sub ax, word ptr [0x69c]
1283  3d6419         cmp ax, 0x1964
1286  e0be           loopne 0x1246
1288  f6069e0601     test byte ptr [0x69e], 1
128D  7405           je 0x1294
128F  c6069806ff     mov byte ptr [0x698], 0xff
L1294:
1294  f6069e0602     test byte ptr [0x69e], 2
1299  7405           je 0x12a0
129B  c6069906ff     mov byte ptr [0x699], 0xff
L12A0:
12A0  c3             ret 

;======================================================================
proc_12A1:
12A1  50             push ax
12A2  e81201         call 0x13b7
12A5  2b069c06       sub ax, word ptr [0x69c]
12A9  8bd8           mov bx, ax
12AB  58             pop ax
12AC  81fbe6f5       cmp bx, 0xf5e6
12B0  7303           jae 0x12b5
12B2  b301           mov bl, 1
12B4  c3             ret 
L12B5:
12B5  81fbfafa       cmp bx, 0xfafa
12B9  7303           jae 0x12be
12BB  2adb           sub bl, bl
12BD  c3             ret 
L12BE:
12BE  b3ff           mov bl, 0xff
12C0  c3             ret 

;======================================================================
proc_12C1:
12C1  a0ba06         mov al, byte ptr [0x6ba]
12C4  803e9706fd     cmp byte ptr [0x697], 0xfd
12C9  7408           je 0x12d3
12CB  2206bd06       and al, byte ptr [0x6bd]
12CF  2206be06       and al, byte ptr [0x6be]
L12D3:
12D3  3480           xor al, 0x80
12D5  7402           je 0x12d9
12D7  b001           mov al, 1
L12D9:
12D9  a29906         mov byte ptr [0x699], al
12DC  a0b806         mov al, byte ptr [0x6b8]
12DF  803e9706fd     cmp byte ptr [0x697], 0xfd
12E4  7408           je 0x12ee
12E6  2206bc06       and al, byte ptr [0x6bc]
12EA  2206bf06       and al, byte ptr [0x6bf]
L12EE:
12EE  3480           xor al, 0x80
12F0  7405           je 0x12f7
12F2  c6069906ff     mov byte ptr [0x699], 0xff
L12F7:
12F7  a0b906         mov al, byte ptr [0x6b9]
12FA  803e9706fd     cmp byte ptr [0x697], 0xfd
12FF  7408           je 0x1309
1301  2206bc06       and al, byte ptr [0x6bc]
1305  2206bd06       and al, byte ptr [0x6bd]
L1309:
1309  3480           xor al, 0x80
130B  7402           je 0x130f
130D  b001           mov al, 1
L130F:
130F  a29806         mov byte ptr [0x698], al
1312  a0bb06         mov al, byte ptr [0x6bb]
1315  803e9706fd     cmp byte ptr [0x697], 0xfd
131A  7408           je 0x1324
131C  2206be06       and al, byte ptr [0x6be]
1320  2206bf06       and al, byte ptr [0x6bf]
L1324:
1324  3480           xor al, 0x80
1326  7405           je 0x132d
1328  c6069806ff     mov byte ptr [0x698], 0xff
L132D:
132D  a0b706         mov al, byte ptr [0x6b7]
1330  b103           mov cl, 3
1332  d2e8           shr al, cl
1334  a29a06         mov byte ptr [0x69a], al
1337  c3             ret 

;======================================================================
proc_1338:
1338  a19306         mov ax, word ptr [0x693]
133B  3b069106       cmp ax, word ptr [0x691]
133F  7416           je 0x1357
1341  a39106         mov word ptr [0x691], ax
1344  f606c00680     test byte ptr [0x6c0], 0x80
1349  750d           jne 0x1358
134B  a19306         mov ax, word ptr [0x693]
134E  3b06006e       cmp ax, word ptr [0x6e00]
1352  7403           je 0x1357
1354  e8194b         call 0x5e70
L1357:
1357  c3             ret 
L1358:
1358  f606c90680     test byte ptr [0x6c9], 0x80
135D  7401           je 0x1360
135F  c3             ret 
L1360:
1360  f606cc0680     test byte ptr [0x6cc], 0x80
1365  7506           jne 0x136d
1367  c606801f09     mov byte ptr [0x1f80], 9
136C  c3             ret 
L136D:
136D  f606c10680     test byte ptr [0x6c1], 0x80
1372  7431           je 0x13a5
1374  f606cb0680     test byte ptr [0x6cb], 0x80
1379  7506           jne 0x1381
137B  c6061c04ff     mov byte ptr [0x41c], 0xff
1380  c3             ret 
L1381:
1381  f606c80680     test byte ptr [0x6c8], 0x80
1386  7506           jne 0x138e
1388  c6061b04ff     mov byte ptr [0x41b], 0xff
138D  c3             ret 
L138E:
138E  f606c70680     test byte ptr [0x6c7], 0x80
1393  750f           jne 0x13a4
1395  f6160000       not byte ptr [0]
1399  803e000000     cmp byte ptr [0], 0
139E  7503           jne 0x13a3
13A0  e87e47         call 0x5b21
L13A3:
13A3  c3             ret 
L13A4:
13A4  c3             ret 
L13A5:
13A5  e8d700         call 0x147f
13A8  58             pop ax
13A9  cb             retf 

;======================================================================
proc_13AA:
13AA  b800f0         mov ax, 0xf000
13AD  8ec0           mov es, ax
13AF  26a0feff       mov al, byte ptr es:[0xfffe]
13B3  a29706         mov byte ptr [0x697], al
13B6  c3             ret 

;======================================================================
proc_13B7:
13B7  b000           mov al, 0
13B9  e643           out 0x43, al
13BB  90             nop 
13BC  90             nop 
13BD  e440           in al, 0x40
13BF  8ae0           mov ah, al
13C1  90             nop 
13C2  e440           in al, 0x40
13C4  86c4           xchg ah, al
13C6  c3             ret 
13C7  db E8 ED FF 8B D8 2B C1 8B CB 3B C2 73 01 C3 3B D2
13D7  db C3

;======================================================================
proc_13D8:
13D8  bada03         mov dx, 0x3da
13DB  ec             in al, dx
13DC  2408           and al, 8
13DE  c3             ret 
13DF  db 00 00 00 00 00 00 00 00 00

;======================================================================
proc_13E8:
13E8  50             push ax
13E9  06             push es
13EA  57             push di
13EB  51             push cx
13EC  b81000         mov ax, 0x10
13EF  8ec0           mov es, ax
13F1  fc             cld 
13F2  bfb706         mov di, 0x6b7
13F5  b91600         mov cx, 0x16
13F8  b080           mov al, 0x80
13FA  f3aa           rep stosb byte ptr es:[di], al
13FC  26a19306       mov ax, word ptr es:[0x693]
1400  2d7000         sub ax, 0x70
1403  26a39106       mov word ptr es:[0x691], ax
1407  b84000         mov ax, 0x40
140A  8ec0           mov es, ax
140C  26a01200       mov al, byte ptr es:[0x12]
1410  2ea2e713       mov byte ptr cs:[0x13e7], al
1414  59             pop cx
1415  5f             pop di
1416  07             pop es
1417  58             pop ax
1418  c3             ret 

;======================================================================
proc_1419:
1419  2bc0           sub ax, ax
141B  8ec0           mov es, ax
141D  26a12400       mov ax, word ptr es:[0x24]
1421  268b1e2600     mov bx, word ptr es:[0x26]
1426  268b0e2001     mov cx, word ptr es:[0x120]
142B  268b162201     mov dx, word ptr es:[0x122]
1430  2ea3df13       mov word ptr cs:[0x13df], ax
1434  2e891ee113     mov word ptr cs:[0x13e1], bx
1439  2e890ee313     mov word ptr cs:[0x13e3], cx
143E  2e8916e513     mov word ptr cs:[0x13e5], dx
1443  bbb314         mov bx, 0x14b3
1446  803e9706fd     cmp byte ptr [0x697], 0xfd
144B  7503           jne 0x1450
144D  bbfb14         mov bx, 0x14fb
L1450:
1450  fa             cli 
1451  26891e2400     mov word ptr es:[0x24], bx
1456  268c0e2600     mov word ptr es:[0x26], cs
145B  803e9706fd     cmp byte ptr [0x697], 0xfd
1460  751b           jne 0x147d
1462  26c70620015415 mov word ptr es:[0x120], 0x1554
1469  268c0e2201     mov word ptr es:[0x122], cs
146E  b84000         mov ax, 0x40
1471  8ec0           mov es, ax
1473  26a01800       mov al, byte ptr es:[0x18]
1477  0c01           or al, 1
1479  26a21800       mov byte ptr es:[0x18], al
L147D:
147D  fb             sti 
147E  c3             ret 

;======================================================================
proc_147F:
147F  2bc0           sub ax, ax
1481  8ec0           mov es, ax
1483  2ea1df13       mov ax, word ptr cs:[0x13df]
1487  2e8b1ee113     mov bx, word ptr cs:[0x13e1]
148C  2e8b0ee313     mov cx, word ptr cs:[0x13e3]
1491  2e8b16e513     mov dx, word ptr cs:[0x13e5]
1496  fa             cli 
1497  26a32400       mov word ptr es:[0x24], ax
149B  26891e2600     mov word ptr es:[0x26], bx
14A0  803e9706fd     cmp byte ptr [0x697], 0xfd
14A5  750a           jne 0x14b1
14A7  26890e2001     mov word ptr es:[0x120], cx
14AC  2689162201     mov word ptr es:[0x122], dx
L14B1:
14B1  fb             sti 
14B2  c3             ret 

;======================================================================
proc_14B3:
14B3  50             push ax
14B4  06             push es
14B5  57             push di
14B6  51             push cx
14B7  bf1000         mov di, 0x10
14BA  8ec7           mov es, di
14BC  e460           in al, 0x60
14BE  8ae0           mov ah, al
14C0  247f           and al, 0x7f
14C2  f6c480         test ah, 0x80
14C5  7505           jne 0x14cc
14C7  26ff069306     inc word ptr es:[0x693]
L14CC:
14CC  bfa106         mov di, 0x6a1
14CF  b91600         mov cx, 0x16
14D2  fc             cld 
14D3  f2ae           repne scasb al, byte ptr es:[di]
14D5  750c           jne 0x14e3
14D7  81efa206       sub di, 0x6a2
14DB  80e480         and ah, 0x80
14DE  2688a5b706     mov byte ptr es:[di + 0x6b7], ah
L14E3:
14E3  e461           in al, 0x61
14E5  8ae0           mov ah, al
14E7  0c80           or al, 0x80
14E9  e661           out 0x61, al
14EB  8ac4           mov al, ah
14ED  e661           out 0x61, al
14EF  e88000         call 0x1572
14F2  59             pop cx
14F3  5f             pop di
14F4  07             pop es
14F5  b020           mov al, 0x20
14F7  e620           out 0x20, al
14F9  58             pop ax
14FA  cf             iret 

;======================================================================
proc_14FB:
14FB  fb             sti 
14FC  50             push ax
14FD  06             push es
14FE  57             push di
14FF  51             push cx
1500  bf1000         mov di, 0x10
1503  8ec7           mov es, di
1505  8ae0           mov ah, al
1507  247f           and al, 0x7f
1509  f6c480         test ah, 0x80
150C  7505           jne 0x1513
150E  26ff069306     inc word ptr es:[0x693]
L1513:
1513  80fcff         cmp ah, 0xff
1516  7418           je 0x1530
1518  80fc55         cmp ah, 0x55
151B  7413           je 0x1530
151D  06             push es
151E  bf4000         mov di, 0x40
1521  8ec7           mov es, di
1523  268a0e1200     mov cl, byte ptr es:[0x12]
1528  07             pop es
1529  2e3a0ee713     cmp cl, byte ptr cs:[0x13e7]
152E  7405           je 0x1535
L1530:
1530  e8b5fe         call 0x13e8
1533  eb17           jmp 0x154c
L1535:
1535  bfa106         mov di, 0x6a1
1538  b91600         mov cx, 0x16
153B  fc             cld 
153C  f2ae           repne scasb al, byte ptr es:[di]
153E  750c           jne 0x154c
1540  81efa206       sub di, 0x6a2
1544  80e480         and ah, 0x80
1547  2688a5b706     mov byte ptr es:[di + 0x6b7], ah
L154C:
154C  e82300         call 0x1572
154F  59             pop cx
1550  5f             pop di
1551  07             pop es
1552  58             pop ax
1553  cf             iret 
1554  db CD 09 CF
L1557:
1557  b800f0         mov ax, 0xf000
155A  8ed0           mov ss, ax
155C  b84000         mov ax, 0x40
155F  8ed8           mov ds, ax
1561  bb7200         mov bx, 0x72
1564  c7073412       mov word ptr [bx], 0x1234
1568  b80000         mov ax, 0
156B  8ec0           mov es, ax
156D  ea5be000f0     ljmp 0xf000:0xe05b

;======================================================================
proc_1572:
1572  26a0c906       mov al, byte ptr es:[0x6c9]
1576  260a06b706     or al, byte ptr es:[0x6b7]
157B  3c00           cmp al, 0
157D  754a           jne 0x15c9
157F  26f606ca0680   test byte ptr es:[0x6ca], 0x80
1585  7506           jne 0x158d
1587  b020           mov al, 0x20
1589  e620           out 0x20, al
158B  ebca           jmp 0x1557
L158D:
158D  26f606b90680   test byte ptr es:[0x6b9], 0x80
1593  750f           jne 0x15a4
1595  26803e900601   cmp byte ptr es:[0x690], 1
159B  722c           jb 0x15c9
159D  26fe0e9006     dec byte ptr es:[0x690]
15A2  eb15           jmp 0x15b9
L15A4:
15A4  26f606bb0680   test byte ptr es:[0x6bb], 0x80
15AA  751d           jne 0x15c9
15AC  26803e900607   cmp byte ptr es:[0x690], 7
15B2  7315           jae 0x15c9
15B4  26fe069006     inc byte ptr es:[0x690]
L15B9:
15B9  52             push dx
15BA  b002           mov al, 2
15BC  bad403         mov dx, 0x3d4
15BF  ee             out dx, al
15C0  26a09006       mov al, byte ptr es:[0x690]
15C4  0427           add al, 0x27
15C6  42             inc dx
15C7  ee             out dx, al
15C8  5a             pop dx
L15C9:
15C9  c3             ret 
15CA  db 00 00 00 00 00 00

;======================================================================
proc_15D0:
15D0  8b1e0800       mov bx, word ptr [8]
15D4  8a8f0e10       mov cl, byte ptr [bx + 0x100e]
L15D8:
15D8  e82218         call 0x2dfd
15DB  80e207         and dl, 7
15DE  3ad1           cmp dl, cl
15E0  77f6           ja 0x15d8
15E2  02970610       add dl, byte ptr [bx + 0x1006]
15E6  3a162810       cmp dl, byte ptr [0x1028]
15EA  74ec           je 0x15d8
15EC  88162810       mov byte ptr [0x1028], dl
15F0  8ada           mov bl, dl
15F2  8a8ff00f       mov cl, byte ptr [bx + 0xff0]
15F6  b288           mov dl, 0x88
15F8  f6c180         test cl, 0x80
15FB  7502           jne 0x15ff
15FD  b290           mov dl, 0x90
L15FF:
15FF  81e17f00       and cx, 0x7f
1603  d1e1           shl cx, 1
1605  d1e1           shl cx, 1
1607  c3             ret 

;======================================================================
proc_1608:
1608  833e040007     cmp word ptr [4], 7
160D  7504           jne 0x1613
160F  e8e81a         call 0x30fa
1612  c3             ret 
L1613:
1613  833e040000     cmp word ptr [4], 0
1618  7404           je 0x161e
161A  e8a900         call 0x16c6
161D  c3             ret 
L161E:
161E  a07b05         mov al, byte ptr [0x57b]
1621  24f8           and al, 0xf8
1623  3c60           cmp al, 0x60
1625  7409           je 0x1630
1627  e82d00         call 0x1657
162A  722a           jb 0x1656
162C  e87e01         call 0x17ad
162F  c3             ret 
L1630:
1630  803e500502     cmp byte ptr [0x550], 2
1635  731e           jae 0x1655
1637  a27b05         mov byte ptr [0x57b], al
163A  0432           add al, 0x32
163C  a27c05         mov byte ptr [0x57c], al
163F  803e500501     cmp byte ptr [0x550], 1
1644  740d           je 0x1653
1646  c606500501     mov byte ptr [0x550], 1
164B  2ae4           sub ah, ah
164D  cd1a           int 0x1a
164F  89165605       mov word ptr [0x556], dx
L1653:
1653  f9             stc 
1654  c3             ret 
L1655:
1655  f8             clc 
L1656:
1656  c3             ret 

;======================================================================
proc_1657:
1657  8a0e7b05       mov cl, byte ptr [0x57b]
165B  80c102         add cl, 2
165E  80e1f8         and cl, 0xf8
1661  8b1e0800       mov bx, word ptr [8]
1665  8a9f0610       mov bl, byte ptr [bx + 0x1006]
L1669:
1669  8a87f00f       mov al, byte ptr [bx + 0xff0]
166D  3c00           cmp al, 0
166F  7507           jne 0x1678
1671  c6067c1200     mov byte ptr [0x127c], 0
1676  f8             clc 
1677  c3             ret 
L1678:
1678  43             inc bx
1679  b588           mov ch, 0x88
167B  a880           test al, 0x80
167D  7502           jne 0x1681
167F  b590           mov ch, 0x90
L1681:
1681  3acd           cmp cl, ch
1683  75e4           jne 0x1669
1685  257f00         and ax, 0x7f
1688  d1e0           shl ax, 1
168A  d1e0           shl ax, 1
168C  8b167905       mov dx, word ptr [0x579]
1690  81e2f8ff       and dx, 0xfff8
1694  3bd0           cmp dx, ax
1696  72d1           jb 0x1669
1698  8b167905       mov dx, word ptr [0x579]
169C  83ea0f         sub dx, 0xf
169F  81e2f8ff       and dx, 0xfff8
16A3  3bd0           cmp dx, ax
16A5  77c2           ja 0x1669
16A7  80ed02         sub ch, 2
16AA  882e7b05       mov byte ptr [0x57b], ch
16AE  80c532         add ch, 0x32
16B1  882e7c05       mov byte ptr [0x57c], ch
16B5  803e7c1200     cmp byte ptr [0x127c], 0
16BA  7508           jne 0x16c4
16BC  c6067c1201     mov byte ptr [0x127c], 1
16C1  e84a42         call 0x590e
L16C4:
16C4  f9             stc 
16C5  c3             ret 

;======================================================================
proc_16C6:
16C6  c606e03900     mov byte ptr [0x39e0], 0
16CB  803e710501     cmp byte ptr [0x571], 1
16D0  752a           jne 0x16fc
16D2  a15026         mov ax, word ptr [0x2650]
16D5  2d0400         sub ax, 4
16D8  8a165226       mov dl, byte ptr [0x2652]
16DC  80ea08         sub dl, 8
16DF  be0c00         mov si, 0xc
16E2  8b1e7905       mov bx, word ptr [0x579]
16E6  8a367b05       mov dh, byte ptr [0x57b]
16EA  bf1800         mov di, 0x18
16ED  b9100e         mov cx, 0xe10
16F0  e83617         call 0x2e29
16F3  7307           jae 0x16fc
16F5  c606510501     mov byte ptr [0x551], 1
16FA  f8             clc 
16FB  c3             ret 
L16FC:
16FC  833e040003     cmp word ptr [4], 3
1701  750b           jne 0x170e
1703  e83d25         call 0x3c43
1706  7306           jae 0x170e
1708  c6065c0501     mov byte ptr [0x55c], 1
170D  c3             ret 
L170E:
170E  8a0e7b05       mov cl, byte ptr [0x57b]
1712  80e1f8         and cl, 0xf8
1715  8b1e0400       mov bx, word ptr [4]
1719  d1e3           shl bx, 1
171B  8b9f6912       mov bx, word ptr [bx + 0x1269]
L171F:
171F  8aaf2910       mov ch, byte ptr [bx + 0x1029]
1723  80fd00         cmp ch, 0
1726  7502           jne 0x172a
1728  f8             clc 
1729  c3             ret 
L172A:
172A  8a878910       mov al, byte ptr [bx + 0x1089]
172E  a27b12         mov byte ptr [0x127b], al
1731  d0e3           shl bl, 1
1733  8b87a911       mov ax, word ptr [bx + 0x11a9]
1737  a37912         mov word ptr [0x1279], ax
173A  8b87e910       mov ax, word ptr [bx + 0x10e9]
173E  d0eb           shr bl, 1
1740  43             inc bx
1741  3acd           cmp cl, ch
1743  75da           jne 0x171f
1745  8b167905       mov dx, word ptr [0x579]
1749  81e2f8ff       and dx, 0xfff8
174D  3bd0           cmp dx, ax
174F  72ce           jb 0x171f
1751  8b167905       mov dx, word ptr [0x579]
1755  2b167912       sub dx, word ptr [0x1279]
1759  7302           jae 0x175d
175B  2bd2           sub dx, dx
L175D:
175D  81e2fcff       and dx, 0xfffc
1761  3bd0           cmp dx, ax
1763  77ba           ja 0x171f
1765  882e7b05       mov byte ptr [0x57b], ch
1769  80c532         add ch, 0x32
176C  882e7c05       mov byte ptr [0x57c], ch
1770  a07b12         mov al, byte ptr [0x127b]
1773  a25c05         mov byte ptr [0x55c], al
1776  3c00           cmp al, 0
1778  7406           je 0x1780
177A  81267905fcff   and word ptr [0x579], 0xfffc
L1780:
1780  833e040004     cmp word ptr [4], 4
1785  7510           jne 0x1797
1787  4b             dec bx
1788  83eb27         sub bx, 0x27
178B  720a           jb 0x1797
178D  83fb10         cmp bx, 0x10
1790  7305           jae 0x1797
1792  43             inc bx
1793  881ee039       mov byte ptr [0x39e0], bl
L1797:
1797  f9             stc 
1798  c3             ret 

;======================================================================
proc_1799:
1799  b103           mov cl, 3
179B  d3eb           shr bx, cl
179D  8aeb           mov ch, bl
179F  b103           mov cl, 3
17A1  d3eb           shr bx, cl
17A3  8acd           mov cl, ch
17A5  80e107         and cl, 7
17A8  b580           mov ch, 0x80
17AA  d2ed           shr ch, cl
17AC  c3             ret 

;======================================================================
proc_17AD:
17AD  8a167b05       mov dl, byte ptr [0x57b]
17B1  80e2f8         and dl, 0xf8
17B4  2bdb           sub bx, bx
17B6  80fa08         cmp dl, 8
17B9  740e           je 0x17c9
17BB  fec3           inc bl
17BD  80fa28         cmp dl, 0x28
17C0  7407           je 0x17c9
17C2  fec3           inc bl
17C4  80fa48         cmp dl, 0x48
17C7  7547           jne 0x1810
L17C9:
17C9  a17905         mov ax, word ptr [0x579]
17CC  3b1e2f05       cmp bx, word ptr [0x52f]
17D0  752a           jne 0x17fc
17D2  803e250503     cmp byte ptr [0x525], 3
17D7  7723           ja 0x17fc
17D9  80fb01         cmp bl, 1
17DC  7410           je 0x17ee
17DE  b90400         mov cx, 4
17E1  2a0e2505       sub cl, byte ptr [0x525]
17E5  d0e1           shl cl, 1
17E7  d0e1           shl cl, 1
17E9  03c1           add ax, cx
17EB  eb0f           jmp 0x17fc
17ED  db 90
L17EE:
17EE  2aed           sub ch, ch
17F0  8a0e2505       mov cl, byte ptr [0x525]
17F4  fec1           inc cl
17F6  d0e1           shl cl, 1
17F8  d0e1           shl cl, 1
17FA  2bc1           sub ax, cx
L17FC:
17FC  8a9f2510       mov bl, byte ptr [bx + 0x1025]
1800  8bf3           mov si, bx
1802  8bd8           mov bx, ax
1804  83c30a         add bx, 0xa
1807  e88fff         call 0x1799
180A  84a81610       test byte ptr [bx + si + 0x1016], ch
180E  7502           jne 0x1812
L1810:
1810  f8             clc 
1811  c3             ret 
L1812:
1812  88167b05       mov byte ptr [0x57b], dl
1816  80c232         add dl, 0x32
1819  88167c05       mov byte ptr [0x57c], dl
181D  81267905f8ff   and word ptr [0x579], 0xfff8
1823  c6065c0501     mov byte ptr [0x55c], 1
1828  f9             stc 
1829  c3             ret 
182A  db 00 00 00 00 00 00

;======================================================================
proc_1830:
1830  c606651600     mov byte ptr [0x1665], 0
1835  c606731600     mov byte ptr [0x1673], 0
183A  c606771600     mov byte ptr [0x1677], 0
183F  c606781600     mov byte ptr [0x1678], 0
1844  c7066c160900   mov word ptr [0x166c], 9
184A  c3             ret 

;======================================================================
proc_184B:
184B  803e731600     cmp byte ptr [0x1673], 0
1850  740a           je 0x185c
1852  2ae4           sub ah, ah
1854  cd1a           int 0x1a
1856  3b16ec17       cmp dx, word ptr [0x17ec]
185A  7501           jne 0x185d
L185C:
185C  c3             ret 
L185D:
185D  8916ec17       mov word ptr [0x17ec], dx
1861  803e771600     cmp byte ptr [0x1677], 0
1866  7417           je 0x187f
1868  a17116         mov ax, word ptr [0x1671]
186B  25f8ff         and ax, 0xfff8
186E  8b1e7905       mov bx, word ptr [0x579]
1872  81e3f8ff       and bx, 0xfff8
1876  3bc3           cmp ax, bx
1878  7505           jne 0x187f
187A  c606741600     mov byte ptr [0x1674], 0
L187F:
187F  fe06e917       inc byte ptr [0x17e9]
1883  833eea1701     cmp word ptr [0x17ea], 1
1888  7704           ja 0x188e
188A  ff0eea17       dec word ptr [0x17ea]
L188E:
188E  a17116         mov ax, word ptr [0x1671]
1891  8b16ea17       mov dx, word ptr [0x17ea]
1895  b103           mov cl, 3
1897  d2ea           shr dl, cl
1899  803e741601     cmp byte ptr [0x1674], 1
189E  7215           jb 0x18b5
18A0  750d           jne 0x18af
18A2  03c2           add ax, dx
18A4  3d2f01         cmp ax, 0x12f
18A7  720c           jb 0x18b5
18A9  b82e01         mov ax, 0x12e
18AC  eb07           jmp 0x18b5
18AE  db 90
L18AF:
18AF  2bc2           sub ax, dx
18B1  7302           jae 0x18b5
18B3  2bc0           sub ax, ax
L18B5:
18B5  a37116         mov word ptr [0x1671], ax
18B8  8b1edf17       mov bx, word ptr [0x17df]
18BC  a0e917         mov al, byte ptr [0x17e9]
18BF  d0e8           shr al, 1
18C1  02067316       add al, byte ptr [0x1673]
18C5  8ad0           mov dl, al
18C7  2a067616       sub al, byte ptr [0x1676]
18CB  7214           jb 0x18e1
18CD  2af8           sub bh, al
18CF  7402           je 0x18d3
18D1  730e           jae 0x18e1
L18D3:
18D3  c606731600     mov byte ptr [0x1673], 0
18D8  c606781600     mov byte ptr [0x1678], 0
18DD  e84200         call 0x1922
L18E0:
18E0  c3             ret 
L18E1:
18E1  88167316       mov byte ptr [0x1673], dl
18E5  8b0e7116       mov cx, word ptr [0x1671]
18E9  891ee117       mov word ptr [0x17e1], bx
18ED  e8c013         call 0x2cb0
18F0  a3e717         mov word ptr [0x17e7], ax
18F3  803ee91702     cmp byte ptr [0x17e9], 2
18F8  7403           je 0x18fd
18FA  e82500         call 0x1922
L18FD:
18FD  e87a02         call 0x1b7a
1900  72de           jb 0x18e0
1902  8b3ee717       mov di, word ptr [0x17e7]
1906  893ee517       mov word ptr [0x17e5], di
190A  8b0ee117       mov cx, word ptr [0x17e1]
190E  890ee317       mov word ptr [0x17e3], cx
1912  b800b8         mov ax, 0xb800
1915  8ec0           mov es, ax
1917  8b36dd17       mov si, word ptr [0x17dd]
191B  bdee17         mov bp, 0x17ee
191E  e8ab13         call 0x2ccc
1921  c3             ret 

;======================================================================
proc_1922:
1922  b800b8         mov ax, 0xb800
1925  8ec0           mov es, ax
1927  8b3ee517       mov di, word ptr [0x17e5]
192B  beee17         mov si, 0x17ee
192E  8b0ee317       mov cx, word ptr [0x17e3]
1932  e86814         call 0x2d9d
1935  c3             ret 

;======================================================================
proc_1936:
1936  fe0e6a16       dec byte ptr [0x166a]
193A  7401           je 0x193d
L193C:
193C  c3             ret 
L193D:
193D  c6066a160d     mov byte ptr [0x166a], 0xd
1942  e893fa         call 0x13d8
1945  75f5           jne 0x193c
1947  803e651600     cmp byte ptr [0x1665], 0
194C  7403           je 0x1951
194E  e8b401         call 0x1b05
L1951:
1951  803e731600     cmp byte ptr [0x1673], 0
1956  75e4           jne 0x193c
1958  803e651600     cmp byte ptr [0x1665], 0
195D  756e           jne 0x19cd
195F  803e7b0560     cmp byte ptr [0x57b], 0x60
1964  77d6           ja 0x193c
1966  c606771600     mov byte ptr [0x1677], 0
196B  803e500501     cmp byte ptr [0x550], 1
1970  7518           jne 0x198a
1972  803e180400     cmp byte ptr [0x418], 0
1977  7511           jne 0x198a
1979  2ae4           sub ah, ah
197B  cd1a           int 0x1a
197D  2b165605       sub dx, word ptr [0x556]
1981  83fa48         cmp dx, 0x48
1984  7204           jb 0x198a
1986  fe067716       inc byte ptr [0x1677]
L198A:
198A  e87014         call 0x2dfd
198D  803e771600     cmp byte ptr [0x1677], 0
1992  7406           je 0x199a
1994  80e203         and dl, 3
1997  eb09           jmp 0x19a2
1999  db 90
L199A:
199A  80e20f         and dl, 0xf
199D  80fa0c         cmp dl, 0xc
19A0  739a           jae 0x193c
L19A2:
19A2  88166916       mov byte ptr [0x1669], dl
19A6  e84101         call 0x1aea
19A9  890e6616       mov word ptr [0x1666], cx
19AD  88166816       mov byte ptr [0x1668], dl
19B1  e85101         call 0x1b05
19B4  72d4           jb 0x198a
19B6  c60665161d     mov byte ptr [0x1665], 0x1d
19BB  8b1e0800       mov bx, word ptr [8]
19BF  d0e3           shl bl, 1
19C1  8b871e18       mov ax, word ptr [bx + 0x181e]
19C5  a36c16         mov word ptr [0x166c], ax
19C8  c606701601     mov byte ptr [0x1670], 1
L19CD:
19CD  e83501         call 0x1b05
19D0  720e           jb 0x19e0
19D2  c606641600     mov byte ptr [0x1664], 0
19D7  e87201         call 0x1b4c
19DA  7305           jae 0x19e1
19DC  fe066416       inc byte ptr [0x1664]
L19E0:
19E0  c3             ret 
L19E1:
19E1  803e651610     cmp byte ptr [0x1665], 0x10
19E6  7508           jne 0x19f0
19E8  2ae4           sub ah, ah
19EA  cd1a           int 0x1a
19EC  89166e16       mov word ptr [0x166e], dx
L19F0:
19F0  803e65160f     cmp byte ptr [0x1665], 0xf
19F5  757f           jne 0x1a76
19F7  2ae4           sub ah, ah
19F9  cd1a           int 0x1a
19FB  2b166e16       sub dx, word ptr [0x166e]
19FF  3b166c16       cmp dx, word ptr [0x166c]
1A03  7371           jae 0x1a76
1A05  803e701600     cmp byte ptr [0x1670], 0
1A0A  7469           je 0x1a75
1A0C  803e731600     cmp byte ptr [0x1673], 0
1A11  7562           jne 0x1a75
1A13  803e180400     cmp byte ptr [0x418], 0
1A18  755b           jne 0x1a75
1A1A  fe0e7016       dec byte ptr [0x1670]
1A1E  c606781601     mov byte ptr [0x1678], 1
1A23  a06816         mov al, byte ptr [0x1668]
1A26  a27316         mov byte ptr [0x1673], al
1A29  e8d113         call 0x2dfd
1A2C  81e20f00       and dx, 0xf
1A30  03166616       add dx, word ptr [0x1666]
1A34  89167116       mov word ptr [0x1671], dx
1A38  b001           mov al, 1
1A3A  3b167905       cmp dx, word ptr [0x579]
1A3E  7202           jb 0x1a42
1A40  b0ff           mov al, 0xff
L1A42:
1A42  a27416         mov byte ptr [0x1674], al
1A45  e8b513         call 0x2dfd
1A48  8ada           mov bl, dl
1A4A  81e30600       and bx, 6
1A4E  8b87c917       mov ax, word ptr [bx + 0x17c9]
1A52  a3dd17         mov word ptr [0x17dd], ax
1A55  8b87d117       mov ax, word ptr [bx + 0x17d1]
1A59  a3df17         mov word ptr [0x17df], ax
1A5C  d0eb           shr bl, 1
1A5E  8a87d917       mov al, byte ptr [bx + 0x17d9]
1A62  a27616         mov byte ptr [0x1676], al
1A65  c706ea172000   mov word ptr [0x17ea], 0x20
1A6B  c606e91701     mov byte ptr [0x17e9], 1
1A70  c606751600     mov byte ptr [0x1675], 0
L1A75:
1A75  c3             ret 
L1A76:
1A76  fe0e6516       dec byte ptr [0x1665]
1A7A  8b0e6616       mov cx, word ptr [0x1666]
1A7E  8a166816       mov dl, byte ptr [0x1668]
1A82  803e65160e     cmp byte ptr [0x1665], 0xe
1A87  760a           jbe 0x1a93
1A89  02166516       add dl, byte ptr [0x1665]
1A8D  80ea0e         sub dl, 0xe
1A90  eb08           jmp 0x1a9a
1A92  db 90
L1A93:
1A93  80c20e         add dl, 0xe
1A96  2a166516       sub dl, byte ptr [0x1665]
L1A9A:
1A9A  88166b16       mov byte ptr [0x166b], dl
1A9E  e80f12         call 0x2cb0
1AA1  8bf8           mov di, ax
1AA3  b800b8         mov ax, 0xb800
1AA6  8ec0           mov es, ax
1AA8  fc             cld 
1AA9  b90400         mov cx, 4
1AAC  803e65160e     cmp byte ptr [0x1665], 0xe
1AB1  7624           jbe 0x1ad7
1AB3  803e180400     cmp byte ptr [0x418], 0
1AB8  7418           je 0x1ad2
1ABA  a06b16         mov al, byte ptr [0x166b]
1ABD  2a066816       sub al, byte ptr [0x1668]
1AC1  2ae4           sub ah, ah
1AC3  b103           mov cl, 3
1AC5  d3e0           shl ax, cl
1AC7  05e015         add ax, 0x15e0
1ACA  8bf0           mov si, ax
1ACC  b90400         mov cx, 4
1ACF  f3a5           rep movsw word ptr es:[di], word ptr [si]
1AD1  c3             ret 
L1AD2:
1AD2  2bc0           sub ax, ax
1AD4  f3ab           rep stosw word ptr es:[di], ax
1AD6  c3             ret 
L1AD7:
1AD7  a06b16         mov al, byte ptr [0x166b]
1ADA  2a066816       sub al, byte ptr [0x1668]
1ADE  b40a           mov ah, 0xa
1AE0  f6e4           mul ah
1AE2  058126         add ax, 0x2681
1AE5  8bf0           mov si, ax
1AE7  f3a5           rep movsw word ptr es:[di], word ptr [si]
1AE9  c3             ret 

;======================================================================
proc_1AEA:
1AEA  2aff           sub bh, bh
1AEC  8ada           mov bl, dl
1AEE  80e303         and bl, 3
1AF1  d0e3           shl bl, 1
1AF3  8b8f5816       mov cx, word ptr [bx + 0x1658]
1AF7  8ada           mov bl, dl
1AF9  d0eb           shr bl, 1
1AFB  d0eb           shr bl, 1
1AFD  80e303         and bl, 3
1B00  8a976016       mov dl, byte ptr [bx + 0x1660]
1B04  c3             ret 

;======================================================================
proc_1B05:
1B05  a16616         mov ax, word ptr [0x1666]
1B08  8a166816       mov dl, byte ptr [0x1668]
1B0C  8b1e7905       mov bx, word ptr [0x579]
1B10  8a367b05       mov dh, byte ptr [0x57b]
1B14  be2000         mov si, 0x20
1B17  bf1800         mov di, 0x18
1B1A  b90f0e         mov cx, 0xe0f
1B1D  e80913         call 0x2e29
1B20  7329           jae 0x1b4b
1B22  803e710501     cmp byte ptr [0x571], 1
1B27  7521           jne 0x1b4a
1B29  803e5a0500     cmp byte ptr [0x55a], 0
1B2E  751a           jne 0x1b4a
1B30  803e7b0560     cmp byte ptr [0x57b], 0x60
1B35  7313           jae 0x1b4a
1B37  803e651605     cmp byte ptr [0x1665], 5
1B3C  720c           jb 0x1b4a
1B3E  803e651619     cmp byte ptr [0x1665], 0x19
1B43  7305           jae 0x1b4a
1B45  c606510501     mov byte ptr [0x551], 1
L1B4A:
1B4A  f9             stc 
L1B4B:
1B4B  c3             ret 

;======================================================================
proc_1B4C:
1B4C  a06916         mov al, byte ptr [0x1669]
1B4F  3c08           cmp al, 8
1B51  7325           jae 0x1b78
1B53  bb0200         mov bx, 2
1B56  a804           test al, 4
1B58  7402           je 0x1b5c
1B5A  d0e3           shl bl, 1
L1B5C:
1B5C  8b87301f       mov ax, word ptr [bx + 0x1f30]
1B60  051000         add ax, 0x10
1B63  3b066616       cmp ax, word ptr [0x1666]
1B67  720f           jb 0x1b78
1B69  2d3000         sub ax, 0x30
1B6C  7302           jae 0x1b70
1B6E  2bc0           sub ax, ax
L1B70:
1B70  3b066616       cmp ax, word ptr [0x1666]
1B74  7702           ja 0x1b78
1B76  f9             stc 
1B77  c3             ret 
L1B78:
1B78  f8             clc 
1B79  c3             ret 

;======================================================================
proc_1B7A:
1B7A  833e040000     cmp word ptr [4], 0
1B7F  7560           jne 0x1be1
1B81  8a167316       mov dl, byte ptr [0x1673]
1B85  80fa00         cmp dl, 0
1B88  7457           je 0x1be1
1B8A  8b0edf17       mov cx, word ptr [0x17df]
1B8E  86cd           xchg ch, cl
1B90  be1000         mov si, 0x10
1B93  a17116         mov ax, word ptr [0x1671]
1B96  8b1e7905       mov bx, word ptr [0x579]
1B9A  8a367b05       mov dh, byte ptr [0x57b]
1B9E  bf1800         mov di, 0x18
1BA1  b50e           mov ch, 0xe
1BA3  e88312         call 0x2e29
1BA6  733a           jae 0x1be2
1BA8  e838f6         call 0x11e3
1BAB  e874fd         call 0x1922
1BAE  e82cf5         call 0x10dd
1BB1  803e751600     cmp byte ptr [0x1675], 0
1BB6  7527           jne 0x1bdf
1BB8  c606751601     mov byte ptr [0x1675], 1
1BBD  e8a6f5         call 0x1166
1BC0  b201           mov dl, 1
1BC2  803e7416ff     cmp byte ptr [0x1674], 0xff
1BC7  7402           je 0x1bcb
1BC9  b2ff           mov dl, 0xff
L1BCB:
1BCB  88167416       mov byte ptr [0x1674], dl
1BCF  c706ea176000   mov word ptr [0x17ea], 0x60
1BD5  c606e91701     mov byte ptr [0x17e9], 1
1BDA  c6065c0500     mov byte ptr [0x55c], 0
L1BDF:
1BDF  f9             stc 
1BE0  c3             ret 
L1BE1:
1BE1  f8             clc 
L1BE2:
1BE2  c3             ret 
1BE3  db 00 00 00 00 00 00 00 00 00 00 00 00 00

;======================================================================
proc_1BF0:
1BF0  2bdb           sub bx, bx
1BF2  b40b           mov ah, 0xb
1BF4  cd10           int 0x10
1BF6  833e060007     cmp word ptr [6], 7
1BFB  7515           jne 0x1c12
1BFD  803e530500     cmp byte ptr [0x553], 0
1C02  740e           je 0x1c12
1C04  e88436         call 0x528b
1C07  c70679059800   mov word ptr [0x579], 0x98
1C0D  c6067b055f     mov byte ptr [0x57b], 0x5f
L1C12:
1C12  b800b8         mov ax, 0xb800
1C15  8ec0           mov es, ax
1C17  fc             cld 
1C18  c70639180000   mov word ptr [0x1839], 0
1C1E  e84600         call 0x1c67
1C21  e8fd3e         call 0x5b21
1C24  e80a01         call 0x1d31
1C27  833e040000     cmp word ptr [4], 0
1C2C  751b           jne 0x1c49
1C2E  803e530500     cmp byte ptr [0x553], 0
1C33  7411           je 0x1c46
1C35  833e060007     cmp word ptr [6], 7
1C3A  7505           jne 0x1c41
1C3C  e8d436         call 0x5313
1C3F  eb08           jmp 0x1c49
L1C41:
1C41  e86c1c         call 0x38b0
1C44  eb03           jmp 0x1c49
L1C46:
1C46  e82d01         call 0x1d76
L1C49:
1C49  833e040007     cmp word ptr [4], 7
1C4E  740a           je 0x1c5a
1C50  b8aaaa         mov ax, 0xaaaa
1C53  833e040002     cmp word ptr [4], 2
1C58  7503           jne 0x1c5d
L1C5A:
1C5A  b85555         mov ax, 0x5555
L1C5D:
1C5D  a33918         mov word ptr [0x1839], ax
1C60  e80400         call 0x1c67
1C63  e8bb3e         call 0x5b21
1C66  c3             ret 

;======================================================================
proc_1C67:
1C67  e82c3c         call 0x5896
1C6A  c70635180100   mov word ptr [0x1835], 1
1C70  c606371808     mov byte ptr [0x1837], 8
1C75  8b0e7905       mov cx, word ptr [0x579]
1C79  8a167b05       mov dl, byte ptr [0x57b]
1C7D  83c10c         add cx, 0xc
1C80  81e1f0ff       and cx, 0xfff0
1C84  80c208         add dl, 8
1C87  c606381800     mov byte ptr [0x1838], 0
L1C8C:
1C8C  e8083c         call 0x5897
1C8F  890e3218       mov word ptr [0x1832], cx
1C93  88163418       mov byte ptr [0x1834], dl
1C97  e81610         call 0x2cb0
1C9A  8bf8           mov di, ax
1C9C  8a1e3718       mov bl, byte ptr [0x1837]
L1CA0:
1CA0  a13918         mov ax, word ptr [0x1839]
1CA3  8b0e3518       mov cx, word ptr [0x1835]
1CA7  d1e9           shr cx, 1
1CA9  d1e9           shr cx, 1
1CAB  d1e9           shr cx, 1
1CAD  f3ab           rep stosw word ptr es:[di], ax
1CAF  8b0e3518       mov cx, word ptr [0x1835]
1CB3  d1e9           shr cx, 1
1CB5  d1e9           shr cx, 1
1CB7  81e1fe00       and cx, 0xfe
1CBB  2bf9           sub di, cx
1CBD  81f70020       xor di, 0x2000
1CC1  f7c70020       test di, 0x2000
1CC5  7503           jne 0x1cca
1CC7  83c750         add di, 0x50
L1CCA:
1CCA  fecb           dec bl
1CCC  75d2           jne 0x1ca0
1CCE  803e38180f     cmp byte ptr [0x1838], 0xf
1CD3  7501           jne 0x1cd6
1CD5  c3             ret 
L1CD6:
1CD6  8306351820     add word ptr [0x1835], 0x20
1CDB  8006371810     add byte ptr [0x1837], 0x10
1CE0  8b0e3218       mov cx, word ptr [0x1832]
1CE4  8a163418       mov dl, byte ptr [0x1834]
1CE8  83e910         sub cx, 0x10
1CEB  7307           jae 0x1cf4
1CED  2bc9           sub cx, cx
1CEF  800e381801     or byte ptr [0x1838], 1
L1CF4:
1CF4  a13518         mov ax, word ptr [0x1835]
1CF7  03c1           add ax, cx
1CF9  3d4001         cmp ax, 0x140
1CFC  720d           jb 0x1d0b
1CFE  b84001         mov ax, 0x140
1D01  2bc1           sub ax, cx
1D03  a33518         mov word ptr [0x1835], ax
1D06  800e381802     or byte ptr [0x1838], 2
L1D0B:
1D0B  80ea08         sub dl, 8
1D0E  7307           jae 0x1d17
1D10  2ad2           sub dl, dl
1D12  800e381804     or byte ptr [0x1838], 4
L1D17:
1D17  a03718         mov al, byte ptr [0x1837]
1D1A  02c2           add al, dl
1D1C  7204           jb 0x1d22
1D1E  3cc8           cmp al, 0xc8
1D20  720c           jb 0x1d2e
L1D22:
1D22  b0c8           mov al, 0xc8
1D24  2ac2           sub al, dl
1D26  a23718         mov byte ptr [0x1837], al
1D29  800e381808     or byte ptr [0x1838], 8
L1D2E:
1D2E  e95bff         jmp 0x1c8c

;======================================================================
proc_1D31:
1D31  803e9706fd     cmp byte ptr [0x697], 0xfd
1D36  7410           je 0x1d48
1D38  b40b           mov ah, 0xb
1D3A  b701           mov bh, 1
1D3C  8b360400       mov si, word ptr [4]
1D40  8a9c5318       mov bl, byte ptr [si + 0x1853]
1D44  cd10           int 0x10
1D46  eb1f           jmp 0x1d67
L1D48:
1D48  8b360400       mov si, word ptr [4]
1D4C  b301           mov bl, 1
1D4E  8abc3b18       mov bh, byte ptr [si + 0x183b]
1D52  e81900         call 0x1d6e
1D55  b302           mov bl, 2
1D57  8abc4318       mov bh, byte ptr [si + 0x1843]
1D5B  e81000         call 0x1d6e
1D5E  b303           mov bl, 3
1D60  8abc4b18       mov bh, byte ptr [si + 0x184b]
1D64  e80700         call 0x1d6e
L1D67:
1D67  b40b           mov ah, 0xb
1D69  2bdb           sub bx, bx
1D6B  cd10           int 0x10
1D6D  c3             ret 

;======================================================================
proc_1D6E:
1D6E  b80010         mov ax, 0x1000
1D71  56             push si
1D72  cd10           int 0x10
1D74  5e             pop si
1D75  c3             ret 

;======================================================================
proc_1D76:
1D76  833e060007     cmp word ptr [6], 7
1D7B  7504           jne 0x1d81
1D7D  e8c042         call 0x6040
1D80  c3             ret 
L1D81:
1D81  e8513a         call 0x57d5
1D84  b85b18         mov ax, 0x185b
1D87  803e520500     cmp byte ptr [0x552], 0
1D8C  7438           je 0x1dc6
1D8E  8b1e301c       mov bx, word ptr [0x1c30]
1D92  8306301c02     add word ptr [0x1c30], 2
1D97  81e30600       and bx, 6
1D9B  8b87261c       mov ax, word ptr [bx + 0x1c26]
1D9F  803e801f00     cmp byte ptr [0x1f80], 0
1DA4  7404           je 0x1daa
1DA6  fe0e801f       dec byte ptr [0x1f80]
L1DAA:
1DAA  803e5205dd     cmp byte ptr [0x552], 0xdd
1DAF  7515           jne 0x1dc6
1DB1  833e080000     cmp word ptr [8], 0
1DB6  740e           je 0x1dc6
1DB8  803e801f01     cmp byte ptr [0x1f80], 1
1DBD  7207           jb 0x1dc6
1DBF  e81e3e         call 0x5be0
1DC2  e85c3d         call 0x5b21
1DC5  c3             ret 
L1DC6:
1DC6  a32e1c         mov word ptr [0x1c2e], ax
1DC9  c7061b1c8080   mov word ptr [0x1c1b], 0x8080
1DCF  c6061d1c1c     mov byte ptr [0x1c1d], 0x1c
L1DD4:
1DD4  e84000         call 0x1e17
1DD7  2ae4           sub ah, ah
1DD9  cd1a           int 0x1a
1DDB  89163018       mov word ptr [0x1830], dx
L1DDF:
1DDF  e8023a         call 0x57e4
1DE2  2ae4           sub ah, ah
1DE4  cd1a           int 0x1a
1DE6  3b163018       cmp dx, word ptr [0x1830]
1DEA  74f3           je 0x1ddf
1DEC  803e1d1c14     cmp byte ptr [0x1c1d], 0x14
1DF1  770f           ja 0x1e02
1DF3  2aff           sub bh, bh
1DF5  8a1e1d1c       mov bl, byte ptr [0x1c1d]
1DF9  80e306         and bl, 6
1DFC  8b871e1c       mov ax, word ptr [bx + 0x1c1e]
1E00  eb08           jmp 0x1e0a
L1E02:
1E02  a11b1c         mov ax, word ptr [0x1c1b]
1E05  f9             stc 
1E06  d0d8           rcr al, 1
1E08  8ae0           mov ah, al
L1E0A:
1E0A  a31b1c         mov word ptr [0x1c1b], ax
1E0D  fe0e1d1c       dec byte ptr [0x1c1d]
1E11  75c1           jne 0x1dd4
1E13  e80b3d         call 0x5b21
1E16  c3             ret 

;======================================================================
proc_1E17:
1E17  fc             cld 
1E18  1e             push ds
1E19  07             pop es
1E1A  8b362e1c       mov si, word ptr [0x1c2e]
1E1E  bf0e00         mov di, 0xe
1E21  b96000         mov cx, 0x60
L1E24:
1E24  ad             lodsw ax, word ptr [si]
1E25  23061b1c       and ax, word ptr [0x1c1b]
1E29  ab             stosw word ptr es:[di], ax
1E2A  e2f8           loop 0x1e24
1E2C  b800b8         mov ax, 0xb800
1E2F  8ec0           mov es, ax
1E31  be0e00         mov si, 0xe
1E34  bfd00e         mov di, 0xed0
1E37  b9080c         mov cx, 0xc08
1E3A  e8600f         call 0x2d9d
1E3D  c3             ret 
1E3E  db 00 00

;======================================================================
proc_1E40:
1E40  c606bf1c00     mov byte ptr [0x1cbf], 0
1E45  c706e11c0000   mov word ptr [0x1ce1], 0
1E4B  c606c01c00     mov byte ptr [0x1cc0], 0
1E50  c606c11c00     mov byte ptr [0x1cc1], 0
1E55  c606b81c00     mov byte ptr [0x1cb8], 0
1E5A  c606c81cb1     mov byte ptr [0x1cc8], 0xb1
1E5F  e8ee35         call 0x5450
1E62  c3             ret 

;======================================================================
proc_1E63:
1E63  2ae4           sub ah, ah
1E65  cd1a           int 0x1a
1E67  8bca           mov cx, dx
1E69  2b16c91c       sub dx, word ptr [0x1cc9]
1E6D  a1e11c         mov ax, word ptr [0x1ce1]
1E70  250100         and ax, 1
1E73  050100         add ax, 1
1E76  3bd0           cmp dx, ax
1E78  7301           jae 0x1e7b
L1E7A:
1E7A  c3             ret 
L1E7B:
1E7B  e85af5         call 0x13d8
1E7E  74fa           je 0x1e7a
1E80  890ec91c       mov word ptr [0x1cc9], cx
1E84  ff06e11c       inc word ptr [0x1ce1]
1E88  803ec11c00     cmp byte ptr [0x1cc1], 0
1E8D  7453           je 0x1ee2
1E8F  fe0ec11c       dec byte ptr [0x1cc1]
1E93  7534           jne 0x1ec9
1E95  e8893c         call 0x5b21
1E98  803eb81c00     cmp byte ptr [0x1cb8], 0
1E9D  7423           je 0x1ec2
1E9F  833e040000     cmp word ptr [4], 0
1EA4  7411           je 0x1eb7
1EA6  c6065205dd     mov byte ptr [0x552], 0xdd
1EAB  c7067905a000   mov word ptr [0x579], 0xa0
1EB1  c6067b0560     mov byte ptr [0x57b], 0x60
1EB6  c3             ret 
L1EB7:
1EB7  803e801f00     cmp byte ptr [0x1f80], 0
1EBC  7404           je 0x1ec2
1EBE  fe0e801f       dec byte ptr [0x1f80]
L1EC2:
1EC2  e81c02         call 0x20e1
1EC5  e878ff         call 0x1e40
1EC8  c3             ret 
L1EC9:
1EC9  e85601         call 0x2022
1ECC  b80401         mov ax, 0x104
1ECF  2a06c11c       sub al, byte ptr [0x1cc1]
1ED3  803ed01cff     cmp byte ptr [0x1cd0], 0xff
1ED8  7402           je 0x1edc
1EDA  b4ff           mov ah, 0xff
L1EDC:
1EDC  e87a01         call 0x2059
1EDF  e91901         jmp 0x1ffb
L1EE2:
1EE2  803eb81c00     cmp byte ptr [0x1cb8], 0
1EE7  7423           je 0x1f0c
1EE9  8a16b81c       mov dl, byte ptr [0x1cb8]
1EED  833eb91c00     cmp word ptr [0x1cb9], 0
1EF2  740e           je 0x1f02
1EF4  ff0eb91c       dec word ptr [0x1cb9]
1EF8  e8020f         call 0x2dfd
1EFB  80e201         and dl, 1
1EFE  7502           jne 0x1f02
1F00  b2ff           mov dl, 0xff
L1F02:
1F02  8816d01c       mov byte ptr [0x1cd0], dl
1F06  a1c61c         mov ax, word ptr [0x1cc6]
1F09  e99f00         jmp 0x1fab
L1F0C:
1F0C  803ebf1c00     cmp byte ptr [0x1cbf], 0
1F11  7562           jne 0x1f75
1F13  803ec01c00     cmp byte ptr [0x1cc0], 0
1F18  753d           jne 0x1f57
1F1A  803e581d00     cmp byte ptr [0x1d58], 0
1F1F  751c           jne 0x1f3d
1F21  803e7b05b4     cmp byte ptr [0x57b], 0xb4
1F26  7214           jb 0x1f3c
1F28  803e580500     cmp byte ptr [0x558], 0
1F2D  750d           jne 0x1f3c
1F2F  e8cb0e         call 0x2dfd
1F32  8b1e0800       mov bx, word ptr [8]
1F36  3a97d11c       cmp dl, byte ptr [bx + 0x1cd1]
1F3A  7201           jb 0x1f3d
L1F3C:
1F3C  c3             ret 
L1F3D:
1F3D  b001           mov al, 1
1F3F  c706ba590000   mov word ptr [0x59ba], 0
1F45  813e7905a000   cmp word ptr [0x579], 0xa0
1F4B  7302           jae 0x1f4f
1F4D  b0ff           mov al, 0xff
L1F4F:
1F4F  a2d01c         mov byte ptr [0x1cd0], al
1F52  c606c01c04     mov byte ptr [0x1cc0], 4
L1F57:
1F57  fe0ec01c       dec byte ptr [0x1cc0]
1F5B  7508           jne 0x1f65
1F5D  c606bf1c01     mov byte ptr [0x1cbf], 1
1F62  eb11           jmp 0x1f75
1F64  db 90
L1F65:
1F65  e8ba00         call 0x2022
1F68  a0c01c         mov al, byte ptr [0x1cc0]
1F6B  8a26d01c       mov ah, byte ptr [0x1cd0]
1F6F  e8e700         call 0x2059
1F72  e98600         jmp 0x1ffb
L1F75:
1F75  c606581d00     mov byte ptr [0x1d58], 0
1F7A  a1c61c         mov ax, word ptr [0x1cc6]
1F7D  803e7b05b4     cmp byte ptr [0x57b], 0xb4
1F82  7227           jb 0x1fab
1F84  803e580500     cmp byte ptr [0x558], 0
1F89  7520           jne 0x1fab
1F8B  e86f0e         call 0x2dfd
1F8E  8b1e0800       mov bx, word ptr [8]
1F92  3a97d91c       cmp dl, byte ptr [bx + 0x1cd9]
1F96  7713           ja 0x1fab
1F98  3b067905       cmp ax, word ptr [0x579]
1F9C  7708           ja 0x1fa6
1F9E  c606d01c01     mov byte ptr [0x1cd0], 1
1FA3  eb06           jmp 0x1fab
1FA5  db 90
L1FA6:
1FA6  c606d01cff     mov byte ptr [0x1cd0], 0xff
L1FAB:
1FAB  803ed01c01     cmp byte ptr [0x1cd0], 1
1FB0  723d           jb 0x1fef
1FB2  742e           je 0x1fe2
1FB4  2d0800         sub ax, 8
1FB7  7336           jae 0x1fef
1FB9  2bc0           sub ax, ax
L1FBB:
1FBB  803eb81c00     cmp byte ptr [0x1cb8], 0
1FC0  740a           je 0x1fcc
1FC2  833eb91c00     cmp word ptr [0x1cb9], 0
1FC7  7526           jne 0x1fef
1FC9  eb0f           jmp 0x1fda
1FCB  db 90
L1FCC:
1FCC  803e7b05b4     cmp byte ptr [0x57b], 0xb4
1FD1  7207           jb 0x1fda
1FD3  803e580500     cmp byte ptr [0x558], 0
1FD8  7415           je 0x1fef
L1FDA:
1FDA  c606c11c04     mov byte ptr [0x1cc1], 4
1FDF  eb0e           jmp 0x1fef
1FE1  db 90
L1FE2:
1FE2  050800         add ax, 8
1FE5  3d1e01         cmp ax, 0x11e
1FE8  7205           jb 0x1fef
1FEA  b81e01         mov ax, 0x11e
1FED  ebcc           jmp 0x1fbb
L1FEF:
1FEF  a3c61c         mov word ptr [0x1cc6], ax
1FF2  e82d00         call 0x2022
1FF5  c706c41c040f   mov word ptr [0x1cc4], 0xf04
L1FFB:
1FFB  8b0ec61c       mov cx, word ptr [0x1cc6]
1FFF  8a16c81c       mov dl, byte ptr [0x1cc8]
2003  e8aa0c         call 0x2cb0
2006  a3cd1c         mov word ptr [0x1ccd], ax
2009  803ec01c03     cmp byte ptr [0x1cc0], 3
200E  7403           je 0x2013
2010  e8ce00         call 0x20e1
L2013:
2013  e8df00         call 0x20f5
2016  7209           jb 0x2021
2018  a1cd1c         mov ax, word ptr [0x1ccd]
201B  a3bd1c         mov word ptr [0x1cbd], ax
201E  e87a00         call 0x209b
L2021:
2021  c3             ret 

;======================================================================
proc_2022:
2022  2aff           sub bh, bh
2024  803eb81c00     cmp byte ptr [0x1cb8], 0
2029  7410           je 0x203b
202B  fe06cf1c       inc byte ptr [0x1ccf]
202F  8a1ecf1c       mov bl, byte ptr [0x1ccf]
2033  80e306         and bl, 6
2036  80cb08         or bl, 8
2039  7516           jne 0x2051
L203B:
203B  8006cf1c02     add byte ptr [0x1ccf], 2
2040  8a1ecf1c       mov bl, byte ptr [0x1ccf]
2044  80e302         and bl, 2
2047  803ed01c01     cmp byte ptr [0x1cd0], 1
204C  7503           jne 0x2051
204E  80cb04         or bl, 4
L2051:
2051  8b87c815       mov ax, word ptr [bx + 0x15c8]
2055  a3bb1c         mov word ptr [0x1cbb], ax
2058  c3             ret 

;======================================================================
proc_2059:
2059  b9040f         mov cx, 0xf04
205C  2ac8           sub cl, al
205E  890ec41c       mov word ptr [0x1cc4], cx
2062  80fcff         cmp ah, 0xff
2065  7411           je 0x2078
2067  2ae4           sub ah, ah
2069  d0e0           shl al, 1
206B  0106bb1c       add word ptr [0x1cbb], ax
206F  c706c61c0000   mov word ptr [0x1cc6], 0
2075  eb0f           jmp 0x2086
2077  db 90
L2078:
2078  2ae4           sub ah, ah
207A  d0e0           shl al, 1
207C  d0e0           shl al, 1
207E  d0e0           shl al, 1
2080  052001         add ax, 0x120
2083  a3c61c         mov word ptr [0x1cc6], ax
L2086:
2086  1e             push ds
2087  07             pop es
2088  8b36bb1c       mov si, word ptr [0x1cbb]
208C  bf0e00         mov di, 0xe
208F  b004           mov al, 4
2091  e8dc0c         call 0x2d70
2094  c706bb1c0e00   mov word ptr [0x1cbb], 0xe
209A  c3             ret 

;======================================================================
proc_209B:
209B  8b0ec41c       mov cx, word ptr [0x1cc4]
209F  890ec21c       mov word ptr [0x1cc2], cx
20A3  b800b8         mov ax, 0xb800
20A6  803eb81c00     cmp byte ptr [0x1cb8], 0
20AB  7511           jne 0x20be
20AD  8ec0           mov es, ax
20AF  8b3ebd1c       mov di, word ptr [0x1cbd]
20B3  8b36bb1c       mov si, word ptr [0x1cbb]
20B7  bd401c         mov bp, 0x1c40
20BA  e80f0c         call 0x2ccc
20BD  c3             ret 
L20BE:
20BE  1e             push ds
20BF  8ed8           mov ds, ax
20C1  07             pop es
20C2  06             push es
20C3  1e             push ds
20C4  268b36bd1c     mov si, word ptr es:[0x1cbd]
20C9  bf401c         mov di, 0x1c40
20CC  e8fb0c         call 0x2dca
20CF  07             pop es
20D0  1f             pop ds
20D1  8b36bb1c       mov si, word ptr [0x1cbb]
20D5  8b3ebd1c       mov di, word ptr [0x1cbd]
20D9  8b0ec41c       mov cx, word ptr [0x1cc4]
20DD  e8bd0c         call 0x2d9d
20E0  c3             ret 

;======================================================================
proc_20E1:
20E1  b800b8         mov ax, 0xb800
20E4  8ec0           mov es, ax
20E6  8b3ebd1c       mov di, word ptr [0x1cbd]
20EA  be401c         mov si, 0x1c40
20ED  8b0ec21c       mov cx, word ptr [0x1cc2]
20F1  e8a90c         call 0x2d9d
20F4  c3             ret 

;======================================================================
proc_20F5:
20F5  803eb81c00     cmp byte ptr [0x1cb8], 0
20FA  7538           jne 0x2134
20FC  a0bf1c         mov al, byte ptr [0x1cbf]
20FF  0a06c01c       or al, byte ptr [0x1cc0]
2103  0a06c11c       or al, byte ptr [0x1cc1]
2107  742b           je 0x2134
2109  803e7b05a3     cmp byte ptr [0x57b], 0xa3
210E  7224           jb 0x2134
2110  803e580500     cmp byte ptr [0x558], 0
2115  751d           jne 0x2134
2117  a1c61c         mov ax, word ptr [0x1cc6]
211A  052000         add ax, 0x20
211D  3b067905       cmp ax, word ptr [0x579]
2121  7211           jb 0x2134
2123  2d3800         sub ax, 0x38
2126  7302           jae 0x212a
2128  2bc0           sub ax, ax
L212A:
212A  3b067905       cmp ax, word ptr [0x579]
212E  7704           ja 0x2134
2130  e80300         call 0x2136
2133  c3             ret 
L2134:
2134  f8             clc 
2135  c3             ret 

;======================================================================
proc_2136:
2136  833e040006     cmp word ptr [4], 6
213B  750c           jne 0x2149
213D  a07b05         mov al, byte ptr [0x57b]
2140  a2c81c         mov byte ptr [0x1cc8], al
2143  a17905         mov ax, word ptr [0x579]
2146  a3c61c         mov word ptr [0x1cc6], ax
L2149:
2149  a1c61c         mov ax, word ptr [0x1cc6]
214C  03067905       add ax, word ptr [0x579]
2150  d1e8           shr ax, 1
2152  3d1801         cmp ax, 0x118
2155  7203           jb 0x215a
2157  b81701         mov ax, 0x117
L215A:
215A  a3c61c         mov word ptr [0x1cc6], ax
215D  b301           mov bl, 1
215F  3da000         cmp ax, 0xa0
2162  770a           ja 0x216e
2164  b3ff           mov bl, 0xff
2166  baa100         mov dx, 0xa1
2169  2bd0           sub dx, ax
216B  eb06           jmp 0x2173
216D  db 90
L216E:
216E  2d9f00         sub ax, 0x9f
2171  8bd0           mov dx, ax
L2173:
2173  881eb81c       mov byte ptr [0x1cb8], bl
2177  c606bf1c01     mov byte ptr [0x1cbf], 1
217C  c606c11c00     mov byte ptr [0x1cc1], 0
2181  b103           mov cl, 3
2183  d3ea           shr dx, cl
2185  8916b91c       mov word ptr [0x1cb9], dx
2189  833e040006     cmp word ptr [4], 6
218E  752d           jne 0x21bd
2190  e850f0         call 0x11e3
2193  a0b81c         mov al, byte ptr [0x1cb8]
2196  50             push ax
2197  c606b81c00     mov byte ptr [0x1cb8], 0
219C  c706c41c040f   mov word ptr [0x1cc4], 0xf04
21A2  a1c815         mov ax, word ptr [0x15c8]
21A5  a3bb1c         mov word ptr [0x1cbb], ax
21A8  8b0ec61c       mov cx, word ptr [0x1cc6]
21AC  8a16c81c       mov dl, byte ptr [0x1cc8]
21B0  e8fd0a         call 0x2cb0
21B3  a3bd1c         mov word ptr [0x1cbd], ax
21B6  e8e2fe         call 0x209b
21B9  58             pop ax
21BA  a2b81c         mov byte ptr [0x1cb8], al
L21BD:
21BD  e821ff         call 0x20e1
21C0  e820f0         call 0x11e3
21C3  b80000         mov ax, 0
21C6  813e7905a000   cmp word ptr [0x579], 0xa0
21CC  7303           jae 0x21d1
21CE  b82201         mov ax, 0x122
L21D1:
21D1  a37905         mov word ptr [0x579], ax
21D4  833e040000     cmp word ptr [4], 0
21D9  7503           jne 0x21de
21DB  e82fe5         call 0x70d
L21DE:
21DE  f9             stc 
21DF  c3             ret 

;======================================================================
proc_21E0:
21E0  a0bf1c         mov al, byte ptr [0x1cbf]
21E3  0a06c01c       or al, byte ptr [0x1cc0]
21E7  0a06c11c       or al, byte ptr [0x1cc1]
21EB  741c           je 0x2209
21ED  a17d32         mov ax, word ptr [0x327d]
21F0  8a167f32       mov dl, byte ptr [0x327f]
21F4  be1000         mov si, 0x10
21F7  8b1ec61c       mov bx, word ptr [0x1cc6]
21FB  8a36c81c       mov dh, byte ptr [0x1cc8]
21FF  bf2000         mov di, 0x20
2202  b91e0f         mov cx, 0xf1e
2205  e8210c         call 0x2e29
2208  c3             ret 
L2209:
2209  f8             clc 
220A  c3             ret 
220B  db 00 00 00 00 00

;======================================================================
proc_2210:
2210  c606591d00     mov byte ptr [0x1d59], 0
2215  c3             ret 

;======================================================================
proc_2216:
2216  2ae4           sub ah, ah
2218  cd1a           int 0x1a
221A  3b165a1d       cmp dx, word ptr [0x1d5a]
221E  7501           jne 0x2221
L2220:
2220  c3             ret 
L2221:
2221  8bca           mov cx, dx
2223  e8b2f1         call 0x13d8
2226  74f8           je 0x2220
2228  890e5a1d       mov word ptr [0x1d5a], cx
222C  e8c800         call 0x22f7
222F  72ef           jb 0x2220
2231  803e591d00     cmp byte ptr [0x1d59], 0
2236  7535           jne 0x226d
2238  803e7b0586     cmp byte ptr [0x57b], 0x86
223D  740f           je 0x224e
223F  803e7b058e     cmp byte ptr [0x57b], 0x8e
2244  7408           je 0x224e
2246  e8b40b         call 0x2dfd
2249  80fa05         cmp dl, 5
224C  77d2           ja 0x2220
L224E:
224E  e87ff3         call 0x15d0
2251  80c203         add dl, 3
2254  88165e1d       mov byte ptr [0x1d5e], dl
2258  e8a20b         call 0x2dfd
225B  81e20700       and dx, 7
225F  03ca           add cx, dx
2261  83c106         add cx, 6
2264  890e5c1d       mov word ptr [0x1d5c], cx
2268  c606591d1b     mov byte ptr [0x1d59], 0x1b
L226D:
226D  fe0e591d       dec byte ptr [0x1d59]
2271  8b0e5c1d       mov cx, word ptr [0x1d5c]
2275  8a165e1d       mov dl, byte ptr [0x1d5e]
2279  803e591d0d     cmp byte ptr [0x1d59], 0xd
227E  7611           jbe 0x2291
2280  0216591d       add dl, byte ptr [0x1d59]
2284  80ea0f         sub dl, 0xf
2287  bb021b         mov bx, 0x1b02
228A  2a3e591d       sub bh, byte ptr [0x1d59]
228E  eb0f           jmp 0x229f
2290  db 90
L2291:
2291  80c20c         add dl, 0xc
2294  2a16591d       sub dl, byte ptr [0x1d59]
2298  bb0200         mov bx, 2
229B  023e591d       add bh, byte ptr [0x1d59]
L229F:
229F  891e641d       mov word ptr [0x1d64], bx
22A3  88165f1d       mov byte ptr [0x1d5f], dl
22A7  e8060a         call 0x2cb0
22AA  a3621d         mov word ptr [0x1d62], ax
22AD  e82c00         call 0x22dc
22B0  e84400         call 0x22f7
22B3  7207           jb 0x22bc
22B5  803e591d00     cmp byte ptr [0x1d59], 0
22BA  7501           jne 0x22bd
L22BC:
22BC  c3             ret 
L22BD:
22BD  b800b8         mov ax, 0xb800
22C0  8ec0           mov es, ax
22C2  8b3e621d       mov di, word ptr [0x1d62]
22C6  bef01c         mov si, 0x1cf0
22C9  893e601d       mov word ptr [0x1d60], di
22CD  8b0e641d       mov cx, word ptr [0x1d64]
22D1  890e661d       mov word ptr [0x1d66], cx
22D5  bd241d         mov bp, 0x1d24
22D8  e8f109         call 0x2ccc
22DB  c3             ret 

;======================================================================
proc_22DC:
22DC  803e591d1a     cmp byte ptr [0x1d59], 0x1a
22E1  7413           je 0x22f6
22E3  b800b8         mov ax, 0xb800
22E6  8ec0           mov es, ax
22E8  8b3e601d       mov di, word ptr [0x1d60]
22EC  be241d         mov si, 0x1d24
22EF  8b0e661d       mov cx, word ptr [0x1d66]
22F3  e8a70a         call 0x2d9d
L22F6:
22F6  c3             ret 

;======================================================================
proc_22F7:
22F7  803e591d00     cmp byte ptr [0x1d59], 0
22FC  7502           jne 0x2300
22FE  f8             clc 
22FF  c3             ret 
L2300:
2300  8b0e641d       mov cx, word ptr [0x1d64]
2304  86e9           xchg cl, ch
2306  a15c1d         mov ax, word ptr [0x1d5c]
2309  8a165f1d       mov dl, byte ptr [0x1d5f]
230D  be1000         mov si, 0x10
2310  8b1e7905       mov bx, word ptr [0x579]
2314  8a367b05       mov dh, byte ptr [0x57b]
2318  bf1800         mov di, 0x18
231B  b50e           mov ch, 0xe
231D  e8090b         call 0x2e29
2320  7305           jae 0x2327
2322  c606581d01     mov byte ptr [0x1d58], 1
L2327:
2327  c3             ret 
2328  db 00 00 00 00 00 00 00 00

;======================================================================
proc_2330:
2330  c7066c1f0000   mov word ptr [0x1f6c], 0
2336  2bc0           sub ax, ax
2338  b201           mov dl, 1
233A  813e7905a000   cmp word ptr [0x579], 0xa0
2340  7705           ja 0x2347
2342  b82c01         mov ax, 0x12c
2345  b2ff           mov dl, 0xff
L2347:
2347  a3301f         mov word ptr [0x1f30], ax
234A  a3321f         mov word ptr [0x1f32], ax
234D  a3341f         mov word ptr [0x1f34], ax
2350  88163c1f       mov byte ptr [0x1f3c], dl
2354  88163d1f       mov byte ptr [0x1f3d], dl
2358  88163e1f       mov byte ptr [0x1f3e], dl
235C  c606481f01     mov byte ptr [0x1f48], 1
2361  c606491f01     mov byte ptr [0x1f49], 1
2366  c6064a1f01     mov byte ptr [0x1f4a], 1
236B  c606501f00     mov byte ptr [0x1f50], 0
2370  c606511f00     mov byte ptr [0x1f51], 0
2375  c606521f00     mov byte ptr [0x1f52], 0
237A  c3             ret 

;======================================================================
proc_237B:
237B  2ae4           sub ah, ah
237D  cd1a           int 0x1a
237F  3b16651f       cmp dx, word ptr [0x1f65]
2383  7501           jne 0x2386
L2385:
2385  c3             ret 
L2386:
2386  8916651f       mov word ptr [0x1f65], dx
238A  803e5a0500     cmp byte ptr [0x55a], 0
238F  75f4           jne 0x2385
2391  8b1e6c1f       mov bx, word ptr [0x1f6c]
2395  43             inc bx
2396  83fb03         cmp bx, 3
2399  7203           jb 0x239e
239B  bb0000         mov bx, 0
L239E:
239E  891e6c1f       mov word ptr [0x1f6c], bx
23A2  e8b902         call 0x265e
23A5  72de           jb 0x2385
23A7  e8bd01         call 0x2567
23AA  72d9           jb 0x2385
23AC  8b1e6c1f       mov bx, word ptr [0x1f6c]
23B0  80bf501f00     cmp byte ptr [bx + 0x1f50], 0
23B5  7434           je 0x23eb
23B7  2ae4           sub ah, ah
23B9  cd1a           int 0x1a
23BB  8b1e6c1f       mov bx, word ptr [0x1f6c]
23BF  d0e3           shl bl, 1
23C1  2b97531f       sub dx, word ptr [bx + 0x1f53]
23C5  83fa36         cmp dx, 0x36
23C8  72bb           jb 0x2385
23CA  b201           mov dl, 1
23CC  b80000         mov ax, 0
23CF  813e7905a000   cmp word ptr [0x579], 0xa0
23D5  7705           ja 0x23dc
23D7  b82c01         mov ax, 0x12c
23DA  b2ff           mov dl, 0xff
L23DC:
23DC  8987301f       mov word ptr [bx + 0x1f30], ax
23E0  d0eb           shr bl, 1
23E2  c687501f00     mov byte ptr [bx + 0x1f50], 0
23E7  88973c1f       mov byte ptr [bx + 0x1f3c], dl
L23EB:
23EB  8a973c1f       mov dl, byte ptr [bx + 0x1f3c]
23EF  88973f1f       mov byte ptr [bx + 0x1f3f], dl
23F3  803e641600     cmp byte ptr [0x1664], 0
23F8  7409           je 0x2403
23FA  c706691f0c00   mov word ptr [0x1f69], 0xc
2400  eb16           jmp 0x2418
2402  db 90
L2403:
2403  b80800         mov ax, 8
2406  803e7b0560     cmp byte ptr [0x57b], 0x60
240B  7602           jbe 0x240f
240D  d0e8           shr al, 1
L240F:
240F  a3691f         mov word ptr [0x1f69], ax
2412  3b1e2f05       cmp bx, word ptr [0x52f]
2416  750d           jne 0x2425
L2418:
2418  80bf3c1f00     cmp byte ptr [bx + 0x1f3c], 0
241D  7506           jne 0x2425
241F  e8db09         call 0x2dfd
2422  eb66           jmp 0x248a
2424  db 90
L2425:
2425  803e5c0500     cmp byte ptr [0x55c], 0
242A  743a           je 0x2466
242C  8a87361f       mov al, byte ptr [bx + 0x1f36]
2430  3a067b05       cmp al, byte ptr [0x57b]
2434  7730           ja 0x2466
2436  0410           add al, 0x10
2438  3a067b05       cmp al, byte ptr [0x57b]
243C  7228           jb 0x2466
243E  e8bc09         call 0x2dfd
2441  8b360800       mov si, word ptr [8]
2445  3a946e1f       cmp dl, byte ptr [si + 0x1f6e]
2449  771b           ja 0x2466
244B  c706691f0c00   mov word ptr [0x1f69], 0xc
2451  b001           mov al, 1
2453  d0e3           shl bl, 1
2455  8b8f301f       mov cx, word ptr [bx + 0x1f30]
2459  d0eb           shr bl, 1
245B  3b0e7905       cmp cx, word ptr [0x579]
245F  7202           jb 0x2463
2461  b0ff           mov al, 0xff
L2463:
2463  eb2d           jmp 0x2492
2465  db 90
L2466:
2466  b118           mov cl, 0x18
2468  803e7b0560     cmp byte ptr [0x57b], 0x60
246D  760b           jbe 0x247a
246F  b128           mov cl, 0x28
2471  80bf3c1f00     cmp byte ptr [bx + 0x1f3c], 0
2476  7502           jne 0x247a
2478  b110           mov cl, 0x10
L247A:
247A  e88009         call 0x2dfd
247D  3ad1           cmp dl, cl
247F  7715           ja 0x2496
2481  b000           mov al, 0
2483  80bf3c1f00     cmp byte ptr [bx + 0x1f3c], 0
2488  7508           jne 0x2492
L248A:
248A  8ac2           mov al, dl
248C  2401           and al, 1
248E  7502           jne 0x2492
2490  b0ff           mov al, 0xff
L2492:
2492  88873c1f       mov byte ptr [bx + 0x1f3c], al
L2496:
2496  8a973c1f       mov dl, byte ptr [bx + 0x1f3c]
249A  d0e3           shl bl, 1
249C  8b87301f       mov ax, word ptr [bx + 0x1f30]
24A0  80fa01         cmp dl, 1
24A3  721d           jb 0x24c2
24A5  7511           jne 0x24b8
24A7  0306691f       add ax, word ptr [0x1f69]
24AB  3d2f01         cmp ax, 0x12f
24AE  7212           jb 0x24c2
24B0  b82e01         mov ax, 0x12e
24B3  b2ff           mov dl, 0xff
24B5  eb0b           jmp 0x24c2
24B7  db 90
L24B8:
24B8  2b06691f       sub ax, word ptr [0x1f69]
24BC  7304           jae 0x24c2
24BE  2bc0           sub ax, ax
24C0  b201           mov dl, 1
L24C2:
24C2  8987301f       mov word ptr [bx + 0x1f30], ax
24C6  d0eb           shr bl, 1
24C8  88973c1f       mov byte ptr [bx + 0x1f3c], dl
24CC  8a97361f       mov dl, byte ptr [bx + 0x1f36]
24D0  8bc8           mov cx, ax
24D2  e8db07         call 0x2cb0
24D5  a34b1f         mov word ptr [0x1f4b], ax
24D8  8b1e6c1f       mov bx, word ptr [0x1f6c]
24DC  80bf481f00     cmp byte ptr [bx + 0x1f48], 0
24E1  750d           jne 0x24f0
24E3  8a873c1f       mov al, byte ptr [bx + 0x1f3c]
24E7  0a873f1f       or al, byte ptr [bx + 0x1f3f]
24EB  7403           je 0x24f0
24ED  e85d00         call 0x254d
L24F0:
24F0  e86b01         call 0x265e
24F3  7205           jb 0x24fa
24F5  e86f00         call 0x2567
24F8  7301           jae 0x24fb
L24FA:
24FA  c3             ret 
L24FB:
24FB  8b1e6c1f       mov bx, word ptr [0x1f6c]
24FF  c687481f00     mov byte ptr [bx + 0x1f48], 0
2504  80bf3c1f00     cmp byte ptr [bx + 0x1f3c], 0
2509  750d           jne 0x2518
250B  80bf3f1f00     cmp byte ptr [bx + 0x1f3f], 0
2510  743a           je 0x254c
2512  be301e         mov si, 0x1e30
2515  eb1c           jmp 0x2533
2517  db 90
L2518:
2518  be501e         mov si, 0x1e50
251B  fe874d1f       inc byte ptr [bx + 0x1f4d]
251F  f6874d1f01     test byte ptr [bx + 0x1f4d], 1
2524  7503           jne 0x2529
2526  83c620         add si, 0x20
L2529:
2529  80bf3c1f01     cmp byte ptr [bx + 0x1f3c], 1
252E  7403           je 0x2533
2530  83c640         add si, 0x40
L2533:
2533  d0e3           shl bl, 1
2535  8b3e4b1f       mov di, word ptr [0x1f4b]
2539  89bf421f       mov word ptr [bx + 0x1f42], di
253D  b800b8         mov ax, 0xb800
2540  8ec0           mov es, ax
2542  8baf591f       mov bp, word ptr [bx + 0x1f59]
2546  b90208         mov cx, 0x802
2549  e8e907         call 0x2d35
L254C:
254C  c3             ret 

;======================================================================
proc_254D:
254D  8b1e6c1f       mov bx, word ptr [0x1f6c]
2551  d0e3           shl bl, 1
2553  b800b8         mov ax, 0xb800
2556  8ec0           mov es, ax
2558  8bbf421f       mov di, word ptr [bx + 0x1f42]
255C  8bb7591f       mov si, word ptr [bx + 0x1f59]
2560  b90208         mov cx, 0x802
2563  e83708         call 0x2d9d
2566  c3             ret 

;======================================================================
proc_2567:
2567  8b1e6c1f       mov bx, word ptr [0x1f6c]
256B  8a97361f       mov dl, byte ptr [bx + 0x1f36]
256F  d0e3           shl bl, 1
2571  8b87301f       mov ax, word ptr [bx + 0x1f30]
2575  be1000         mov si, 0x10
2578  8b1e7905       mov bx, word ptr [0x579]
257C  8a367b05       mov dh, byte ptr [0x57b]
2580  bf1800         mov di, 0x18
2583  b9080e         mov cx, 0xe08
2586  e8a008         call 0x2e29
2589  7203           jb 0x258e
258B  e9cf00         jmp 0x265d
L258E:
258E  8b1e6c1f       mov bx, word ptr [0x1f6c]
2592  80bf501f00     cmp byte ptr [bx + 0x1f50], 0
2597  7573           jne 0x260c
2599  803e7c0526     cmp byte ptr [0x57c], 0x26
259E  726c           jb 0x260c
25A0  803e5c0500     cmp byte ptr [0x55c], 0
25A5  7467           je 0x260e
25A7  c6065c0500     mov byte ptr [0x55c], 0
25AC  c6065b0511     mov byte ptr [0x55b], 0x11
25B1  c606710501     mov byte ptr [0x571], 1
25B6  c6066e0500     mov byte ptr [0x56e], 0
25BB  8b1e6c1f       mov bx, word ptr [0x1f6c]
25BF  d0e3           shl bl, 1
25C1  8bbf421f       mov di, word ptr [bx + 0x1f42]
25C5  83bf301f10     cmp word ptr [bx + 0x1f30], 0x10
25CA  7203           jb 0x25cf
25CC  83ef04         sub di, 4
L25CF:
25CF  893e671f       mov word ptr [0x1f67], di
25D3  b800b8         mov ax, 0xb800
25D6  8ec0           mov es, ax
25D8  be701d         mov si, 0x1d70
25DB  bd0e00         mov bp, 0xe
25DE  b90608         mov cx, 0x806
25E1  e8e806         call 0x2ccc
25E4  2ae4           sub ah, ah
25E6  cd1a           int 0x1a
25E8  8916651f       mov word ptr [0x1f65], dx
L25EC:
25EC  e8a134         call 0x5a90
25EF  2ae4           sub ah, ah
25F1  cd1a           int 0x1a
25F3  2b16651f       sub dx, word ptr [0x1f65]
25F7  83fa08         cmp dx, 8
25FA  72f0           jb 0x25ec
25FC  e82235         call 0x5b21
25FF  8b3e671f       mov di, word ptr [0x1f67]
2603  be0e00         mov si, 0xe
2606  b90608         mov cx, 0x806
2609  e89107         call 0x2d9d
L260C:
260C  f9             stc 
260D  c3             ret 
L260E:
260E  2ae4           sub ah, ah
2610  cd1a           int 0x1a
2612  8b1e6c1f       mov bx, word ptr [0x1f6c]
2616  c687501f01     mov byte ptr [bx + 0x1f50], 1
261B  c6873c1f01     mov byte ptr [bx + 0x1f3c], 1
2620  d0e3           shl bl, 1
2622  8997531f       mov word ptr [bx + 0x1f53], dx
2626  e8baeb         call 0x11e3
2629  8b1e6c1f       mov bx, word ptr [0x1f6c]
262D  d0e3           shl bl, 1
262F  8bb75f1f       mov si, word ptr [bx + 0x1f5f]
2633  8bbf421f       mov di, word ptr [bx + 0x1f42]
2637  b800b8         mov ax, 0xb800
263A  8ec0           mov es, ax
263C  bd0e00         mov bp, 0xe
263F  b90208         mov cx, 0x802
2642  e88706         call 0x2ccc
2645  e8dcea         call 0x1124
2648  8b1e6c1f       mov bx, word ptr [0x1f6c]
264C  8a87391f       mov al, byte ptr [bx + 0x1f39]
2650  e8b300         call 0x2706
2653  b8e803         mov ax, 0x3e8
2656  bbee02         mov bx, 0x2ee
2659  e8df32         call 0x593b
265C  f9             stc 
L265D:
265D  c3             ret 

;======================================================================
proc_265E:
265E  803e731600     cmp byte ptr [0x1673], 0
2663  7502           jne 0x2667
2665  f8             clc 
2666  c3             ret 
L2667:
2667  8b1e6c1f       mov bx, word ptr [0x1f6c]
266B  8a97361f       mov dl, byte ptr [bx + 0x1f36]
266F  d0e3           shl bl, 1
2671  8b87301f       mov ax, word ptr [bx + 0x1f30]
2675  be1000         mov si, 0x10
2678  8bfe           mov di, si
267A  8b1e7116       mov bx, word ptr [0x1671]
267E  8a367316       mov dh, byte ptr [0x1673]
2682  b9080c         mov cx, 0xc08
2685  e8a107         call 0x2e29
2688  c3             ret 
2689  db 00 00 00 00 00 00 00

;======================================================================
proc_2690:
2690  1e             push ds
2691  07             pop es
2692  b90700         mov cx, 7
2695  be821f         mov si, 0x1f82
L2698:
2698  ac             lodsb al, byte ptr [si]
2699  bb0700         mov bx, 7
269C  2bd9           sub bx, cx
269E  3a87891f       cmp al, byte ptr [bx + 0x1f89]
26A2  e1f4           loope 0x2698
26A4  7701           ja 0x26a7
26A6  c3             ret 
L26A7:
26A7  be821f         mov si, 0x1f82
26AA  bf891f         mov di, 0x1f89
26AD  b90700         mov cx, 7
26B0  f3a4           rep movsb byte ptr es:[di], byte ptr [si]
26B2  c3             ret 

;======================================================================
proc_26B3:
26B3  a0801f         mov al, byte ptr [0x1f80]
26B6  3a06811f       cmp al, byte ptr [0x1f81]
26BA  7501           jne 0x26bd
26BC  c3             ret 
L26BD:
26BD  a2811f         mov byte ptr [0x1f81], al
26C0  2ae4           sub ah, ah
26C2  b104           mov cl, 4
26C4  d3e0           shl ax, cl
26C6  052027         add ax, 0x2720
26C9  8bf0           mov si, ax
26CB  b800b8         mov ax, 0xb800
26CE  8ec0           mov es, ax
26D0  bf6012         mov di, 0x1260
26D3  b90108         mov cx, 0x801
26D6  e8c406         call 0x2d9d
26D9  c3             ret 

;======================================================================
proc_26DA:
26DA  bf821f         mov di, 0x1f82
26DD  e80800         call 0x26e8
26E0  c3             ret 

;======================================================================
proc_26E1:
26E1  bf891f         mov di, 0x1f89
26E4  e80100         call 0x26e8
26E7  c3             ret 

;======================================================================
proc_26E8:
26E8  1e             push ds
26E9  07             pop es
26EA  b90700         mov cx, 7
26ED  2ac0           sub al, al
26EF  f3aa           rep stosb byte ptr es:[di], al
26F1  c3             ret 

;======================================================================
proc_26F2:
26F2  bb891f         mov bx, 0x1f89
26F5  bfca12         mov di, 0x12ca
26F8  e83e00         call 0x2739
26FB  c3             ret 

;======================================================================
proc_26FC:
26FC  bb821f         mov bx, 0x1f82
26FF  bf3c14         mov di, 0x143c
2702  e83400         call 0x2739
2705  c3             ret 

;======================================================================
proc_2706:
2706  b90600         mov cx, 6
L2709:
2709  8bd9           mov bx, cx
270B  b400           mov ah, 0
270D  0287811f       add al, byte ptr [bx + 0x1f81]
2711  37             aaa 
2712  8887811f       mov byte ptr [bx + 0x1f81], al
2716  8ac4           mov al, ah
2718  e2ef           loop 0x2709
271A  e8dfff         call 0x26fc
271D  c3             ret 

;======================================================================
proc_271E:
271E  51             push cx
271F  50             push ax
2720  53             push bx
2721  f8             clc 
2722  9c             pushf 
2723  b90700         mov cx, 7
L2726:
2726  9d             popf 
2727  8bd9           mov bx, cx
2729  4b             dec bx
272A  8a01           mov al, byte ptr [bx + di]
272C  1200           adc al, byte ptr [bx + si]
272E  37             aaa 
272F  8801           mov byte ptr [bx + di], al
2731  9c             pushf 
2732  e2f2           loop 0x2726
2734  9d             popf 
2735  5b             pop bx
2736  58             pop ax
2737  59             pop cx
2738  c3             ret 

;======================================================================
proc_2739:
2739  b800b8         mov ax, 0xb800
273C  8ec0           mov es, ax
273E  893e901f       mov word ptr [0x1f90], di
2742  891e931f       mov word ptr [0x1f93], bx
2746  c606921f00     mov byte ptr [0x1f92], 0
L274B:
274B  8b1e931f       mov bx, word ptr [0x1f93]
274F  8a07           mov al, byte ptr [bx]
2751  2ae4           sub ah, ah
2753  b104           mov cl, 4
2755  d3e0           shl ax, cl
2757  052027         add ax, 0x2720
275A  8bf0           mov si, ax
275C  8b3e901f       mov di, word ptr [0x1f90]
2760  b90108         mov cx, 0x801
2763  e83706         call 0x2d9d
2766  8306901f02     add word ptr [0x1f90], 2
276B  ff06931f       inc word ptr [0x1f93]
276F  fe06921f       inc byte ptr [0x1f92]
2773  803e921f07     cmp byte ptr [0x1f92], 7
2778  740e           je 0x2788
277A  803e921f03     cmp byte ptr [0x1f92], 3
277F  75ca           jne 0x274b
2781  8306901f02     add word ptr [0x1f90], 2
2786  ebc3           jmp 0x274b
L2788:
2788  c3             ret 
2789  db 00 00 00 00 00 00 00

;======================================================================
proc_2790:
2790  b800b8         mov ax, 0xb800
2793  8ec0           mov es, ax
2795  833e040002     cmp word ptr [4], 2
279A  7552           jne 0x27ee
279C  fc             cld 
279D  2bff           sub di, di
279F  b8aaaa         mov ax, 0xaaaa
27A2  b95000         mov cx, 0x50
27A5  f3ab           rep stosw word ptr es:[di], ax
27A7  bf0020         mov di, 0x2000
27AA  b95000         mov cx, 0x50
27AD  f3ab           rep stosw word ptr es:[di], ax
27AF  c70654260000   mov word ptr [0x2654], 0
L27B5:
27B5  e84506         call 0x2dfd
27B8  81e21800       and dx, 0x18
27BC  3a165326       cmp dl, byte ptr [0x2653]
27C0  74f3           je 0x27b5
27C2  88165326       mov byte ptr [0x2653], dl
27C6  8b1e5426       mov bx, word ptr [0x2654]
27CA  88975626       mov byte ptr [bx + 0x2656], dl
27CE  81c22020       add dx, 0x2020
27D2  8bf2           mov si, dx
27D4  8bfb           mov di, bx
27D6  d1e7           shl di, 1
27D8  81c7a000       add di, 0xa0
27DC  b90104         mov cx, 0x401
27DF  e8bb05         call 0x2d9d
27E2  ff065426       inc word ptr [0x2654]
27E6  833e542628     cmp word ptr [0x2654], 0x28
27EB  72c8           jb 0x27b5
27ED  c3             ret 
L27EE:
27EE  833e040007     cmp word ptr [4], 7
27F3  7504           jne 0x27f9
27F5  e81708         call 0x300f
27F8  c3             ret 
L27F9:
27F9  833e040006     cmp word ptr [4], 6
27FE  753e           jne 0x283e
2800  2bc0           sub ax, ax
2802  e89b01         call 0x29a0
2805  bb7025         mov bx, 0x2570
2808  b84a06         mov ax, 0x64a
280B  e81603         call 0x2b24
280E  c70650264800   mov word ptr [0x2650], 0x48
2814  c606522638     mov byte ptr [0x2652], 0x38
2819  b8d20d         mov ax, 0xdd2
281C  e83901         call 0x2958
281F  b8f60d         mov ax, 0xdf6
2822  e84b01         call 0x2970
2825  bea01f         mov si, 0x1fa0
2828  bf7e06         mov di, 0x67e
282B  b90210         mov cx, 0x1002
282E  e86c05         call 0x2d9d
2831  bb4423         mov bx, 0x2344
2834  b8840b         mov ax, 0xb84
2837  e8ea02         call 0x2b24
283A  e80a23         call 0x4b47
283D  c3             ret 
L283E:
283E  833e040005     cmp word ptr [4], 5
2843  7548           jne 0x288d
2845  b84006         mov ax, 0x640
2848  e85501         call 0x29a0
284B  bb7025         mov bx, 0x2570
284E  b8b60c         mov ax, 0xcb6
2851  e8d002         call 0x2b24
2854  c7065026f800   mov word ptr [0x2650], 0xf8
285A  c606522660     mov byte ptr [0x2652], 0x60
285F  b80e14         mov ax, 0x140e
2862  e8f300         call 0x2958
2865  b83414         mov ax, 0x1434
2868  e80501         call 0x2970
286B  b83e14         mov ax, 0x143e
286E  e8ff00         call 0x2970
2871  b8a016         mov ax, 0x16a0
2874  e81101         call 0x2988
2877  bb4423         mov bx, 0x2344
287A  b88411         mov ax, 0x1184
287D  e8a402         call 0x2b24
2880  bee01f         mov si, 0x1fe0
2883  bfd60d         mov di, 0xdd6
2886  b90210         mov cx, 0x1002
2889  e81105         call 0x2d9d
288C  c3             ret 
L288D:
288D  833e040004     cmp word ptr [4], 4
2892  752a           jne 0x28be
2894  b84006         mov ax, 0x640
2897  e80601         call 0x29a0
289A  bb7025         mov bx, 0x2570
289D  b8ba0c         mov ax, 0xcba
28A0  e88102         call 0x2b24
28A3  c70650260801   mov word ptr [0x2650], 0x108
28A9  c606522660     mov byte ptr [0x2652], 0x60
28AE  b83914         mov ax, 0x1439
28B1  e8a400         call 0x2958
28B4  b8c016         mov ax, 0x16c0
28B7  e88b00         call 0x2945
28BA  e8e116         call 0x3f9e
28BD  c3             ret 
L28BE:
28BE  833e040003     cmp word ptr [4], 3
28C3  7544           jne 0x2909
28C5  b84006         mov ax, 0x640
28C8  e8d500         call 0x29a0
28CB  bb7025         mov bx, 0x2570
28CE  b8900c         mov ax, 0xc90
28D1  e85002         call 0x2b24
28D4  c70650266000   mov word ptr [0x2650], 0x60
28DA  c606522660     mov byte ptr [0x2652], 0x60
28DF  b80c14         mov ax, 0x140c
28E2  e87300         call 0x2958
28E5  b81814         mov ax, 0x1418
28E8  e88500         call 0x2970
28EB  bb4423         mov bx, 0x2344
28EE  b88411         mov ax, 0x1184
28F1  e83002         call 0x2b24
28F4  bb4423         mov bx, 0x2344
28F7  b8a211         mov ax, 0x11a2
28FA  e82702         call 0x2b24
28FD  bb2426         mov bx, 0x2624
2900  2bc0           sub ax, ax
2902  e81f02         call 0x2b24
2905  e8d312         call 0x3bdb
2908  c3             ret 
L2909:
2909  b84006         mov ax, 0x640
290C  e89100         call 0x29a0
290F  bb7025         mov bx, 0x2570
2912  b8a00c         mov ax, 0xca0
2915  e80c02         call 0x2b24
2918  c7065026a000   mov word ptr [0x2650], 0xa0
291E  c606522660     mov byte ptr [0x2652], 0x60
2923  b80614         mov ax, 0x1406
2926  e82f00         call 0x2958
2929  bb4423         mov bx, 0x2344
292C  b8c411         mov ax, 0x11c4
292F  e8f201         call 0x2b24
2932  b82214         mov ax, 0x1422
2935  e83800         call 0x2970
2938  b89016         mov ax, 0x1690
293B  e84a00         call 0x2988
293E  b8b616         mov ax, 0x16b6
2941  e80100         call 0x2945
2944  c3             ret 

;======================================================================
proc_2945:
2945  a33426         mov word ptr [0x2634], ax
2948  bb8423         mov bx, 0x2384
294B  e8d601         call 0x2b24
294E  a13426         mov ax, word ptr [0x2634]
2951  bb8c23         mov bx, 0x238c
2954  e8cd01         call 0x2b24
2957  c3             ret 

;======================================================================
proc_2958:
2958  a33426         mov word ptr [0x2634], ax
295B  be0800         mov si, 8
L295E:
295E  a13426         mov ax, word ptr [0x2634]
2961  8b9c3426       mov bx, word ptr [si + 0x2634]
2965  56             push si
2966  e8bb01         call 0x2b24
2969  5e             pop si
296A  83ee02         sub si, 2
296D  75ef           jne 0x295e
296F  c3             ret 

;======================================================================
proc_2970:
2970  a33426         mov word ptr [0x2634], ax
2973  be0a00         mov si, 0xa
L2976:
2976  a13426         mov ax, word ptr [0x2634]
2979  8b9c3c26       mov bx, word ptr [si + 0x263c]
297D  56             push si
297E  e8a301         call 0x2b24
2981  5e             pop si
2982  83ee02         sub si, 2
2985  75ef           jne 0x2976
2987  c3             ret 

;======================================================================
proc_2988:
2988  a33426         mov word ptr [0x2634], ax
298B  be0800         mov si, 8
L298E:
298E  a13426         mov ax, word ptr [0x2634]
2991  8b9c4626       mov bx, word ptr [si + 0x2646]
2995  56             push si
2996  e88b01         call 0x2b24
2999  5e             pop si
299A  83ee02         sub si, 2
299D  75ef           jne 0x298e
299F  c3             ret 

;======================================================================
proc_29A0:
29A0  a37e26         mov word ptr [0x267e], ax
29A3  bb1c25         mov bx, 0x251c
29A6  e87b01         call 0x2b24
29A9  2bc0           sub ax, ax
29AB  fc             cld 
29AC  8b3e7e26       mov di, word ptr [0x267e]
29B0  81c78402       add di, 0x284
29B4  b92400         mov cx, 0x24
29B7  f3ab           rep stosw word ptr es:[di], ax
29B9  8b3e7e26       mov di, word ptr [0x267e]
29BD  81c78411       add di, 0x1184
29C1  b92400         mov cx, 0x24
29C4  f3ab           rep stosw word ptr es:[di], ax
29C6  8b3e7e26       mov di, word ptr [0x267e]
29CA  81c78422       add di, 0x2284
29CE  b02a           mov al, 0x2a
29D0  e80e00         call 0x29e1
29D3  8b3e7e26       mov di, word ptr [0x267e]
29D7  81c7cb22       add di, 0x22cb
29DB  b0a8           mov al, 0xa8
29DD  e80100         call 0x29e1
29E0  c3             ret 

;======================================================================
proc_29E1:
29E1  b95f00         mov cx, 0x5f
L29E4:
29E4  268805         mov byte ptr es:[di], al
29E7  81f70020       xor di, 0x2000
29EB  f7c70020       test di, 0x2000
29EF  7503           jne 0x29f4
29F1  83c750         add di, 0x50
L29F4:
29F4  e2ee           loop 0x29e4
29F6  c3             ret 
29F7  db 00 00 00 00 00 00 00 00 00

;======================================================================
proc_2A00:
2A00  b800b8         mov ax, 0xb800
2A03  8ec0           mov es, ax
2A05  fc             cld 
2A06  2bff           sub di, di
2A08  b8aaaa         mov ax, 0xaaaa
2A0B  b9a00f         mov cx, 0xfa0
2A0E  f3ab           rep stosw word ptr es:[di], ax
2A10  bf0020         mov di, 0x2000
2A13  b9a00f         mov cx, 0xfa0
2A16  f3ab           rep stosw word ptr es:[di], ax
2A18  e88301         call 0x2b9e
2A1B  bba028         mov bx, 0x28a0
2A1E  2bc0           sub ax, ax
2A20  e80101         call 0x2b24
2A23  e84200         call 0x2a68
2A26  e85b02         call 0x2c84
2A29  e85f01         call 0x2b8b
2A2C  e85100         call 0x2a80
2A2F  c3             ret 

;======================================================================
proc_2A30:
2A30  b800b8         mov ax, 0xb800
2A33  8ec0           mov es, ax
2A35  fc             cld 
2A36  2bff           sub di, di
2A38  b8aaaa         mov ax, 0xaaaa
2A3B  b9a00f         mov cx, 0xfa0
2A3E  f3ab           rep stosw word ptr es:[di], ax
2A40  bf0020         mov di, 0x2000
2A43  b9a00f         mov cx, 0xfa0
2A46  f3ab           rep stosw word ptr es:[di], ax
2A48  e85301         call 0x2b9e
2A4B  bba028         mov bx, 0x28a0
2A4E  2bc0           sub ax, ax
2A50  e8d100         call 0x2b24
2A53  e81200         call 0x2a68
2A56  a10800         mov ax, word ptr [8]
2A59  50             push ax
2A5A  c70608000100   mov word ptr [8], 1
2A60  e82102         call 0x2c84
2A63  58             pop ax
2A64  a30800         mov word ptr [8], ax
2A67  c3             ret 

;======================================================================
proc_2A68:
2A68  8b1ef86d       mov bx, word ptr [0x6df8]
2A6C  81e30300       and bx, 3
2A70  d0e3           shl bl, 1
2A72  8bb7d12a       mov si, word ptr [bx + 0x2ad1]
2A76  bf0219         mov di, 0x1902
2A79  b90108         mov cx, 0x801
2A7C  e81e03         call 0x2d9d
2A7F  c3             ret 

;======================================================================
proc_2A80:
2A80  bb0f00         mov bx, 0xf
L2A83:
2A83  c687151000     mov byte ptr [bx + 0x1015], 0
2A88  4b             dec bx
2A89  75f8           jne 0x2a83
2A8B  bf4001         mov di, 0x140
2A8E  b780           mov bh, 0x80
2A90  c706ca2a0000   mov word ptr [0x2aca], 0
2A96  e82d00         call 0x2ac6
2A99  bf4006         mov di, 0x640
2A9C  b730           mov bh, 0x30
2A9E  c706ca2a0500   mov word ptr [0x2aca], 5
2AA4  e81f00         call 0x2ac6
2AA7  bf400b         mov di, 0xb40
2AAA  b700           mov bh, 0
2AAC  c706ca2a0a00   mov word ptr [0x2aca], 0xa
2AB2  e81100         call 0x2ac6
2AB5  c606250510     mov byte ptr [0x525], 0x10
2ABA  c7062f050000   mov word ptr [0x52f], 0
2AC0  c606310501     mov byte ptr [0x531], 1
2AC5  c3             ret 

;======================================================================
proc_2AC6:
2AC6  883ec92a       mov byte ptr [0x2ac9], bh
2ACA  c606c42a00     mov byte ptr [0x2ac4], 0
L2ACF:
2ACF  57             push di
2AD0  06             push es
2AD1  8b1e0800       mov bx, word ptr [8]
2AD5  8a9fba2a       mov bl, byte ptr [bx + 0x2aba]
2AD9  8a3ec92a       mov bh, byte ptr [0x2ac9]
2ADD  b81000         mov ax, 0x10
2AE0  8ec0           mov es, ax
2AE2  bfd704         mov di, 0x4d7
2AE5  e895db         call 0x67d
2AE8  07             pop es
2AE9  5f             pop di
2AEA  57             push di
2AEB  bed704         mov si, 0x4d7
2AEE  b90210         mov cx, 0x1002
2AF1  e8a902         call 0x2d9d
2AF4  2aff           sub bh, bh
2AF6  8a1ec42a       mov bl, byte ptr [0x2ac4]
2AFA  8acb           mov cl, bl
2AFC  d0eb           shr bl, 1
2AFE  d0eb           shr bl, 1
2B00  f6d1           not cl
2B02  80e103         and cl, 3
2B05  d0e1           shl cl, 1
2B07  a04005         mov al, byte ptr [0x540]
2B0A  d2e0           shl al, cl
2B0C  8b36ca2a       mov si, word ptr [0x2aca]
2B10  08801610       or byte ptr [bx + si + 0x1016], al
2B14  5f             pop di
2B15  83c704         add di, 4
2B18  fe06c42a       inc byte ptr [0x2ac4]
2B1C  803ec42a14     cmp byte ptr [0x2ac4], 0x14
2B21  72ac           jb 0x2acf
2B23  c3             ret 

;======================================================================
proc_2B24:
2B24  8b0f           mov cx, word ptr [bx]
2B26  890ec72a       mov word ptr [0x2ac7], cx
2B2A  a3cc2a         mov word ptr [0x2acc], ax
2B2D  83c302         add bx, 2
L2B30:
2B30  8b37           mov si, word ptr [bx]
2B32  81feffff       cmp si, 0xffff
2B36  7501           jne 0x2b39
2B38  c3             ret 
L2B39:
2B39  8b7f02         mov di, word ptr [bx + 2]
2B3C  033ecc2a       add di, word ptr [0x2acc]
2B40  fc             cld 
2B41  882ed02a       mov byte ptr [0x2ad0], ch
2B45  2aed           sub ch, ch
2B47  890ece2a       mov word ptr [0x2ace], cx
L2B4B:
2B4B  8b0ece2a       mov cx, word ptr [0x2ace]
2B4F  f3a4           rep movsb byte ptr es:[di], byte ptr [si]
2B51  2b3ece2a       sub di, word ptr [0x2ace]
2B55  81f70020       xor di, 0x2000
2B59  f7c70020       test di, 0x2000
2B5D  7503           jne 0x2b62
2B5F  83c750         add di, 0x50
L2B62:
2B62  fe0ed02a       dec byte ptr [0x2ad0]
2B66  75e3           jne 0x2b4b
2B68  83c304         add bx, 4
2B6B  8b0ec72a       mov cx, word ptr [0x2ac7]
2B6F  ebbf           jmp 0x2b30

;======================================================================
proc_2B71:
2B71  c606c42a04     mov byte ptr [0x2ac4], 4
L2B76:
2B76  be8026         mov si, 0x2680
2B79  b90510         mov cx, 0x1005
2B7C  57             push di
2B7D  e81d02         call 0x2d9d
2B80  5f             pop di
2B81  83c714         add di, 0x14
2B84  fe0ec42a       dec byte ptr [0x2ac4]
2B88  75ec           jne 0x2b76
2B8A  c3             ret 

;======================================================================
proc_2B8B:
2B8B  bfc503         mov di, 0x3c5
2B8E  e8e0ff         call 0x2b71
2B91  bfc508         mov di, 0x8c5
2B94  e8daff         call 0x2b71
2B97  bfc50d         mov di, 0xdc5
2B9A  e8d4ff         call 0x2b71
2B9D  c3             ret 

;======================================================================
proc_2B9E:
2B9E  c706c22a3e10   mov word ptr [0x2ac2], 0x103e
L2BA4:
2BA4  8306c22a02     add word ptr [0x2ac2], 2
2BA9  8b3ec22a       mov di, word ptr [0x2ac2]
2BAD  81ff9010       cmp di, 0x1090
2BB1  731f           jae 0x2bd2
L2BB3:
2BB3  e84702         call 0x2dfd
2BB6  81e23000       and dx, 0x30
2BBA  3a16c42a       cmp dl, byte ptr [0x2ac4]
2BBE  74f3           je 0x2bb3
2BC0  8816c42a       mov byte ptr [0x2ac4], dl
2BC4  81c20429       add dx, 0x2904
2BC8  8bf2           mov si, dx
2BCA  b90108         mov cx, 0x801
2BCD  e8cd01         call 0x2d9d
2BD0  ebd2           jmp 0x2ba4
L2BD2:
2BD2  bf8011         mov di, 0x1180
2BD5  b85556         mov ax, 0x5655
2BD8  b90005         mov cx, 0x500
2BDB  fc             cld 
2BDC  f3ab           rep stosw word ptr es:[di], ax
2BDE  bf8031         mov di, 0x3180
2BE1  b90005         mov cx, 0x500
2BE4  f3ab           rep stosw word ptr es:[di], ax
2BE6  c706c22a4429   mov word ptr [0x2ac2], 0x2944
L2BEC:
2BEC  c606c42a09     mov byte ptr [0x2ac4], 9
L2BF1:
2BF1  e80902         call 0x2dfd
2BF4  81e27607       and dx, 0x776
2BF8  81c2c012       add dx, 0x12c0
2BFC  8bfa           mov di, dx
2BFE  8b36c22a       mov si, word ptr [0x2ac2]
2C02  b90105         mov cx, 0x501
2C05  e89501         call 0x2d9d
2C08  fe0ec42a       dec byte ptr [0x2ac4]
2C0C  75e3           jne 0x2bf1
2C0E  8306c22a0a     add word ptr [0x2ac2], 0xa
2C13  813ec22a6c29   cmp word ptr [0x2ac2], 0x296c
2C19  72d1           jb 0x2bec
2C1B  c606c42a05     mov byte ptr [0x2ac4], 5
L2C20:
2C20  e8da01         call 0x2dfd
2C23  81e23e00       and dx, 0x3e
2C27  81c2983a       add dx, 0x3a98
2C2B  8bfa           mov di, dx
2C2D  be6c29         mov si, 0x296c
2C30  b90105         mov cx, 0x501
2C33  e86701         call 0x2d9d
2C36  fe0ec42a       dec byte ptr [0x2ac4]
2C3A  75e4           jne 0x2c20
2C3C  c3             ret 

;======================================================================
proc_2C3D:
2C3D  893ec22a       mov word ptr [0x2ac2], di
2C41  b003           mov al, 3
2C43  81ff2017       cmp di, 0x1720
2C47  7202           jb 0x2c4b
2C49  fec8           dec al
L2C4B:
2C4B  a2c42a         mov byte ptr [0x2ac4], al
2C4E  8106c22ae001   add word ptr [0x2ac2], 0x1e0
2C54  be7629         mov si, 0x2976
2C57  b9050c         mov cx, 0xc05
2C5A  e84001         call 0x2d9d
L2C5D:
2C5D  8b3ec22a       mov di, word ptr [0x2ac2]
2C61  8106c22a4001   add word ptr [0x2ac2], 0x140
2C67  beee29         mov si, 0x29ee
2C6A  b90408         mov cx, 0x804
2C6D  e82d01         call 0x2d9d
2C70  fe0ec42a       dec byte ptr [0x2ac4]
2C74  75e7           jne 0x2c5d
2C76  8b3ec22a       mov di, word ptr [0x2ac2]
2C7A  be2e2a         mov si, 0x2a2e
2C7D  b9040b         mov cx, 0xb04
2C80  e81a01         call 0x2d9d
2C83  c3             ret 

;======================================================================
proc_2C84:
2C84  8b1e0800       mov bx, word ptr [8]
2C88  8a9fb22a       mov bl, byte ptr [bx + 0x2ab2]
L2C8C:
2C8C  891ec52a       mov word ptr [0x2ac5], bx
2C90  8bbf862a       mov di, word ptr [bx + 0x2a86]
2C94  83ff00         cmp di, 0
2C97  7501           jne 0x2c9a
2C99  c3             ret 
L2C9A:
2C9A  e8a0ff         call 0x2c3d
2C9D  8b1ec52a       mov bx, word ptr [0x2ac5]
2CA1  83c302         add bx, 2
2CA4  ebe6           jmp 0x2c8c
2CA6  db C3 00 00 00 00 00 00 00 00 00

;======================================================================
proc_2CB0:
2CB0  8ac2           mov al, dl
2CB2  b428           mov ah, 0x28
2CB4  f6e4           mul ah
2CB6  f6c201         test dl, 1
2CB9  7403           je 0x2cbe
2CBB  05d81f         add ax, 0x1fd8
L2CBE:
2CBE  8bd1           mov dx, cx
2CC0  d1ea           shr dx, 1
2CC2  d1ea           shr dx, 1
2CC4  03c2           add ax, dx
2CC6  80e103         and cl, 3
2CC9  d0e1           shl cl, 1
2CCB  c3             ret 

;======================================================================
proc_2CCC:
2CCC  fc             cld 
2CCD  880ee02a       mov byte ptr [0x2ae0], cl
2CD1  882ee22a       mov byte ptr [0x2ae2], ch
2CD5  2aed           sub ch, ch
2CD7  baf00f         mov dx, 0xff0
L2CDA:
2CDA  8a0ee02a       mov cl, byte ptr [0x2ae0]
L2CDE:
2CDE  bac030         mov dx, 0x30c0
2CE1  268b1d         mov bx, word ptr es:[di]
2CE4  3e895e00       mov word ptr ds:[bp], bx
2CE8  ad             lodsw ax, word ptr [si]
2CE9  a3e32a         mov word ptr [0x2ae3], ax
L2CEC:
2CEC  84e2           test dl, ah
2CEE  7502           jne 0x2cf2
2CF0  0ae2           or ah, dl
L2CF2:
2CF2  84e6           test dh, ah
2CF4  7502           jne 0x2cf8
2CF6  0ae6           or ah, dh
L2CF8:
2CF8  84c2           test dl, al
2CFA  7502           jne 0x2cfe
2CFC  0ac2           or al, dl
L2CFE:
2CFE  84c6           test dh, al
2D00  7502           jne 0x2d04
2D02  0ac6           or al, dh
L2D04:
2D04  81f2cc33       xor dx, 0x33cc
2D08  f6c603         test dh, 3
2D0B  75df           jne 0x2cec
2D0D  23c3           and ax, bx
2D0F  0b06e32a       or ax, word ptr [0x2ae3]
2D13  ab             stosw word ptr es:[di], ax
2D14  83c502         add bp, 2
2D17  e2c5           loop 0x2cde
2D19  2b3ee02a       sub di, word ptr [0x2ae0]
2D1D  2b3ee02a       sub di, word ptr [0x2ae0]
2D21  81f70020       xor di, 0x2000
2D25  f7c70020       test di, 0x2000
2D29  7503           jne 0x2d2e
2D2B  83c750         add di, 0x50
L2D2E:
2D2E  fe0ee22a       dec byte ptr [0x2ae2]
2D32  75a6           jne 0x2cda
2D34  c3             ret 

;======================================================================
proc_2D35:
2D35  fc             cld 
2D36  880ee02a       mov byte ptr [0x2ae0], cl
2D3A  882ee22a       mov byte ptr [0x2ae2], ch
2D3E  2aed           sub ch, ch
L2D40:
2D40  8a0ee02a       mov cl, byte ptr [0x2ae0]
L2D44:
2D44  268b1d         mov bx, word ptr es:[di]
2D47  3e895e00       mov word ptr ds:[bp], bx
2D4B  ad             lodsw ax, word ptr [si]
2D4C  23c3           and ax, bx
2D4E  ab             stosw word ptr es:[di], ax
2D4F  83c502         add bp, 2
2D52  e2f0           loop 0x2d44
2D54  2b3ee02a       sub di, word ptr [0x2ae0]
2D58  2b3ee02a       sub di, word ptr [0x2ae0]
2D5C  81f70020       xor di, 0x2000
2D60  f7c70020       test di, 0x2000
2D64  7503           jne 0x2d69
2D66  83c750         add di, 0x50
L2D69:
2D69  fe0ee22a       dec byte ptr [0x2ae2]
2D6D  75d1           jne 0x2d40
2D6F  c3             ret 

;======================================================================
proc_2D70:
2D70  fc             cld 
2D71  8936e92a       mov word ptr [0x2ae9], si
2D75  880ee02a       mov byte ptr [0x2ae0], cl
2D79  882ee22a       mov byte ptr [0x2ae2], ch
2D7D  d0e0           shl al, 1
2D7F  a2eb2a         mov byte ptr [0x2aeb], al
2D82  2aed           sub ch, ch
L2D84:
2D84  8a0ee02a       mov cl, byte ptr [0x2ae0]
2D88  f3a5           rep movsw word ptr es:[di], word ptr [si]
2D8A  8a0eeb2a       mov cl, byte ptr [0x2aeb]
2D8E  010ee92a       add word ptr [0x2ae9], cx
2D92  8b36e92a       mov si, word ptr [0x2ae9]
2D96  fe0ee22a       dec byte ptr [0x2ae2]
2D9A  75e8           jne 0x2d84
2D9C  c3             ret 

;======================================================================
proc_2D9D:
2D9D  fc             cld 
2D9E  880ee02a       mov byte ptr [0x2ae0], cl
2DA2  882ee22a       mov byte ptr [0x2ae2], ch
2DA6  2aed           sub ch, ch
L2DA8:
2DA8  8a0ee02a       mov cl, byte ptr [0x2ae0]
2DAC  f3a5           rep movsw word ptr es:[di], word ptr [si]
2DAE  2b3ee02a       sub di, word ptr [0x2ae0]
2DB2  2b3ee02a       sub di, word ptr [0x2ae0]
2DB6  81f70020       xor di, 0x2000
2DBA  f7c70020       test di, 0x2000
2DBE  7503           jne 0x2dc3
2DC0  83c750         add di, 0x50
L2DC3:
2DC3  fe0ee22a       dec byte ptr [0x2ae2]
2DC7  75df           jne 0x2da8
2DC9  c3             ret 

;======================================================================
proc_2DCA:
2DCA  fc             cld 
2DCB  26880ee02a     mov byte ptr es:[0x2ae0], cl
2DD0  26882ee22a     mov byte ptr es:[0x2ae2], ch
2DD5  2aed           sub ch, ch
L2DD7:
2DD7  268a0ee02a     mov cl, byte ptr es:[0x2ae0]
2DDC  f3a5           rep movsw word ptr es:[di], word ptr [si]
2DDE  262b36e02a     sub si, word ptr es:[0x2ae0]
2DE3  262b36e02a     sub si, word ptr es:[0x2ae0]
2DE8  81f60020       xor si, 0x2000
2DEC  f7c60020       test si, 0x2000
2DF0  7503           jne 0x2df5
2DF2  83c650         add si, 0x50
L2DF5:
2DF5  26fe0ee22a     dec byte ptr es:[0x2ae2]
2DFA  75db           jne 0x2dd7
2DFC  c3             ret 

;======================================================================
proc_2DFD:
2DFD  8b16e52a       mov dx, word ptr [0x2ae5]
2E01  32d6           xor dl, dh
2E03  d0ea           shr dl, 1
2E05  d0ea           shr dl, 1
2E07  d11ee52a       rcr word ptr [0x2ae5], 1
2E0B  8b16e52a       mov dx, word ptr [0x2ae5]
2E0F  c3             ret 

;======================================================================
proc_2E10:
2E10  b000           mov al, 0
2E12  e643           out 0x43, al
2E14  90             nop 
2E15  90             nop 
2E16  e440           in al, 0x40
2E18  8ae0           mov ah, al
2E1A  90             nop 
2E1B  e440           in al, 0x40
2E1D  3d0000         cmp ax, 0
2E20  7503           jne 0x2e25
2E22  b859fa         mov ax, 0xfa59
L2E25:
2E25  a3e52a         mov word ptr [0x2ae5], ax
2E28  c3             ret 

;======================================================================
proc_2E29:
2E29  03c6           add ax, si
2E2B  3bc3           cmp ax, bx
2E2D  7220           jb 0x2e4f
2E2F  2bc6           sub ax, si
2E31  2bc7           sub ax, di
2E33  7302           jae 0x2e37
2E35  2bc0           sub ax, ax
L2E37:
2E37  3bc3           cmp ax, bx
2E39  7714           ja 0x2e4f
2E3B  02d1           add dl, cl
2E3D  3ad6           cmp dl, dh
2E3F  720e           jb 0x2e4f
2E41  2ad1           sub dl, cl
2E43  2ad5           sub dl, ch
2E45  7302           jae 0x2e49
2E47  2ad2           sub dl, dl
L2E49:
2E49  3ad6           cmp dl, dh
2E4B  7702           ja 0x2e4f
2E4D  f9             stc 
2E4E  c3             ret 
L2E4F:
2E4F  f8             clc 
2E50  c3             ret 
2E51  db 00 00 00 00 00 00 00 00 00 00 00 00 00 00 00

;======================================================================
proc_2E60:
2E60  833e8d2e08     cmp word ptr [0x2e8d], 8
2E65  7201           jb 0x2e68
L2E67:
2E67  c3             ret 
L2E68:
2E68  803e9a0600     cmp byte ptr [0x69a], 0
2E6D  75f8           jne 0x2e67
2E6F  c706922effff   mov word ptr [0x2e92], 0xffff
2E75  c606912eff     mov byte ptr [0x2e91], 0xff
2E7A  b90700         mov cx, 7
L2E7D:
2E7D  8bd9           mov bx, cx
2E7F  4b             dec bx
2E80  a07b05         mov al, byte ptr [0x57b]
2E83  2a87d42b       sub al, byte ptr [bx + 0x2bd4]
2E87  7302           jae 0x2e8b
2E89  f6d0           not al
L2E8B:
2E8B  3a06912e       cmp al, byte ptr [0x2e91]
2E8F  7707           ja 0x2e98
2E91  a2912e         mov byte ptr [0x2e91], al
2E94  891e922e       mov word ptr [0x2e92], bx
L2E98:
2E98  e2e3           loop 0x2e7d
2E9A  813e922effff   cmp word ptr [0x2e92], 0xffff
2EA0  7506           jne 0x2ea8
2EA2  c706922e0000   mov word ptr [0x2e92], 0
L2EA8:
2EA8  8b1e8d2e       mov bx, word ptr [0x2e8d]
2EAC  8b36922e       mov si, word ptr [0x2e92]
2EB0  8a84d42b       mov al, byte ptr [si + 0x2bd4]
2EB4  88876a2b       mov byte ptr [bx + 0x2b6a], al
2EB8  a2982e         mov byte ptr [0x2e98], al
2EBB  a17905         mov ax, word ptr [0x579]
2EBE  d0e3           shl bl, 1
2EC0  3d0801         cmp ax, 0x108
2EC3  7203           jb 0x2ec8
2EC5  b80701         mov ax, 0x107
L2EC8:
2EC8  25fc0f         and ax, 0xffc
2ECB  89875a2b       mov word ptr [bx + 0x2b5a], ax
2ECF  a3962e         mov word ptr [0x2e96], ax
2ED2  b90800         mov cx, 8
L2ED5:
2ED5  8bd9           mov bx, cx
2ED7  4b             dec bx
2ED8  3b1e8d2e       cmp bx, word ptr [0x2e8d]
2EDC  7429           je 0x2f07
2EDE  80bf722b00     cmp byte ptr [bx + 0x2b72], 0
2EE3  7422           je 0x2f07
2EE5  51             push cx
2EE6  8a976a2b       mov dl, byte ptr [bx + 0x2b6a]
2EEA  d0e3           shl bl, 1
2EEC  8b875a2b       mov ax, word ptr [bx + 0x2b5a]
2EF0  8b1e962e       mov bx, word ptr [0x2e96]
2EF4  8a36982e       mov dh, byte ptr [0x2e98]
2EF8  be1800         mov si, 0x18
2EFB  8bfe           mov di, si
2EFD  b90f0f         mov cx, 0xf0f
2F00  e826ff         call 0x2e29
2F03  59             pop cx
2F04  7301           jae 0x2f07
2F06  c3             ret 
L2F07:
2F07  e2cc           loop 0x2ed5
2F09  e8d7e2         call 0x11e3
2F0C  803ef27000     cmp byte ptr [0x70f2], 0
2F11  7403           je 0x2f16
2F13  e81533         call 0x622b
L2F16:
2F16  8b1e8d2e       mov bx, word ptr [0x2e8d]
2F1A  891e942e       mov word ptr [0x2e94], bx
2F1E  c687722b01     mov byte ptr [bx + 0x2b72], 1
2F23  8a976a2b       mov dl, byte ptr [bx + 0x2b6a]
2F27  d0e3           shl bl, 1
2F29  8b8f5a2b       mov cx, word ptr [bx + 0x2b5a]
2F2D  e880fd         call 0x2cb0
2F30  8bf8           mov di, ax
2F32  bef02a         mov si, 0x2af0
2F35  b800b8         mov ax, 0xb800
2F38  8ec0           mov es, ax
2F3A  b9030f         mov cx, 0xf03
2F3D  e85dfe         call 0x2d9d
2F40  c7068d2effff   mov word ptr [0x2e8d], 0xffff
2F46  2bdb           sub bx, bx
2F48  b40b           mov ah, 0xb
2F4A  cd10           int 0x10
2F4C  e8ef1e         call 0x4e3e
2F4F  803ef27000     cmp byte ptr [0x70f2], 0
2F54  7403           je 0x2f59
2F56  e8a132         call 0x61fa
L2F59:
2F59  e8e9e1         call 0x1145
2F5C  b8e803         mov ax, 0x3e8
2F5F  bba504         mov bx, 0x4a5
2F62  e8d629         call 0x593b
2F65  c3             ret 

;======================================================================
proc_2F66:
2F66  2ae4           sub ah, ah
2F68  cd1a           int 0x1a
2F6A  3b168f2e       cmp dx, word ptr [0x2e8f]
2F6E  7501           jne 0x2f71
2F70  c3             ret 
L2F71:
2F71  89168f2e       mov word ptr [0x2e8f], dx
2F75  833e8d2e08     cmp word ptr [0x2e8d], 8
2F7A  7230           jb 0x2fac
2F7C  b90800         mov cx, 8
L2F7F:
2F7F  8bd9           mov bx, cx
2F81  4b             dec bx
2F82  80bf722b00     cmp byte ptr [bx + 0x2b72], 0
2F87  7421           je 0x2faa
2F89  51             push cx
2F8A  8a976a2b       mov dl, byte ptr [bx + 0x2b6a]
2F8E  d0e3           shl bl, 1
2F90  8b875a2b       mov ax, word ptr [bx + 0x2b5a]
2F94  be1800         mov si, 0x18
2F97  8bfe           mov di, si
2F99  8b1e7905       mov bx, word ptr [0x579]
2F9D  8a367b05       mov dh, byte ptr [0x57b]
2FA1  b90f0e         mov cx, 0xe0f
2FA4  e882fe         call 0x2e29
2FA7  59             pop cx
2FA8  7209           jb 0x2fb3
L2FAA:
2FAA  e2d3           loop 0x2f7f
L2FAC:
2FAC  c706942effff   mov word ptr [0x2e94], 0xffff
L2FB2:
2FB2  c3             ret 
L2FB3:
2FB3  8bd9           mov bx, cx
2FB5  4b             dec bx
2FB6  3b1e942e       cmp bx, word ptr [0x2e94]
2FBA  74f6           je 0x2fb2
2FBC  53             push bx
2FBD  e823e2         call 0x11e3
2FC0  803ef27000     cmp byte ptr [0x70f2], 0
2FC5  7403           je 0x2fca
2FC7  e86132         call 0x622b
L2FCA:
2FCA  5b             pop bx
2FCB  c687722b00     mov byte ptr [bx + 0x2b72], 0
2FD0  8a976a2b       mov dl, byte ptr [bx + 0x2b6a]
2FD4  891e8d2e       mov word ptr [0x2e8d], bx
2FD8  d0e3           shl bl, 1
2FDA  8b8f5a2b       mov cx, word ptr [bx + 0x2b5a]
2FDE  e8cffc         call 0x2cb0
2FE1  8bf8           mov di, ax
2FE3  be7a2b         mov si, 0x2b7a
2FE6  b800b8         mov ax, 0xb800
2FE9  8ec0           mov es, ax
2FEB  b9030f         mov cx, 0xf03
2FEE  e8acfd         call 0x2d9d
2FF1  803ef27000     cmp byte ptr [0x70f2], 0
2FF6  7403           je 0x2ffb
2FF8  e8ff31         call 0x61fa
L2FFB:
2FFB  e847e1         call 0x1145
2FFE  bb0100         mov bx, 1
3001  b40b           mov ah, 0xb
3003  cd10           int 0x10
3005  b8e803         mov ax, 0x3e8
3008  bb4903         mov bx, 0x349
300B  e82d29         call 0x593b
300E  c3             ret 

;======================================================================
proc_300F:
300F  2bc0           sub ax, ax
3011  bb242e         mov bx, 0x2e24
3014  e80dfb         call 0x2b24
3017  c6068a2ebf     mov byte ptr [0x2e8a], 0xbf
301C  c7068b2e0000   mov word ptr [0x2e8b], 0
L3022:
3022  c706882e2000   mov word ptr [0x2e88], 0x20
L3028:
3028  2bdb           sub bx, bx
302A  803e8a2ebf     cmp byte ptr [0x2e8a], 0xbf
302F  7408           je 0x3039
3031  e8c9fd         call 0x2dfd
3034  8ada           mov bl, dl
3036  80e302         and bl, 2
L3039:
3039  8b0e882e       mov cx, word ptr [0x2e88]
303D  8a168a2e       mov dl, byte ptr [0x2e8a]
3041  53             push bx
3042  e89e00         call 0x30e3
3045  5b             pop bx
3046  8b368b2e       mov si, word ptr [0x2e8b]
304A  a1882e         mov ax, word ptr [0x2e88]
304D  b104           mov cl, 4
304F  d3e8           shr ax, cl
3051  2d0200         sub ax, 2
3054  7302           jae 0x3058
3056  2bc0           sub ax, ax
L3058:
3058  3d1200         cmp ax, 0x12
305B  7203           jb 0x3060
305D  b81100         mov ax, 0x11
L3060:
3060  8a94db2b       mov dl, byte ptr [si + 0x2bdb]
3064  2af6           sub dh, dh
3066  03c2           add ax, dx
3068  8bf0           mov si, ax
306A  889ce22b       mov byte ptr [si + 0x2be2], bl
306E  8306882e10     add word ptr [0x2e88], 0x10
3073  813e882e1101   cmp word ptr [0x2e88], 0x111
3079  72ad           jb 0x3028
307B  ff068b2e       inc word ptr [0x2e8b]
307F  802e8a2e18     sub byte ptr [0x2e8a], 0x18
3084  803e8a2e2f     cmp byte ptr [0x2e8a], 0x2f
3089  7397           jae 0x3022
308B  b8ffff         mov ax, 0xffff
308E  a38d2e         mov word ptr [0x2e8d], ax
3091  a3942e         mov word ptr [0x2e94], ax
3094  2bc0           sub ax, ax
3096  a3722b         mov word ptr [0x2b72], ax
3099  a3742b         mov word ptr [0x2b74], ax
309C  a3762b         mov word ptr [0x2b76], ax
309F  a3782b         mov word ptr [0x2b78], ax
30A2  8b0e1404       mov cx, word ptr [0x414]
30A6  83f900         cmp cx, 0
30A9  7505           jne 0x30b0
30AB  41             inc cx
30AC  890e1404       mov word ptr [0x414], cx
L30B0:
30B0  83f908         cmp cx, 8
30B3  7603           jbe 0x30b8
30B5  b90800         mov cx, 8
L30B8:
30B8  8bd9           mov bx, cx
30BA  4b             dec bx
30BB  c687722b01     mov byte ptr [bx + 0x2b72], 1
30C0  b2b0           mov dl, 0xb0
30C2  88976a2b       mov byte ptr [bx + 0x2b6a], dl
30C6  51             push cx
30C7  d0e3           shl bl, 1
30C9  8b8f4a2b       mov cx, word ptr [bx + 0x2b4a]
30CD  898f5a2b       mov word ptr [bx + 0x2b5a], cx
30D1  e8dcfb         call 0x2cb0
30D4  8bf8           mov di, ax
30D6  bef02a         mov si, 0x2af0
30D9  b9030f         mov cx, 0xf03
30DC  e8befc         call 0x2d9d
30DF  59             pop cx
30E0  e2d6           loop 0x30b8
30E2  c3             ret 

;======================================================================
proc_30E3:
30E3  53             push bx
30E4  e8c9fb         call 0x2cb0
30E7  8bf8           mov di, ax
30E9  b800b8         mov ax, 0xb800
30EC  8ec0           mov es, ax
30EE  5b             pop bx
30EF  8bb7202e       mov si, word ptr [bx + 0x2e20]
30F3  b90208         mov cx, 0x802
30F6  e8a4fc         call 0x2d9d
30F9  c3             ret 

;======================================================================
proc_30FA:
30FA  a07b05         mov al, byte ptr [0x57b]
30FD  2c05           sub al, 5
30FF  24f8           and al, 0xf8
3101  b90700         mov cx, 7
L3104:
3104  8bd9           mov bx, cx
3106  4b             dec bx
3107  3a87d42b       cmp al, byte ptr [bx + 0x2bd4]
310B  7404           je 0x3111
310D  e2f5           loop 0x3104
310F  eb3c           jmp 0x314d
L3111:
3111  8ae8           mov ch, al
3113  a17905         mov ax, word ptr [0x579]
3116  050700         add ax, 7
3119  b104           mov cl, 4
311B  d3e8           shr ax, cl
311D  2d0200         sub ax, 2
3120  7302           jae 0x3124
3122  2bc0           sub ax, ax
L3124:
3124  3d1200         cmp ax, 0x12
3127  7203           jb 0x312c
3129  b81100         mov ax, 0x11
L312C:
312C  8a97db2b       mov dl, byte ptr [bx + 0x2bdb]
3130  2af6           sub dh, dh
3132  03c2           add ax, dx
3134  8bf0           mov si, ax
3136  80bce22b00     cmp byte ptr [si + 0x2be2], 0
313B  7510           jne 0x314d
313D  80c505         add ch, 5
3140  882e7b05       mov byte ptr [0x57b], ch
3144  80c532         add ch, 0x32
3147  882e7c05       mov byte ptr [0x57c], ch
314B  f9             stc 
314C  c3             ret 
L314D:
314D  f8             clc 
314E  c3             ret 
314F  db 00

;======================================================================
proc_3150:
3150  2ae4           sub ah, ah
3152  cd1a           int 0x1a
3154  8b1e0400       mov bx, word ptr [4]
3158  d0e3           shl bl, 1
315A  8b8ff232       mov cx, word ptr [bx + 0x32f2]
315E  8bc2           mov ax, dx
3160  2b068c32       sub ax, word ptr [0x328c]
3164  3bc1           cmp ax, cx
3166  7301           jae 0x3169
L3168:
3168  c3             ret 
L3169:
3169  89168c32       mov word ptr [0x328c], dx
316D  e84a02         call 0x33ba
3170  72f6           jb 0x3168
3172  e86bf0         call 0x21e0
3175  72f1           jb 0x3168
3177  fe06ea32       inc byte ptr [0x32ea]
317B  e87ffc         call 0x2dfd
317E  a0ea32         mov al, byte ptr [0x32ea]
3181  22c2           and al, dl
3183  3006eb32       xor byte ptr [0x32eb], al
3187  a17d32         mov ax, word ptr [0x327d]
318A  2b067905       sub ax, word ptr [0x579]
318E  b2ff           mov dl, 0xff
3190  7304           jae 0x3196
3192  f7d0           not ax
3194  b201           mov dl, 1
L3196:
3196  8816ed32       mov byte ptr [0x32ed], dl
319A  8a1e7f32       mov bl, byte ptr [0x327f]
319E  80c314         add bl, 0x14
31A1  2a1e7b05       sub bl, byte ptr [0x57b]
31A5  b2ff           mov dl, 0xff
31A7  7304           jae 0x31ad
31A9  f6d3           not bl
31AB  b201           mov dl, 1
L31AD:
31AD  8816ee32       mov byte ptr [0x32ee], dl
31B1  d1e8           shr ax, 1
31B3  d1e8           shr ax, 1
31B5  d0eb           shr bl, 1
31B7  02c3           add al, bl
31B9  a2ec32         mov byte ptr [0x32ec], al
31BC  8b1e8a32       mov bx, word ptr [0x328a]
31C0  83fb27         cmp bx, 0x27
31C3  7207           jb 0x31cc
31C5  bb2600         mov bx, 0x26
31C8  891e8a32       mov word ptr [0x328a], bx
L31CC:
31CC  80bf8e3200     cmp byte ptr [bx + 0x328e], 0
31D1  7578           jne 0x324b
31D3  ff0e8a32       dec word ptr [0x328a]
31D7  2ae4           sub ah, ah
31D9  cd1a           int 0x1a
31DB  2b161004       sub dx, word ptr [0x410]
31DF  b103           mov cl, 3
31E1  d3ea           shr dx, cl
31E3  a0ec32         mov al, byte ptr [0x32ec]
31E6  2ac2           sub al, dl
31E8  7302           jae 0x31ec
31EA  2ac0           sub al, al
L31EC:
31EC  3a06eb32       cmp al, byte ptr [0x32eb]
31F0  7220           jb 0x3212
31F2  c606813201     mov byte ptr [0x3281], 1
31F7  e803fc         call 0x2dfd
31FA  80fa00         cmp dl, 0
31FD  740c           je 0x320b
31FF  80fa07         cmp dl, 7
3202  770b           ja 0x320f
3204  80e201         and dl, 1
3207  7502           jne 0x320b
3209  b2ff           mov dl, 0xff
L320B:
320B  88168032       mov byte ptr [0x3280], dl
L320F:
320F  e99a00         jmp 0x32ac
L3212:
3212  a0eb32         mov al, byte ptr [0x32eb]
3215  242f           and al, 0x2f
3217  751f           jne 0x3238
3219  e8e1fb         call 0x2dfd
321C  80e201         and dl, 1
321F  7502           jne 0x3223
3221  b2ff           mov dl, 0xff
L3223:
3223  88168032       mov byte ptr [0x3280], dl
3227  e8d3fb         call 0x2dfd
322A  80e201         and dl, 1
322D  7502           jne 0x3231
322F  b2ff           mov dl, 0xff
L3231:
3231  88168132       mov byte ptr [0x3281], dl
3235  eb75           jmp 0x32ac
3237  db 90
L3238:
3238  2407           and al, 7
323A  7570           jne 0x32ac
323C  a0ed32         mov al, byte ptr [0x32ed]
323F  a28032         mov byte ptr [0x3280], al
3242  a0ee32         mov al, byte ptr [0x32ee]
3245  a28132         mov byte ptr [0x3281], al
3248  eb62           jmp 0x32ac
324A  db 90
L324B:
324B  c606813201     mov byte ptr [0x3281], 1
3250  8bc3           mov ax, bx
3252  b103           mov cl, 3
3254  d3e0           shl ax, cl
3256  39067d32       cmp word ptr [0x327d], ax
325A  740d           je 0x3269
325C  b201           mov dl, 1
325E  7202           jb 0x3262
3260  b2ff           mov dl, 0xff
L3262:
3262  88168032       mov byte ptr [0x3280], dl
3266  eb44           jmp 0x32ac
3268  db 90
L3269:
3269  c606803200     mov byte ptr [0x3280], 0
326E  803e7f32a5     cmp byte ptr [0x327f], 0xa5
3273  7537           jne 0x32ac
3275  c606813200     mov byte ptr [0x3281], 0
327A  833e7a3206     cmp word ptr [0x327a], 6
327F  7407           je 0x3288
3281  833e7a3212     cmp word ptr [0x327a], 0x12
3286  7524           jne 0x32ac
L3288:
3288  53             push bx
3289  bee831         mov si, 0x31e8
328C  8b3e8232       mov di, word ptr [0x3282]
3290  b9021e         mov cx, 0x1e02
3293  b800b8         mov ax, 0xb800
3296  8ec0           mov es, ax
3298  e802fb         call 0x2d9d
329B  5b             pop bx
329C  fe8f8e32       dec byte ptr [bx + 0x328e]
32A0  8a878e32       mov al, byte ptr [bx + 0x328e]
32A4  e8d801         call 0x347f
32A7  c606863201     mov byte ptr [0x3286], 1
L32AC:
32AC  8b0e7d32       mov cx, word ptr [0x327d]
32B0  8a167f32       mov dl, byte ptr [0x327f]
32B4  890eef32       mov word ptr [0x32ef], cx
32B8  8816f132       mov byte ptr [0x32f1], dl
32BC  803e803201     cmp byte ptr [0x3280], 1
32C1  7217           jb 0x32da
32C3  750e           jne 0x32d3
32C5  83c108         add cx, 8
32C8  81f93101       cmp cx, 0x131
32CC  720c           jb 0x32da
32CE  b93001         mov cx, 0x130
32D1  eb07           jmp 0x32da
L32D3:
32D3  83e908         sub cx, 8
32D6  7302           jae 0x32da
32D8  2bc9           sub cx, cx
L32DA:
32DA  81e1f8ff       and cx, 0xfff8
32DE  890e7d32       mov word ptr [0x327d], cx
32E2  803e813201     cmp byte ptr [0x3281], 1
32E7  7215           jb 0x32fe
32E9  750c           jne 0x32f7
32EB  80c202         add dl, 2
32EE  80faa6         cmp dl, 0xa6
32F1  720b           jb 0x32fe
32F3  b2a5           mov dl, 0xa5
32F5  eb07           jmp 0x32fe
L32F7:
32F7  80ea02         sub dl, 2
32FA  7302           jae 0x32fe
32FC  2ad2           sub dl, dl
L32FE:
32FE  88167f32       mov byte ptr [0x327f], dl
3302  e8abf9         call 0x2cb0
3305  a38432         mov word ptr [0x3284], ax
3308  e8af00         call 0x33ba
330B  731b           jae 0x3328
L330D:
330D  c606803200     mov byte ptr [0x3280], 0
3312  c606813200     mov byte ptr [0x3281], 0
3317  8b0eef32       mov cx, word ptr [0x32ef]
331B  890e7d32       mov word ptr [0x327d], cx
331F  8a16f132       mov dl, byte ptr [0x32f1]
3323  88167f32       mov byte ptr [0x327f], dl
3327  c3             ret 
L3328:
3328  e8b5ee         call 0x21e0
332B  72e0           jb 0x330d
332D  e87000         call 0x33a0
3330  83067a3202     add word ptr [0x327a], 2
3335  e80100         call 0x3339
3338  c3             ret 

;======================================================================
proc_3339:
3339  8b1e7a32       mov bx, word ptr [0x327a]
333D  8b876032       mov ax, word ptr [bx + 0x3260]
3341  3d0000         cmp ax, 0
3344  7505           jne 0x334b
3346  a37a32         mov word ptr [0x327a], ax
3349  ebee           jmp 0x3339
L334B:
334B  8bf0           mov si, ax
334D  8b3e8432       mov di, word ptr [0x3284]
3351  893e8232       mov word ptr [0x3282], di
3355  bde831         mov bp, 0x31e8
3358  b800b8         mov ax, 0xb800
335B  8ec0           mov es, ax
335D  b9021e         mov cx, 0x1e02
3360  c606863200     mov byte ptr [0x3286], 0
3365  fc             cld 
3366  882e8932       mov byte ptr [0x3289], ch
336A  2aed           sub ch, ch
336C  890e8732       mov word ptr [0x3287], cx
L3370:
3370  8b0e8732       mov cx, word ptr [0x3287]
L3374:
3374  268b1d         mov bx, word ptr es:[di]
3377  3e895e00       mov word ptr ds:[bp], bx
337B  ad             lodsw ax, word ptr [si]
337C  0bc3           or ax, bx
337E  ab             stosw word ptr es:[di], ax
337F  83c502         add bp, 2
3382  e2f0           loop 0x3374
3384  2b3e8732       sub di, word ptr [0x3287]
3388  2b3e8732       sub di, word ptr [0x3287]
338C  81f70020       xor di, 0x2000
3390  f7c70020       test di, 0x2000
3394  7503           jne 0x3399
3396  83c750         add di, 0x50
L3399:
3399  fe0e8932       dec byte ptr [0x3289]
339D  75d1           jne 0x3370
339F  c3             ret 

;======================================================================
proc_33A0:
33A0  803e863200     cmp byte ptr [0x3286], 0
33A5  7512           jne 0x33b9
33A7  b800b8         mov ax, 0xb800
33AA  8ec0           mov es, ax
33AC  bee831         mov si, 0x31e8
33AF  8b3e8232       mov di, word ptr [0x3282]
33B3  b9021e         mov cx, 0x1e02
33B6  e8e4f9         call 0x2d9d
L33B9:
33B9  c3             ret 

;======================================================================
proc_33BA:
33BA  803eb81c00     cmp byte ptr [0x1cb8], 0
33BF  7542           jne 0x3403
33C1  833e040006     cmp word ptr [4], 6
33C6  750b           jne 0x33d3
33C8  803ebd4400     cmp byte ptr [0x44bd], 0
33CD  7404           je 0x33d3
33CF  e8de13         call 0x47b0
33D2  c3             ret 
L33D3:
33D3  a17d32         mov ax, word ptr [0x327d]
33D6  8a167f32       mov dl, byte ptr [0x327f]
33DA  be1000         mov si, 0x10
33DD  8b1e7905       mov bx, word ptr [0x579]
33E1  8a367b05       mov dh, byte ptr [0x57b]
33E5  bf1800         mov di, 0x18
33E8  b91e0e         mov cx, 0xe1e
33EB  e83bfa         call 0x2e29
33EE  7313           jae 0x3403
33F0  833e040004     cmp word ptr [4], 4
33F5  7507           jne 0x33fe
33F7  803ee13900     cmp byte ptr [0x39e1], 0
33FC  7503           jne 0x3401
L33FE:
33FE  e871d4         call 0x872
L3401:
3401  f9             stc 
3402  c3             ret 
L3403:
3403  f8             clc 
3404  c3             ret 

;======================================================================
proc_3405:
3405  fc             cld 
3406  2bc0           sub ax, ax
3408  1e             push ds
3409  07             pop es
340A  bf8e32         mov di, 0x328e
340D  b91400         mov cx, 0x14
3410  f3ab           rep stosw word ptr es:[di], ax
3412  c706b632ff00   mov word ptr [0x32b6], 0xff
3418  c7067a320000   mov word ptr [0x327a], 0
341E  c7067d320000   mov word ptr [0x327d], 0
3424  c6067f32a0     mov byte ptr [0x327f], 0xa0
3429  c606863201     mov byte ptr [0x3286], 1
342E  c606803200     mov byte ptr [0x3280], 0
3433  c606813200     mov byte ptr [0x3281], 0
3438  e8c2f9         call 0x2dfd
343B  8816eb32       mov byte ptr [0x32eb], dl
343F  c606ea326c     mov byte ptr [0x32ea], 0x6c
3444  c3             ret 

;======================================================================
proc_3445:
3445  803e7b05b4     cmp byte ptr [0x57b], 0xb4
344A  7232           jb 0x347e
344C  803e6e0500     cmp byte ptr [0x56e], 0
3451  742b           je 0x347e
3453  a17905         mov ax, word ptr [0x579]
3456  050c00         add ax, 0xc
3459  b103           mov cl, 3
345B  d3e8           shr ax, cl
345D  3d2700         cmp ax, 0x27
3460  771c           ja 0x347e
3462  3b06b632       cmp ax, word ptr [0x32b6]
3466  7416           je 0x347e
3468  a3b632         mov word ptr [0x32b6], ax
346B  8bd8           mov bx, ax
346D  8a878e32       mov al, byte ptr [bx + 0x328e]
3471  3c04           cmp al, 4
3473  7309           jae 0x347e
3475  fec0           inc al
3477  88878e32       mov byte ptr [bx + 0x328e], al
347B  e80100         call 0x347f
L347E:
347E  c3             ret 

;======================================================================
proc_347F:
347F  b40a           mov ah, 0xa
3481  f6e4           mul ah
3483  05b832         add ax, 0x32b8
3486  8bf0           mov si, ax
3488  8bfb           mov di, bx
348A  d1e7           shl di, 1
348C  81c7001e       add di, 0x1e00
3490  b800b8         mov ax, 0xb800
3493  8ec0           mov es, ax
3495  b90105         mov cx, 0x501
3498  e802f9         call 0x2d9d
349B  c3             ret 
349C  db 00 00 00 00

;======================================================================
proc_34A0:
34A0  c70611350000   mov word ptr [0x3511], 0
34A6  c6061b3500     mov byte ptr [0x351b], 0
L34AB:
34AB  8b1e1135       mov bx, word ptr [0x3511]
34AF  80bfa73400     cmp byte ptr [bx + 0x34a7], 0
34B4  7403           je 0x34b9
L34B6:
34B6  e9f400         jmp 0x35ad
L34B9:
34B9  8bf3           mov si, bx
34BB  d1e6           shl si, 1
34BD  8b844734       mov ax, word ptr [si + 0x3447]
34C1  8a977734       mov dl, byte ptr [bx + 0x3477]
34C5  bf0000         mov di, 0
34C8  83fb0c         cmp bx, 0xc
34CB  7203           jb 0x34d0
34CD  bf0200         mov di, 2
L34D0:
34D0  8bb51335       mov si, word ptr [di + 0x3513]
34D4  8b8d1735       mov cx, word ptr [di + 0x3517]
34D8  8b1e7905       mov bx, word ptr [0x579]
34DC  8a367b05       mov dh, byte ptr [0x57b]
34E0  bf1800         mov di, 0x18
34E3  b50e           mov ch, 0xe
34E5  e841f9         call 0x2e29
34E8  73cc           jae 0x34b6
34EA  8b1e1135       mov bx, word ptr [0x3511]
34EE  83fb0c         cmp bx, 0xc
34F1  727c           jb 0x356f
34F3  803e530500     cmp byte ptr [0x553], 0
34F8  7575           jne 0x356f
34FA  803ef30500     cmp byte ptr [0x5f3], 0
34FF  756e           jne 0x356f
3501  c606520501     mov byte ptr [0x552], 1
3506  8b0e7905       mov cx, word ptr [0x579]
350A  83e908         sub cx, 8
350D  7302           jae 0x3511
350F  2bc9           sub cx, cx
L3511:
3511  81f91701       cmp cx, 0x117
3515  7203           jb 0x351a
3517  b91601         mov cx, 0x116
L351A:
351A  8a167b05       mov dl, byte ptr [0x57b]
351E  80fab5         cmp dl, 0xb5
3521  7202           jb 0x3525
3523  b2b4           mov dl, 0xb4
L3525:
3525  e888f7         call 0x2cb0
3528  8bf8           mov di, ax
352A  be5033         mov si, 0x3350
352D  b800b8         mov ax, 0xb800
3530  8ec0           mov es, ax
3532  b90512         mov cx, 0x1205
3535  e865f8         call 0x2d9d
3538  e85c22         call 0x5797
353B  2ae4           sub ah, ah
353D  cd1a           int 0x1a
353F  89160935       mov word ptr [0x3509], dx
L3543:
3543  52             push dx
L3544:
3544  e85f22         call 0x57a6
3547  e88ede         call 0x13d8
354A  74f8           je 0x3544
354C  e85722         call 0x57a6
354F  5a             pop dx
3550  bb0100         mov bx, 1
3553  f6c201         test dl, 1
3556  7502           jne 0x355a
3558  b30f           mov bl, 0xf
L355A:
355A  b40b           mov ah, 0xb
355C  cd10           int 0x10
355E  e84522         call 0x57a6
3561  2ae4           sub ah, ah
3563  cd1a           int 0x1a
3565  2b160935       sub dx, word ptr [0x3509]
3569  83fa0d         cmp dx, 0xd
356C  72d5           jb 0x3543
356E  c3             ret 
L356F:
356F  fe061b35       inc byte ptr [0x351b]
3573  b8dc05         mov ax, 0x5dc
3576  bb2504         mov bx, 0x425
3579  e8bf23         call 0x593b
357C  803e1b3501     cmp byte ptr [0x351b], 1
3581  7503           jne 0x3586
3583  e85ddc         call 0x11e3
L3586:
3586  8b1e1135       mov bx, word ptr [0x3511]
358A  e83402         call 0x37c1
358D  8b1e1135       mov bx, word ptr [0x3511]
3591  c687a73401     mov byte ptr [bx + 0x34a7], 1
3596  83fb0c         cmp bx, 0xc
3599  7312           jae 0x35ad
359B  fe0e1034       dec byte ptr [0x3410]
359F  750c           jne 0x35ad
35A1  803ef30500     cmp byte ptr [0x5f3], 0
35A6  7505           jne 0x35ad
35A8  c606530501     mov byte ptr [0x553], 1
L35AD:
35AD  ff061135       inc word ptr [0x3511]
35B1  833e113518     cmp word ptr [0x3511], 0x18
35B6  7303           jae 0x35bb
35B8  e9f0fe         jmp 0x34ab
L35BB:
35BB  803e1b3500     cmp byte ptr [0x351b], 0
35C0  7405           je 0x35c7
35C2  e87800         call 0x363d
35C5  f9             stc 
35C6  c3             ret 
L35C7:
35C7  f8             clc 
35C8  c3             ret 

;======================================================================
proc_35C9:
35C9  c70611340000   mov word ptr [0x3411], 0
35CF  c70615340000   mov word ptr [0x3415], 0
35D5  c60610340c     mov byte ptr [0x3410], 0xc
35DA  b91800         mov cx, 0x18
L35DD:
35DD  8bd9           mov bx, cx
35DF  4b             dec bx
35E0  c6878f3401     mov byte ptr [bx + 0x348f], 1
35E5  c687a73400     mov byte ptr [bx + 0x34a7], 0
35EA  8a87f134       mov al, byte ptr [bx + 0x34f1]
35EE  88877734       mov byte ptr [bx + 0x3477], al
35F2  c6872f3401     mov byte ptr [bx + 0x342f], 1
35F7  e803f8         call 0x2dfd
35FA  80e201         and dl, 1
35FD  7502           jne 0x3601
35FF  f6d2           not dl
L3601:
3601  88971734       mov byte ptr [bx + 0x3417], dl
3605  d1e3           shl bx, 1
3607  e8f3f7         call 0x2dfd
360A  2af6           sub dh, dh
360C  89974734       mov word ptr [bx + 0x3447], dx
3610  e2cb           loop 0x35dd
3612  8b1e0800       mov bx, word ptr [8]
3616  8a8f1c35       mov cl, byte ptr [bx + 0x351c]
361A  2aed           sub ch, ch
L361C:
361C  e8def7         call 0x2dfd
361F  80e20f         and dl, 0xf
3622  80fa0c         cmp dl, 0xc
3625  73f5           jae 0x361c
3627  8ada           mov bl, dl
3629  80c30c         add bl, 0xc
362C  2aff           sub bh, bh
362E  80bfa73400     cmp byte ptr [bx + 0x34a7], 0
3633  75e7           jne 0x361c
3635  c687a73401     mov byte ptr [bx + 0x34a7], 1
363A  e2e0           loop 0x361c
363C  c3             ret 

;======================================================================
proc_363D:
363D  b90c00         mov cx, 0xc
L3640:
3640  8bd9           mov bx, cx
3642  83c30b         add bx, 0xb
3645  80bfa73400     cmp byte ptr [bx + 0x34a7], 0
364A  7426           je 0x3672
364C  2bc0           sub ax, ax
364E  b201           mov dl, 1
3650  8887a734       mov byte ptr [bx + 0x34a7], al
3654  813e7905a000   cmp word ptr [0x579], 0xa0
365A  7705           ja 0x3661
365C  b82e01         mov ax, 0x12e
365F  b2ff           mov dl, 0xff
L3661:
3661  88971734       mov byte ptr [bx + 0x3417], dl
3665  d0e3           shl bl, 1
3667  89874734       mov word ptr [bx + 0x3447], ax
366B  fe0e1b35       dec byte ptr [0x351b]
366F  75cc           jne 0x363d
3671  c3             ret 
L3672:
3672  e2cc           loop 0x3640
3674  c3             ret 

;======================================================================
proc_3675:
3675  2ae4           sub ah, ah
3677  cd1a           int 0x1a
3679  3b160935       cmp dx, word ptr [0x3509]
367D  7501           jne 0x3680
L367F:
367F  c3             ret 
L3680:
3680  89160b35       mov word ptr [0x350b], dx
3684  ff061534       inc word ptr [0x3415]
3688  8b1e1534       mov bx, word ptr [0x3415]
368C  83fb18         cmp bx, 0x18
368F  7213           jb 0x36a4
3691  2bdb           sub bx, bx
3693  891e1534       mov word ptr [0x3415], bx
3697  813611340c00   xor word ptr [0x3411], 0xc
369D  8306133408     add word ptr [0x3413], 8
36A2  eb13           jmp 0x36b7
L36A4:
36A4  83fb0c         cmp bx, 0xc
36A7  7514           jne 0x36bd
36A9  803e9706fd     cmp byte ptr [0x697], 0xfd
36AE  7507           jne 0x36b7
36B0  803e7b0530     cmp byte ptr [0x57b], 0x30
36B5  7206           jb 0x36bd
L36B7:
36B7  a10b35         mov ax, word ptr [0x350b]
36BA  a30935         mov word ptr [0x3509], ax
L36BD:
36BD  8bf3           mov si, bx
36BF  d1e6           shl si, 1
36C1  80bfa73400     cmp byte ptr [bx + 0x34a7], 0
36C6  75b7           jne 0x367f
36C8  e832f7         call 0x2dfd
36CB  80fa10         cmp dl, 0x10
36CE  7719           ja 0x36e9
36D0  80e201         and dl, 1
36D3  7502           jne 0x36d7
36D5  f6d2           not dl
L36D7:
36D7  88971734       mov byte ptr [bx + 0x3417], dl
36DB  e81ff7         call 0x2dfd
36DE  80e201         and dl, 1
36E1  7502           jne 0x36e5
36E3  f6d2           not dl
L36E5:
36E5  88972f34       mov byte ptr [bx + 0x342f], dl
L36E9:
36E9  b90400         mov cx, 4
36EC  83fb0c         cmp bx, 0xc
36EF  7202           jb 0x36f3
36F1  d0e9           shr cl, 1
L36F3:
36F3  8b844734       mov ax, word ptr [si + 0x3447]
36F7  80bf173401     cmp byte ptr [bx + 0x3417], 1
36FC  740d           je 0x370b
36FE  2bc1           sub ax, cx
3700  7318           jae 0x371a
3702  2bc0           sub ax, ax
3704  c687173401     mov byte ptr [bx + 0x3417], 1
3709  eb0f           jmp 0x371a
L370B:
370B  03c1           add ax, cx
370D  3d2f01         cmp ax, 0x12f
3710  7208           jb 0x371a
3712  b82e01         mov ax, 0x12e
3715  c6871734ff     mov byte ptr [bx + 0x3417], 0xff
L371A:
371A  89844734       mov word ptr [si + 0x3447], ax
371E  8a877734       mov al, byte ptr [bx + 0x3477]
3722  80bf2f3401     cmp byte ptr [bx + 0x342f], 1
3727  7413           je 0x373c
3729  fec8           dec al
372B  3a87f134       cmp al, byte ptr [bx + 0x34f1]
372F  731f           jae 0x3750
3731  8a87f134       mov al, byte ptr [bx + 0x34f1]
3735  c6872f3401     mov byte ptr [bx + 0x342f], 1
373A  eb14           jmp 0x3750
L373C:
373C  fec0           inc al
373E  8a97f134       mov dl, byte ptr [bx + 0x34f1]
3742  80c218         add dl, 0x18
3745  3ac2           cmp al, dl
3747  7607           jbe 0x3750
3749  8ac2           mov al, dl
374B  c6872f34ff     mov byte ptr [bx + 0x342f], 0xff
L3750:
3750  88877734       mov byte ptr [bx + 0x3477], al
3754  8ad0           mov dl, al
3756  8b8c4734       mov cx, word ptr [si + 0x3447]
375A  e853f5         call 0x2cb0
375D  a3ef34         mov word ptr [0x34ef], ax
3760  8b1e1534       mov bx, word ptr [0x3415]
3764  e85a00         call 0x37c1
3767  8b1e1534       mov bx, word ptr [0x3415]
376B  8bf3           mov si, bx
376D  d1e6           shl si, 1
376F  8b3eef34       mov di, word ptr [0x34ef]
3773  89bcbf34       mov word ptr [si + 0x34bf], di
3777  c6878f3400     mov byte ptr [bx + 0x348f], 0
377C  b800b8         mov ax, 0xb800
377F  8ec0           mov es, ax
3781  83fb0c         cmp bx, 0xc
3784  7219           jb 0x379f
3786  8bf3           mov si, bx
3788  b103           mov cl, 3
378A  d3e6           shl si, cl
378C  03361334       add si, word ptr [0x3413]
3790  81e61800       and si, 0x18
3794  81c63033       add si, 0x3330
3798  b90202         mov cx, 0x202
379B  e8fff5         call 0x2d9d
379E  c3             ret 
L379F:
379F  8b361134       mov si, word ptr [0x3411]
37A3  f6c301         test bl, 1
37A6  7504           jne 0x37ac
37A8  81f60c00       xor si, 0xc
L37AC:
37AC  80bf173401     cmp byte ptr [bx + 0x3417], 1
37B1  7403           je 0x37b6
37B3  83c618         add si, 0x18
L37B6:
37B6  81c60033       add si, 0x3300
37BA  b90106         mov cx, 0x601
37BD  e8ddf5         call 0x2d9d
37C0  c3             ret 

;======================================================================
proc_37C1:
37C1  80bf8f3400     cmp byte ptr [bx + 0x348f], 0
37C6  751c           jne 0x37e4
37C8  d1e3           shl bx, 1
37CA  be0434         mov si, 0x3404
37CD  8bbfbf34       mov di, word ptr [bx + 0x34bf]
37D1  b800b8         mov ax, 0xb800
37D4  8ec0           mov es, ax
37D6  b90106         mov cx, 0x601
37D9  83fb18         cmp bx, 0x18
37DC  7203           jb 0x37e1
37DE  b90202         mov cx, 0x202
L37E1:
37E1  e8b9f5         call 0x2d9d
L37E4:
37E4  c3             ret 

;======================================================================
proc_37E5:
37E5  2ae4           sub ah, ah
37E7  cd1a           int 0x1a
37E9  8bc2           mov ax, dx
37EB  2b060f35       sub ax, word ptr [0x350f]
37EF  3d0800         cmp ax, 8
37F2  7256           jb 0x384a
37F4  ff060d35       inc word ptr [0x350d]
37F8  8b1e0d35       mov bx, word ptr [0x350d]
37FC  83fb28         cmp bx, 0x28
37FF  720a           jb 0x380b
3801  2bdb           sub bx, bx
3803  891e0d35       mov word ptr [0x350d], bx
3807  89160f35       mov word ptr [0x350f], dx
L380B:
380B  8bfb           mov di, bx
380D  d1e7           shl di, 1
380F  803e7b0507     cmp byte ptr [0x57b], 7
3814  7713           ja 0x3829
3816  a17905         mov ax, word ptr [0x579]
3819  b102           mov cl, 2
381B  d3e8           shr ax, cl
381D  40             inc ax
381E  2bc7           sub ax, di
3820  7302           jae 0x3824
3822  f7d0           not ax
L3824:
3824  3d0400         cmp ax, 4
3827  7221           jb 0x384a
L3829:
3829  81c7a000       add di, 0xa0
382D  8a875626       mov al, byte ptr [bx + 0x2656]
3831  0408           add al, 8
3833  88875626       mov byte ptr [bx + 0x2656], al
3837  251800         and ax, 0x18
383A  052020         add ax, 0x2020
383D  8bf0           mov si, ax
383F  b800b8         mov ax, 0xb800
3842  8ec0           mov es, ax
3844  b90104         mov cx, 0x401
3847  e853f5         call 0x2d9d
L384A:
384A  c3             ret 
384B  db 00 00 00 00 00

;======================================================================
proc_3850:
3850  2ae4           sub ah, ah
3852  cd1a           int 0x1a
3854  8bc2           mov ax, dx
3856  2b06da35       sub ax, word ptr [0x35da]
385A  3d0600         cmp ax, 6
385D  7301           jae 0x3860
385F  c3             ret 
L3860:
3860  8916da35       mov word ptr [0x35da], dx
3864  8306d83502     add word ptr [0x35d8], 2
3869  8b1ed835       mov bx, word ptr [0x35d8]
386D  81e30600       and bx, 6
3871  8bb7d035       mov si, word ptr [bx + 0x35d0]
3875  bfc915         mov di, 0x15c9
3878  b800b8         mov ax, 0xb800
387B  8ec0           mov es, ax
387D  b9020a         mov cx, 0xa02
3880  e81af5         call 0x2d9d
3883  b8e400         mov ax, 0xe4
3886  b28a           mov dl, 0x8a
3888  be1000         mov si, 0x10
388B  8b1e7905       mov bx, word ptr [0x579]
388F  8a367b05       mov dh, byte ptr [0x57b]
3893  bf1800         mov di, 0x18
3896  b90a0e         mov cx, 0xe0a
3899  e88df5         call 0x2e29
389C  7305           jae 0x38a3
389E  c606540501     mov byte ptr [0x554], 1
L38A3:
38A3  c3             ret 
38A4  db 00 00 00 00 00 00 00 00 00 00 00 00

;======================================================================
proc_38B0:
38B0  833e060007     cmp word ptr [6], 7
38B5  7503           jne 0x38ba
38B7  eb1a           jmp 0x38d3
38B9  db 90
L38BA:
38BA  ff061404       inc word ptr [0x414]
38BE  c606180401     mov byte ptr [0x418], 1
38C3  baaaaa         mov dx, 0xaaaa
38C6  e8cd01         call 0x3a96
38C9  2bc0           sub ax, ax
38CB  c6069f3600     mov byte ptr [0x369f], 0
38D0  e8d901         call 0x3aac
L38D3:
38D3  2ae4           sub ah, ah
38D5  cd1a           int 0x1a
38D7  833e060007     cmp word ptr [6], 7
38DC  7511           jne 0x38ef
38DE  2b161204       sub dx, word ptr [0x412]
38E2  b8302a         mov ax, 0x2a30
38E5  2bc2           sub ax, dx
38E7  7302           jae 0x38eb
38E9  2bc0           sub ax, ax
L38EB:
38EB  d1e8           shr ax, 1
38ED  eb1f           jmp 0x390e
L38EF:
38EF  2b161004       sub dx, word ptr [0x410]
38F3  b84605         mov ax, 0x546
38F6  833e060006     cmp word ptr [6], 6
38FB  7502           jne 0x38ff
38FD  d1e0           shl ax, 1
L38FF:
38FF  2bc2           sub ax, dx
3901  7302           jae 0x3905
3903  2bc0           sub ax, ax
L3905:
3905  833e060006     cmp word ptr [6], 6
390A  7402           je 0x390e
390C  d1e0           shl ax, 1
L390E:
390E  a39736         mov word ptr [0x3697], ax
3911  e8e001         call 0x3af4
3914  8b1e0600       mov bx, word ptr [6]
3918  d0e3           shl bl, 1
391A  8bb7cc36       mov si, word ptr [bx + 0x36cc]
391E  bf8d36         mov di, 0x368d
3921  e8faed         call 0x271e
3924  833e060007     cmp word ptr [6], 7
3929  7543           jne 0x396e
392B  8b1e0800       mov bx, word ptr [8]
392F  d0e3           shl bl, 1
3931  8bc3           mov ax, bx
3933  8b8fdc36       mov cx, word ptr [bx + 0x36dc]
3937  833e8d2e08     cmp word ptr [0x2e8d], 8
393C  7305           jae 0x3943
393E  d1e1           shl cx, 1
3940  051000         add ax, 0x10
L3943:
3943  a30c37         mov word ptr [0x370c], ax
L3946:
3946  be8d36         mov si, 0x368d
3949  bf821f         mov di, 0x1f82
394C  51             push cx
394D  e8ceed         call 0x271e
3950  59             pop cx
3951  e2f3           loop 0x3946
3953  e8a400         call 0x39fa
3956  c6069e3638     mov byte ptr [0x369e], 0x38
395B  c606993601     mov byte ptr [0x3699], 1
3960  c70622374400   mov word ptr [0x3722], 0x44
3966  e8d100         call 0x3a3a
3969  e80001         call 0x3a6c
396C  eb39           jmp 0x39a7
L396E:
396E  be8d36         mov si, 0x368d
3971  bf821f         mov di, 0x1f82
3974  e8a7ed         call 0x271e
3977  c606993602     mov byte ptr [0x3699], 2
397C  c70622371e00   mov word ptr [0x3722], 0x1e
3982  baffff         mov dx, 0xffff
3985  e80e01         call 0x3a96
3988  b88c0a         mov ax, 0xa8c
398B  2b069736       sub ax, word ptr [0x3697]
398F  b104           mov cl, 4
3991  d3e8           shr ax, cl
3993  24f0           and al, 0xf0
3995  a29e36         mov byte ptr [0x369e], al
3998  b428           mov ah, 0x28
399A  f6e4           mul ah
399C  c6069f3601     mov byte ptr [0x369f], 1
39A1  e80801         call 0x3aac
39A4  e89300         call 0x3a3a
L39A7:
39A7  2ae4           sub ah, ah
39A9  cd1a           int 0x1a
39AB  89169536       mov word ptr [0x3695], dx
L39AF:
39AF  833e060007     cmp word ptr [6], 7
39B4  7505           jne 0x39bb
39B6  e8aa21         call 0x5b63
39B9  eb03           jmp 0x39be
L39BB:
39BB  e8771e         call 0x5835
L39BE:
39BE  e85b00         call 0x3a1c
39C1  2b169536       sub dx, word ptr [0x3695]
39C5  3b162237       cmp dx, word ptr [0x3722]
39C9  72e4           jb 0x39af
39CB  2bdb           sub bx, bx
39CD  b40b           mov ah, 0xb
39CF  cd10           int 0x10
39D1  833e060007     cmp word ptr [6], 7
39D6  7404           je 0x39dc
39D8  e84621         call 0x5b21
39DB  c3             ret 
L39DC:
39DC  b800b8         mov ax, 0xb800
39DF  8ec0           mov es, ax
39E1  be0e00         mov si, 0xe
39E4  bfe408         mov di, 0x8e4
39E7  b90408         mov cx, 0x804
39EA  e8b0f3         call 0x2d9d
39ED  be4e00         mov si, 0x4e
39F0  bf940c         mov di, 0xc94
39F3  b91408         mov cx, 0x814
39F6  e8a4f3         call 0x2d9d
39F9  c3             ret 

;======================================================================
proc_39FA:
39FA  1e             push ds
39FB  07             pop es
39FC  b800b8         mov ax, 0xb800
39FF  8ed8           mov ds, ax
3A01  b90408         mov cx, 0x804
3A04  bf0e00         mov di, 0xe
3A07  bee408         mov si, 0x8e4
3A0A  e8bdf3         call 0x2dca
3A0D  b91408         mov cx, 0x814
3A10  bf4e00         mov di, 0x4e
3A13  be940c         mov si, 0xc94
3A16  e8b1f3         call 0x2dca
3A19  06             push es
3A1A  1f             pop ds
3A1B  c3             ret 

;======================================================================
proc_3A1C:
3A1C  2ae4           sub ah, ah
3A1E  cd1a           int 0x1a
3A20  52             push dx
L3A21:
3A21  e8b4d9         call 0x13d8
3A24  74fb           je 0x3a21
3A26  5a             pop dx
3A27  52             push dx
3A28  2bdb           sub bx, bx
3A2A  f7c20400       test dx, 4
3A2E  7504           jne 0x3a34
3A30  8a1e9936       mov bl, byte ptr [0x3699]
L3A34:
3A34  b40b           mov ah, 0xb
3A36  cd10           int 0x10
3A38  5a             pop dx
3A39  c3             ret 

;======================================================================
proc_3A3A:
3A3A  b402           mov ah, 2
3A3C  8a369e36       mov dh, byte ptr [0x369e]
3A40  b103           mov cl, 3
3A42  d2ee           shr dh, cl
3A44  b212           mov dl, 0x12
3A46  2aff           sub bh, bh
3A48  cd10           int 0x10
3A4A  c706a0360300   mov word ptr [0x36a0], 3
L3A50:
3A50  8b1ea036       mov bx, word ptr [0x36a0]
3A54  8a878d36       mov al, byte ptr [bx + 0x368d]
3A58  0430           add al, 0x30
3A5A  b40e           mov ah, 0xe
3A5C  b303           mov bl, 3
3A5E  cd10           int 0x10
3A60  ff06a036       inc word ptr [0x36a0]
3A64  833ea03607     cmp word ptr [0x36a0], 7
3A69  72e5           jb 0x3a50
3A6B  c3             ret 

;======================================================================
proc_3A6C:
3A6C  b402           mov ah, 2
3A6E  b20a           mov dl, 0xa
3A70  8af2           mov dh, dl
3A72  2bdb           sub bx, bx
3A74  cd10           int 0x10
3A76  8b1e0c37       mov bx, word ptr [0x370c]
3A7A  8b87ec36       mov ax, word ptr [bx + 0x36ec]
3A7E  a32037         mov word ptr [0x3720], ax
3A81  2bdb           sub bx, bx
L3A83:
3A83  b40e           mov ah, 0xe
3A85  8a870e37       mov al, byte ptr [bx + 0x370e]
3A89  53             push bx
3A8A  b303           mov bl, 3
3A8C  cd10           int 0x10
3A8E  5b             pop bx
3A8F  43             inc bx
3A90  83fb14         cmp bx, 0x14
3A93  72ee           jb 0x3a83
3A95  c3             ret 

;======================================================================
proc_3A96:
3A96  fc             cld 
3A97  b81000         mov ax, 0x10
3A9A  8ec0           mov es, ax
3A9C  bf0e00         mov di, 0xe
3A9F  bee035         mov si, 0x35e0
3AA2  b91e00         mov cx, 0x1e
L3AA5:
3AA5  ad             lodsw ax, word ptr [si]
3AA6  23c2           and ax, dx
3AA8  ab             stosw word ptr es:[di], ax
3AA9  e2fa           loop 0x3aa5
3AAB  c3             ret 

;======================================================================
proc_3AAC:
3AAC  a39a36         mov word ptr [0x369a], ax
3AAF  b800b8         mov ax, 0xb800
3AB2  8ec0           mov es, ax
3AB4  e8721d         call 0x5829
3AB7  b8801b         mov ax, 0x1b80
L3ABA:
3ABA  bb1c36         mov bx, 0x361c
3ABD  a39c36         mov word ptr [0x369c], ax
3AC0  e861f0         call 0x2b24
3AC3  803e9f3600     cmp byte ptr [0x369f], 0
3AC8  7418           je 0x3ae2
3ACA  e89c1d         call 0x5869
3ACD  2ae4           sub ah, ah
3ACF  cd1a           int 0x1a
3AD1  89169536       mov word ptr [0x3695], dx
L3AD5:
3AD5  2ae4           sub ah, ah
3AD7  cd1a           int 0x1a
3AD9  2b169536       sub dx, word ptr [0x3695]
3ADD  83fa02         cmp dx, 2
3AE0  72f3           jb 0x3ad5
L3AE2:
3AE2  a19c36         mov ax, word ptr [0x369c]
3AE5  2d8002         sub ax, 0x280
3AE8  7206           jb 0x3af0
3AEA  3b069a36       cmp ax, word ptr [0x369a]
3AEE  73ca           jae 0x3aba
L3AF0:
3AF0  e82e20         call 0x5b21
3AF3  c3             ret 

;======================================================================
proc_3AF4:
3AF4  a38b36         mov word ptr [0x368b], ax
3AF7  2bc0           sub ax, ax
3AF9  a38d36         mov word ptr [0x368d], ax
3AFC  a38f36         mov word ptr [0x368f], ax
3AFF  a39136         mov word ptr [0x3691], ax
3B02  a39336         mov word ptr [0x3693], ax
3B05  bb8436         mov bx, 0x3684
3B08  ba0010         mov dx, 0x1000
L3B0B:
3B0B  85168b36       test word ptr [0x368b], dx
3B0F  7408           je 0x3b19
3B11  8bf3           mov si, bx
3B13  bf8d36         mov di, 0x368d
3B16  e805ec         call 0x271e
L3B19:
3B19  83eb07         sub bx, 7
3B1C  d1ea           shr dx, 1
3B1E  73eb           jae 0x3b0b
3B20  c3             ret 
3B21  db 00 00 00 00 00 00 00 00 00 00 00 00 00 00 00

;======================================================================
proc_3B30:
3B30  c606af3703     mov byte ptr [0x37af], 3
3B35  b80100         mov ax, 1
3B38  a3b037         mov word ptr [0x37b0], ax
3B3B  a3b237         mov word ptr [0x37b2], ax
3B3E  a3b437         mov word ptr [0x37b4], ax
3B41  c3             ret 

;======================================================================
proc_3B42:
3B42  2ae4           sub ah, ah
3B44  cd1a           int 0x1a
3B46  3b16b837       cmp dx, word ptr [0x37b8]
3B4A  7501           jne 0x3b4d
3B4C  c3             ret 
L3B4D:
3B4D  8916b837       mov word ptr [0x37b8], dx
3B51  c706b6370400   mov word ptr [0x37b6], 4
L3B57:
3B57  8b1eb637       mov bx, word ptr [0x37b6]
3B5B  83bfb03700     cmp word ptr [bx + 0x37b0], 0
3B60  7439           je 0x3b9b
3B62  8b87a337       mov ax, word ptr [bx + 0x37a3]
3B66  b218           mov dl, 0x18
3B68  be1000         mov si, 0x10
3B6B  8b1e7905       mov bx, word ptr [0x579]
3B6F  8a367b05       mov dh, byte ptr [0x57b]
3B73  bf1800         mov di, 0x18
3B76  b9100e         mov cx, 0xe10
3B79  e8adf2         call 0x2e29
3B7C  731d           jae 0x3b9b
3B7E  b8000c         mov ax, 0xc00
3B81  bbfd08         mov bx, 0x8fd
3B84  e8b41d         call 0x593b
3B87  e859d6         call 0x11e3
3B8A  e8ab02         call 0x3e38
3B8D  8b1eb637       mov bx, word ptr [0x37b6]
3B91  e80f00         call 0x3ba3
3B94  e88dd5         call 0x1124
3B97  e87a02         call 0x3e14
3B9A  c3             ret 
L3B9B:
3B9B  832eb63702     sub word ptr [0x37b6], 2
3BA0  73b5           jae 0x3b57
3BA2  c3             ret 

;======================================================================
proc_3BA3:
3BA3  c787b0370000   mov word ptr [bx + 0x37b0], 0
3BA9  1e             push ds
3BAA  07             pop es
3BAB  fc             cld 
3BAC  b8aaaa         mov ax, 0xaaaa
3BAF  bf0e00         mov di, 0xe
3BB2  8bf7           mov si, di
3BB4  b92000         mov cx, 0x20
3BB7  f3ab           rep stosw word ptr es:[di], ax
3BB9  8bbfa937       mov di, word ptr [bx + 0x37a9]
3BBD  b800b8         mov ax, 0xb800
3BC0  8ec0           mov es, ax
3BC2  b90210         mov cx, 0x1002
3BC5  e8d5f1         call 0x2d9d
3BC8  fe0eaf37       dec byte ptr [0x37af]
3BCC  750c           jne 0x3bda
3BCE  803e520500     cmp byte ptr [0x552], 0
3BD3  7505           jne 0x3bda
3BD5  c606530501     mov byte ptr [0x553], 1
L3BDA:
3BDA  c3             ret 

;======================================================================
proc_3BDB:
3BDB  b800b8         mov ax, 0xb800
3BDE  8ec0           mov es, ax
3BE0  c706a0376a06   mov word ptr [0x37a0], 0x66a
3BE6  b91000         mov cx, 0x10
L3BE9:
3BE9  2bc0           sub ax, ax
3BEB  8bd8           mov bx, ax
L3BED:
3BED  a2a237         mov byte ptr [0x37a2], al
3BF0  2ae4           sub ah, ah
3BF2  053037         add ax, 0x3730
3BF5  8bf0           mov si, ax
3BF7  8b3ea037       mov di, word ptr [0x37a0]
3BFB  03fb           add di, bx
3BFD  51             push cx
3BFE  b90108         mov cx, 0x801
3C01  53             push bx
3C02  e898f1         call 0x2d9d
3C05  5b             pop bx
3C06  59             pop cx
3C07  83c302         add bx, 2
3C0A  83fb1e         cmp bx, 0x1e
3C0D  720f           jb 0x3c1e
3C0F  7504           jne 0x3c15
3C11  b020           mov al, 0x20
3C13  ebd8           jmp 0x3bed
L3C15:
3C15  8106a0374001   add word ptr [0x37a0], 0x140
3C1B  e2cc           loop 0x3be9
3C1D  c3             ret 
L3C1E:
3C1E  803ea23750     cmp byte ptr [0x37a2], 0x50
3C23  7411           je 0x3c36
3C25  f6c101         test cl, 1
3C28  750c           jne 0x3c36
3C2A  e8d0f1         call 0x2dfd
3C2D  80fa40         cmp dl, 0x40
3C30  7204           jb 0x3c36
3C32  b010           mov al, 0x10
3C34  ebb7           jmp 0x3bed
L3C36:
3C36  e8c4f1         call 0x2dfd
3C39  8ac2           mov al, dl
3C3B  2ac3           sub al, bl
3C3D  2430           and al, 0x30
3C3F  0430           add al, 0x30
3C41  ebaa           jmp 0x3bed

;======================================================================
proc_3C43:
3C43  a17905         mov ax, word ptr [0x579]
3C46  25fcff         and ax, 0xfffc
3C49  3da400         cmp ax, 0xa4
3C4C  7231           jb 0x3c7f
3C4E  3d1801         cmp ax, 0x118
3C51  772c           ja 0x3c7f
3C53  8a167b05       mov dl, byte ptr [0x57b]
3C57  80ea02         sub dl, 2
3C5A  80e2f8         and dl, 0xf8
3C5D  f6c208         test dl, 8
3C60  741d           je 0x3c7f
3C62  80fa28         cmp dl, 0x28
3C65  7218           jb 0x3c7f
3C67  80faa0         cmp dl, 0xa0
3C6A  7713           ja 0x3c7f
3C6C  a37905         mov word ptr [0x579], ax
3C6F  80c202         add dl, 2
3C72  88167b05       mov byte ptr [0x57b], dl
3C76  80c232         add dl, 0x32
3C79  88167c05       mov byte ptr [0x57c], dl
3C7D  f9             stc 
3C7E  c3             ret 
L3C7F:
3C7F  f8             clc 
3C80  c3             ret 
3C81  db 00 00 00 00 00 00 00 00 00 00 00 00 00 00 00

;======================================================================
proc_3C90:
3C90  c606663908     mov byte ptr [0x3966], 8
3C95  c6066a3901     mov byte ptr [0x396a], 1
3C9A  c606673900     mov byte ptr [0x3967], 0
3C9F  c6066d3902     mov byte ptr [0x396d], 2
3CA4  c70664391801   mov word ptr [0x3964], 0x118
3CAA  c7066b390000   mov word ptr [0x396b], 0
3CB0  c3             ret 

;======================================================================
proc_3CB1:
3CB1  2ae4           sub ah, ah
3CB3  cd1a           int 0x1a
3CB5  8bc2           mov ax, dx
3CB7  2b06c839       sub ax, word ptr [0x39c8]
3CBB  3d0200         cmp ax, 2
3CBE  7301           jae 0x3cc1
L3CC0:
3CC0  c3             ret 
L3CC1:
3CC1  8916c839       mov word ptr [0x39c8], dx
3CC5  e88a01         call 0x3e52
3CC8  72f6           jb 0x3cc0
3CCA  e8a101         call 0x3e6e
3CCD  7303           jae 0x3cd2
3CCF  e9be00         jmp 0x3d90
L3CD2:
3CD2  8b1e0800       mov bx, word ptr [8]
3CD6  d0e3           shl bl, 1
3CD8  8b87cc39       mov ax, word ptr [bx + 0x39cc]
3CDC  a3c639         mov word ptr [0x39c6], ax
3CDF  a16439         mov ax, word ptr [0x3964]
3CE2  a3c339         mov word ptr [0x39c3], ax
3CE5  8a166639       mov dl, byte ptr [0x3966]
3CE9  8816c539       mov byte ptr [0x39c5], dl
3CED  80fa08         cmp dl, 8
3CF0  7533           jne 0x3d25
3CF2  25f8ff         and ax, 0xfff8
3CF5  8b167905       mov dx, word ptr [0x579]
3CF9  81e2f8ff       and dx, 0xfff8
3CFD  3bc2           cmp ax, dx
3CFF  750c           jne 0x3d0d
3D01  c606673901     mov byte ptr [0x3967], 1
3D06  c6066e3901     mov byte ptr [0x396e], 1
3D0B  eb18           jmp 0x3d25
L3D0D:
3D0D  a16439         mov ax, word ptr [0x3964]
3D10  720a           jb 0x3d1c
3D12  2b06c639       sub ax, word ptr [0x39c6]
3D16  7308           jae 0x3d20
3D18  2bc0           sub ax, ax
3D1A  eb04           jmp 0x3d20
L3D1C:
3D1C  0306c639       add ax, word ptr [0x39c6]
L3D20:
3D20  a36439         mov word ptr [0x3964], ax
3D23  eb54           jmp 0x3d79
L3D25:
3D25  a06639         mov al, byte ptr [0x3966]
3D28  fe066e39       inc byte ptr [0x396e]
3D2C  8a166e39       mov dl, byte ptr [0x396e]
3D30  d0ea           shr dl, 1
3D32  d0ea           shr dl, 1
3D34  80e203         and dl, 3
3D37  80c202         add dl, 2
3D3A  803e673901     cmp byte ptr [0x3967], 1
3D3F  7411           je 0x3d52
3D41  2ac2           sub al, dl
3D43  7204           jb 0x3d49
3D45  3c09           cmp al, 9
3D47  732d           jae 0x3d76
L3D49:
3D49  b008           mov al, 8
3D4B  c606673900     mov byte ptr [0x3967], 0
3D50  eb24           jmp 0x3d76
L3D52:
3D52  02c2           add al, dl
3D54  3a067b05       cmp al, byte ptr [0x57b]
3D58  7717           ja 0x3d71
3D5A  8b1e6439       mov bx, word ptr [0x3964]
3D5E  2b1e7905       sub bx, word ptr [0x579]
3D62  7302           jae 0x3d66
3D64  f7d3           not bx
L3D66:
3D66  83fb30         cmp bx, 0x30
3D69  7706           ja 0x3d71
3D6B  3ca0           cmp al, 0xa0
3D6D  7207           jb 0x3d76
3D6F  b09f           mov al, 0x9f
L3D71:
3D71  c6066739ff     mov byte ptr [0x3967], 0xff
L3D76:
3D76  a26639         mov byte ptr [0x3966], al
L3D79:
3D79  e8d600         call 0x3e52
3D7C  730d           jae 0x3d8b
3D7E  a1c339         mov ax, word ptr [0x39c3]
3D81  a36439         mov word ptr [0x3964], ax
3D84  a0c539         mov al, byte ptr [0x39c5]
3D87  a26639         mov byte ptr [0x3966], al
3D8A  c3             ret 
L3D8B:
3D8B  e8e000         call 0x3e6e
3D8E  735e           jae 0x3dee
L3D90:
3D90  803e530500     cmp byte ptr [0x553], 0
3D95  7401           je 0x3d98
3D97  c3             ret 
L3D98:
3D98  8b0e7905       mov cx, word ptr [0x579]
3D9C  83e90c         sub cx, 0xc
3D9F  7302           jae 0x3da3
3DA1  2bc9           sub cx, cx
L3DA3:
3DA3  81f90f01       cmp cx, 0x10f
3DA7  7203           jb 0x3dac
3DA9  b90e01         mov cx, 0x10e
L3DAC:
3DAC  8a167b05       mov dl, byte ptr [0x57b]
3DB0  80ea04         sub dl, 4
3DB3  7302           jae 0x3db7
3DB5  2ad2           sub dl, dl
L3DB7:
3DB7  e8f6ee         call 0x2cb0
3DBA  8bf8           mov di, ax
3DBC  b800b8         mov ax, 0xb800
3DBF  8ec0           mov es, ax
3DC1  bec037         mov si, 0x37c0
3DC4  bd0e00         mov bp, 0xe
3DC7  b90615         mov cx, 0x1506
3DCA  e8ffee         call 0x2ccc
3DCD  e82419         call 0x56f4
3DD0  2ae4           sub ah, ah
3DD2  cd1a           int 0x1a
3DD4  8916c839       mov word ptr [0x39c8], dx
L3DD8:
3DD8  e82919         call 0x5704
3DDB  2ae4           sub ah, ah
3DDD  cd1a           int 0x1a
3DDF  2b16c839       sub dx, word ptr [0x39c8]
3DE3  83fa09         cmp dx, 9
3DE6  72f0           jb 0x3dd8
3DE8  c606520501     mov byte ptr [0x552], 1
3DED  c3             ret 
L3DEE:
3DEE  8b0e6439       mov cx, word ptr [0x3964]
3DF2  8a166639       mov dl, byte ptr [0x3966]
3DF6  e8b7ee         call 0x2cb0
3DF9  a3ca39         mov word ptr [0x39ca], ax
3DFC  e83900         call 0x3e38
3DFF  fe0e6d39       dec byte ptr [0x396d]
3E03  750b           jne 0x3e10
3E05  c6066d3902     mov byte ptr [0x396d], 2
3E0A  81366b395400   xor word ptr [0x396b], 0x54
L3E10:
3E10  e80100         call 0x3e14
3E13  c3             ret 

;======================================================================
proc_3E14:
3E14  b800b8         mov ax, 0xb800
3E17  8ec0           mov es, ax
3E19  8b3eca39       mov di, word ptr [0x39ca]
3E1D  893e6839       mov word ptr [0x3968], di
3E21  bd6f39         mov bp, 0x396f
3E24  c6066a3900     mov byte ptr [0x396a], 0
3E29  8b366b39       mov si, word ptr [0x396b]
3E2D  81c6bc38       add si, 0x38bc
3E31  b9030e         mov cx, 0xe03
3E34  e895ee         call 0x2ccc
3E37  c3             ret 

;======================================================================
proc_3E38:
3E38  b800b8         mov ax, 0xb800
3E3B  8ec0           mov es, ax
3E3D  803e6a3900     cmp byte ptr [0x396a], 0
3E42  750d           jne 0x3e51
3E44  8b3e6839       mov di, word ptr [0x3968]
3E48  be6f39         mov si, 0x396f
3E4B  b9030e         mov cx, 0xe03
3E4E  e84cef         call 0x2d9d
L3E51:
3E51  c3             ret 

;======================================================================
proc_3E52:
3E52  a16439         mov ax, word ptr [0x3964]
3E55  8a166639       mov dl, byte ptr [0x3966]
3E59  be1800         mov si, 0x18
3E5C  8b1e7d32       mov bx, word ptr [0x327d]
3E60  8a367f32       mov dh, byte ptr [0x327f]
3E64  bf1000         mov di, 0x10
3E67  b90e1e         mov cx, 0x1e0e
3E6A  e8bcef         call 0x2e29
3E6D  c3             ret 

;======================================================================
proc_3E6E:
3E6E  a16439         mov ax, word ptr [0x3964]
3E71  8a166639       mov dl, byte ptr [0x3966]
3E75  be1800         mov si, 0x18
3E78  8bfe           mov di, si
3E7A  8b1e7905       mov bx, word ptr [0x579]
3E7E  8a367b05       mov dh, byte ptr [0x57b]
3E82  b90e0e         mov cx, 0xe0e
3E85  e8a1ef         call 0x2e29
3E88  c3             ret 
3E89  db 00 00 00 00 00 00 00

;======================================================================
proc_3E90:
3E90  803ee13900     cmp byte ptr [0x39e1], 0
3E95  740d           je 0x3ea4
3E97  2ae4           sub ah, ah
3E99  cd1a           int 0x1a
3E9B  3b16163d       cmp dx, word ptr [0x3d16]
3E9F  7418           je 0x3eb9
3EA1  e99100         jmp 0x3f35
L3EA4:
3EA4  803e840500     cmp byte ptr [0x584], 0
3EA9  750e           jne 0x3eb9
3EAB  803e9a0600     cmp byte ptr [0x69a], 0
3EB0  7507           jne 0x3eb9
3EB2  803ee03900     cmp byte ptr [0x39e0], 0
3EB7  7501           jne 0x3eba
L3EB9:
3EB9  c3             ret 
L3EBA:
3EBA  e8a801         call 0x4065
3EBD  72fa           jb 0x3eb9
3EBF  2ae4           sub ah, ah
3EC1  cd1a           int 0x1a
3EC3  8bc2           mov ax, dx
3EC5  2b06183d       sub ax, word ptr [0x3d18]
3EC9  3d0c00         cmp ax, 0xc
3ECC  72eb           jb 0x3eb9
3ECE  8916183d       mov word ptr [0x3d18], dx
3ED2  c6065c0500     mov byte ptr [0x55c], 0
3ED7  8a1ee039       mov bl, byte ptr [0x39e0]
3EDB  fecb           dec bl
3EDD  2aff           sub bh, bh
3EDF  8bf3           mov si, bx
3EE1  b102           mov cl, 2
3EE3  d3e6           shl si, cl
3EE5  8b845a3c       mov ax, word ptr [si + 0x3c5a]
3EE9  a3e239         mov word ptr [0x39e2], ax
3EEC  2bc0           sub ax, ax
3EEE  80fb03         cmp bl, 3
3EF1  7302           jae 0x3ef5
3EF3  b080           mov al, 0x80
L3EF5:
3EF5  a3e439         mov word ptr [0x39e4], ax
3EF8  8a9fe33c       mov bl, byte ptr [bx + 0x3ce3]
3EFC  8bf3           mov si, bx
3EFE  b102           mov cl, 2
3F00  d3e6           shl si, cl
3F02  8b845a3c       mov ax, word ptr [si + 0x3c5a]
3F06  a3e639         mov word ptr [0x39e6], ax
3F09  2bc0           sub ax, ax
3F0B  80fb03         cmp bl, 3
3F0E  7302           jae 0x3f12
3F10  b080           mov al, 0x80
L3F12:
3F12  a3e839         mov word ptr [0x39e8], ax
3F15  8a875010       mov al, byte ptr [bx + 0x1050]
3F19  a2053d         mov byte ptr [0x3d05], al
3F1C  d0e3           shl bl, 1
3F1E  8b873711       mov ax, word ptr [bx + 0x1137]
3F22  050800         add ax, 8
3F25  a3033d         mov word ptr [0x3d03], ax
3F28  e8b8d2         call 0x11e3
3F2B  c606e1390e     mov byte ptr [0x39e1], 0xe
3F30  c6069a0610     mov byte ptr [0x69a], 0x10
L3F35:
3F35  803ebf1c00     cmp byte ptr [0x1cbf], 0
3F3A  7503           jne 0x3f3f
3F3C  e861f4         call 0x33a0
L3F3F:
3F3F  802ee13902     sub byte ptr [0x39e1], 2
3F44  2aff           sub bh, bh
3F46  8a1ee139       mov bl, byte ptr [0x39e1]
3F4A  80fb08         cmp bl, 8
3F4D  7209           jb 0x3f58
3F4F  8b3ee239       mov di, word ptr [0x39e2]
3F53  a1e439         mov ax, word ptr [0x39e4]
3F56  eb18           jmp 0x3f70
L3F58:
3F58  8b3ee639       mov di, word ptr [0x39e6]
3F5C  a0053d         mov al, byte ptr [0x3d05]
3F5F  a27b05         mov byte ptr [0x57b], al
3F62  0432           add al, 0x32
3F64  a27c05         mov byte ptr [0x57c], al
3F67  a1033d         mov ax, word ptr [0x3d03]
3F6A  a37905         mov word ptr [0x579], ax
3F6D  a1e839         mov ax, word ptr [0x39e8]
L3F70:
3F70  0387063d       add ax, word ptr [bx + 0x3d06]
3F74  8bf0           mov si, ax
3F76  b800b8         mov ax, 0xb800
3F79  8ec0           mov es, ax
3F7B  b90210         mov cx, 0x1002
3F7E  e81cee         call 0x2d9d
3F81  803ebf1c00     cmp byte ptr [0x1cbf], 0
3F86  7503           jne 0x3f8b
3F88  e8aef3         call 0x3339
L3F8B:
3F8B  2ae4           sub ah, ah
3F8D  cd1a           int 0x1a
3F8F  8916163d       mov word ptr [0x3d16], dx
3F93  803ee13900     cmp byte ptr [0x39e1], 0
3F98  7503           jne 0x3f9d
3F9A  e875d1         call 0x1112
L3F9D:
3F9D  c3             ret 

;======================================================================
proc_3F9E:
3F9E  b800b8         mov ax, 0xb800
3FA1  8ec0           mov es, ax
3FA3  c606e03900     mov byte ptr [0x39e0], 0
3FA8  c606e13900     mov byte ptr [0x39e1], 0
3FAD  c706bf3c0605   mov word ptr [0x3cbf], 0x506
3FB3  c706c13c0000   mov word ptr [0x3cc1], 0
L3FB9:
3FB9  8b1ec13c       mov bx, word ptr [0x3cc1]
3FBD  8a8fae3c       mov cl, byte ptr [bx + 0x3cae]
3FC1  2bdb           sub bx, bx
3FC3  8aeb           mov ch, bl
L3FC5:
3FC5  beea3a         mov si, 0x3aea
3FC8  e832ee         call 0x2dfd
3FCB  80fa30         cmp dl, 0x30
3FCE  770b           ja 0x3fdb
3FD0  bef83a         mov si, 0x3af8
3FD3  f6c204         test dl, 4
3FD6  7503           jne 0x3fdb
3FD8  be023b         mov si, 0x3b02
L3FDB:
3FDB  8b3ebf3c       mov di, word ptr [0x3cbf]
3FDF  03fb           add di, bx
3FE1  51             push cx
3FE2  53             push bx
3FE3  b90108         mov cx, 0x801
3FE6  e8b4ed         call 0x2d9d
3FE9  5b             pop bx
3FEA  59             pop cx
3FEB  83c302         add bx, 2
3FEE  e2d5           loop 0x3fc5
3FF0  8106bf3c4001   add word ptr [0x3cbf], 0x140
3FF6  ff06c13c       inc word ptr [0x3cc1]
3FFA  833ec13c11     cmp word ptr [0x3cc1], 0x11
3FFF  72b8           jb 0x3fb9
4001  bb223c         mov bx, 0x3c22
4004  2bc0           sub ax, ax
4006  e81beb         call 0x2b24
4009  bb3e3c         mov bx, 0x3c3e
400C  2bc0           sub ax, ax
400E  e813eb         call 0x2b24
4011  bb9a3c         mov bx, 0x3c9a
4014  2bc0           sub ax, ax
4016  e80beb         call 0x2b24
4019  bb563c         mov bx, 0x3c56
401C  2bc0           sub ax, ax
401E  e803eb         call 0x2b24
4021  beaa3c         mov si, 0x3caa
4024  bfec08         mov di, 0x8ec
4027  b90201         mov cx, 0x102
402A  bd0e00         mov bp, 0xe
402D  e805ed         call 0x2d35
4030  2bf6           sub si, si
4032  8b1e0800       mov bx, word ptr [8]
4036  b103           mov cl, 3
4038  22d9           and bl, cl
403A  d2e3           shl bl, cl
L403C:
403C  8a87c33c       mov al, byte ptr [bx + 0x3cc3]
4040  8ae0           mov ah, al
4042  b104           mov cl, 4
4044  d2e8           shr al, cl
4046  8884e33c       mov byte ptr [si + 0x3ce3], al
404A  c684f33c00     mov byte ptr [si + 0x3cf3], 0
404F  80e40f         and ah, 0xf
4052  88a4e43c       mov byte ptr [si + 0x3ce4], ah
4056  c684f43c00     mov byte ptr [si + 0x3cf4], 0
405B  83c602         add si, 2
405E  43             inc bx
405F  83fe10         cmp si, 0x10
4062  72d8           jb 0x403c
4064  c3             ret 

;======================================================================
proc_4065:
4065  a17d32         mov ax, word ptr [0x327d]
4068  8a167f32       mov dl, byte ptr [0x327f]
406C  be1000         mov si, 0x10
406F  8b1e7905       mov bx, word ptr [0x579]
4073  8a367b05       mov dh, byte ptr [0x57b]
4077  bf1800         mov di, 0x18
407A  b91e0e         mov cx, 0xe1e
407D  e8a9ed         call 0x2e29
4080  c3             ret 
4081  db 00 00 00 00 00 00 00 00 00 00 00 00 00 00 00

;======================================================================
proc_4090:
4090  b90400         mov cx, 4
L4093:
4093  8bd9           mov bx, cx
4095  4b             dec bx
4096  8bf3           mov si, bx
4098  d1e6           shl si, 1
409A  c687ae3e01     mov byte ptr [bx + 0x3eae], 1
409F  c687b23e00     mov byte ptr [bx + 0x3eb2], 0
40A4  e8d001         call 0x4277
40A7  e853ed         call 0x2dfd
40AA  80e20f         and dl, 0xf
40AD  80c214         add dl, 0x14
40B0  8897b63e       mov byte ptr [bx + 0x3eb6], dl
40B4  e2dd           loop 0x4093
40B6  c706da3e0000   mov word ptr [0x3eda], 0
40BC  c606d83e04     mov byte ptr [0x3ed8], 4
40C1  c3             ret 

;======================================================================
proc_40C2:
40C2  2ae4           sub ah, ah
40C4  cd1a           int 0x1a
40C6  3b16dc3e       cmp dx, word ptr [0x3edc]
40CA  7501           jne 0x40cd
L40CC:
40CC  c3             ret 
L40CD:
40CD  ff06da3e       inc word ptr [0x3eda]
40D1  8b1eda3e       mov bx, word ptr [0x3eda]
40D5  83fb02         cmp bx, 2
40D8  760b           jbe 0x40e5
40DA  83fb04         cmp bx, 4
40DD  720a           jb 0x40e9
40DF  2bdb           sub bx, bx
40E1  891eda3e       mov word ptr [0x3eda], bx
L40E5:
40E5  8916dc3e       mov word ptr [0x3edc], dx
L40E9:
40E9  8bf3           mov si, bx
40EB  d1e6           shl si, 1
40ED  80bfb23e00     cmp byte ptr [bx + 0x3eb2], 0
40F2  75d8           jne 0x40cc
40F4  e8e401         call 0x42db
40F7  7303           jae 0x40fc
40F9  eb29           jmp 0x4124
40FB  db 90
L40FC:
40FC  e8fd01         call 0x42fc
40FF  72cb           jb 0x40cc
4101  80bfb63e00     cmp byte ptr [bx + 0x3eb6], 0
4106  7510           jne 0x4118
4108  e86c01         call 0x4277
410B  e8efec         call 0x2dfd
410E  80e207         and dl, 7
4111  80c214         add dl, 0x14
4114  8897b63e       mov byte ptr [bx + 0x3eb6], dl
L4118:
4118  fe8fb63e       dec byte ptr [bx + 0x3eb6]
411C  e8bc01         call 0x42db
411F  7203           jb 0x4124
4121  eb5e           jmp 0x4181
4123  db 90
L4124:
4124  80bfae3e00     cmp byte ptr [bx + 0x3eae], 0
4129  7507           jne 0x4132
412B  80bfb63e14     cmp byte ptr [bx + 0x3eb6], 0x14
4130  7201           jb 0x4133
L4132:
4132  c3             ret 
L4133:
4133  e8add0         call 0x11e3
4136  e81b01         call 0x4254
4139  8b1eda3e       mov bx, word ptr [0x3eda]
413D  c687b23e01     mov byte ptr [bx + 0x3eb2], 1
4142  e8dfcf         call 0x1124
4145  c6065c0500     mov byte ptr [0x55c], 0
414A  fe0ed83e       dec byte ptr [0x3ed8]
414E  7505           jne 0x4155
4150  c606530501     mov byte ptr [0x553], 1
L4155:
4155  b004           mov al, 4
4157  2a06d83e       sub al, byte ptr [0x3ed8]
415B  b102           mov cl, 2
415D  d2e0           shl al, cl
415F  2ae4           sub ah, ah
4161  055100         add ax, 0x51
4164  8bf8           mov di, ax
4166  bd0e00         mov bp, 0xe
4169  be203d         mov si, 0x3d20
416C  b800b8         mov ax, 0xb800
416F  8ec0           mov es, ax
4171  b9020c         mov cx, 0xc02
4174  e8beeb         call 0x2d35
4177  b8e803         mov ax, 0x3e8
417A  bbee02         mov bx, 0x2ee
417D  e8bb17         call 0x593b
4180  c3             ret 
L4181:
4181  e83001         call 0x42b4
4184  8b3e0800       mov di, word ptr [8]
4188  d1e7           shl di, 1
418A  8badde3e       mov bp, word ptr [di + 0x3ede]
418E  e88b01         call 0x431c
4191  731d           jae 0x41b0
4193  80bfb63e02     cmp byte ptr [bx + 0x3eb6], 2
4198  7216           jb 0x41b0
419A  b001           mov al, 1
419C  80bfb63e11     cmp byte ptr [bx + 0x3eb6], 0x11
41A1  7609           jbe 0x41ac
41A3  80bfb63e14     cmp byte ptr [bx + 0x3eb6], 0x14
41A8  7306           jae 0x41b0
41AA  fec8           dec al
L41AC:
41AC  8887b63e       mov byte ptr [bx + 0x3eb6], al
L41B0:
41B0  8a87b63e       mov al, byte ptr [bx + 0x3eb6]
41B4  3c01           cmp al, 1
41B6  7620           jbe 0x41d8
41B8  3c12           cmp al, 0x12
41BA  723c           jb 0x41f8
41BC  b001           mov al, 1
41BE  83bcba3e03     cmp word ptr [si + 0x3eba], 3
41C3  7302           jae 0x41c7
41C5  b003           mov al, 3
L41C7:
41C7  0087d43e       add byte ptr [bx + 0x3ed4], al
41CB  80bfb63e13     cmp byte ptr [bx + 0x3eb6], 0x13
41D0  7221           jb 0x41f3
41D2  741a           je 0x41ee
41D4  2bc0           sub ax, ax
41D6  eb2c           jmp 0x4204
L41D8:
41D8  b001           mov al, 1
41DA  83bcba3e03     cmp word ptr [si + 0x3eba], 3
41DF  7302           jae 0x41e3
41E1  b003           mov al, 3
L41E3:
41E3  0087d43e       add byte ptr [bx + 0x3ed4], al
41E7  80bfb63e01     cmp byte ptr [bx + 0x3eb6], 1
41EC  7305           jae 0x41f3
L41EE:
41EE  b8b03d         mov ax, 0x3db0
41F1  eb11           jmp 0x4204
L41F3:
41F3  b8803d         mov ax, 0x3d80
41F6  eb0c           jmp 0x4204
L41F8:
41F8  d0e0           shl al, 1
41FA  8bf8           mov di, ax
41FC  81e70200       and di, 2
4200  8b85e03d       mov ax, word ptr [di + 0x3de0]
L4204:
4204  a3ca3e         mov word ptr [0x3eca], ax
4207  8a97d43e       mov dl, byte ptr [bx + 0x3ed4]
420B  8b8ccc3e       mov cx, word ptr [si + 0x3ecc]
420F  e89eea         call 0x2cb0
4212  a3e43d         mov word ptr [0x3de4], ax
4215  e83c00         call 0x4254
4218  8b1eda3e       mov bx, word ptr [0x3eda]
421C  8bf3           mov si, bx
421E  d1e6           shl si, 1
4220  e8d900         call 0x42fc
4223  7301           jae 0x4226
4225  c3             ret 
L4226:
4226  833eca3e00     cmp word ptr [0x3eca], 0
422B  7506           jne 0x4233
422D  c687ae3e01     mov byte ptr [bx + 0x3eae], 1
4232  c3             ret 
L4233:
4233  c687ae3e00     mov byte ptr [bx + 0x3eae], 0
4238  8b3ee43d       mov di, word ptr [0x3de4]
423C  89bca63e       mov word ptr [si + 0x3ea6], di
4240  b800b8         mov ax, 0xb800
4243  8ec0           mov es, ax
4245  8bacc23e       mov bp, word ptr [si + 0x3ec2]
4249  b9020c         mov cx, 0xc02
424C  8b36ca3e       mov si, word ptr [0x3eca]
4250  e8e2ea         call 0x2d35
4253  c3             ret 

;======================================================================
proc_4254:
4254  8b1eda3e       mov bx, word ptr [0x3eda]
4258  8bf3           mov si, bx
425A  d1e6           shl si, 1
425C  80bfae3e00     cmp byte ptr [bx + 0x3eae], 0
4261  7513           jne 0x4276
4263  8bbca63e       mov di, word ptr [si + 0x3ea6]
4267  b9020c         mov cx, 0xc02
426A  8bb4c23e       mov si, word ptr [si + 0x3ec2]
426E  b800b8         mov ax, 0xb800
4271  8ec0           mov es, ax
4273  e827eb         call 0x2d9d
L4276:
4276  c3             ret 

;======================================================================
proc_4277:
4277  c606d93e20     mov byte ptr [0x3ed9], 0x20
L427C:
427C  e87eeb         call 0x2dfd
427F  81e20f00       and dx, 0xf
4283  2bff           sub di, di
L4285:
4285  3bfe           cmp di, si
4287  7406           je 0x428f
4289  3b95ba3e       cmp dx, word ptr [di + 0x3eba]
428D  74ed           je 0x427c
L428F:
428F  83c702         add di, 2
4292  83ff08         cmp di, 8
4295  72ee           jb 0x4285
4297  8994ba3e       mov word ptr [si + 0x3eba], dx
429B  e81600         call 0x42b4
429E  803ed93e00     cmp byte ptr [0x3ed9], 0
42A3  740e           je 0x42b3
42A5  bd3200         mov bp, 0x32
42A8  e87100         call 0x431c
42AB  7306           jae 0x42b3
42AD  fe0ed93e       dec byte ptr [0x3ed9]
42B1  ebc9           jmp 0x427c
L42B3:
42B3  c3             ret 

;======================================================================
proc_42B4:
42B4  8bbcba3e       mov di, word ptr [si + 0x3eba]
42B8  8a855010       mov al, byte ptr [di + 0x1050]
42BC  b20a           mov dl, 0xa
42BE  83ff03         cmp di, 3
42C1  7302           jae 0x42c5
42C3  2ad2           sub dl, dl
L42C5:
42C5  2ac2           sub al, dl
42C7  0403           add al, 3
42C9  8887d43e       mov byte ptr [bx + 0x3ed4], al
42CD  d1e7           shl di, 1
42CF  8b853711       mov ax, word ptr [di + 0x1137]
42D3  050800         add ax, 8
42D6  8984cc3e       mov word ptr [si + 0x3ecc], ax
42DA  c3             ret 

;======================================================================
proc_42DB:
42DB  56             push si
42DC  53             push bx
42DD  8b84cc3e       mov ax, word ptr [si + 0x3ecc]
42E1  8a97d43e       mov dl, byte ptr [bx + 0x3ed4]
42E5  be1000         mov si, 0x10
42E8  8b1e7905       mov bx, word ptr [0x579]
42EC  8a367b05       mov dh, byte ptr [0x57b]
42F0  bf1800         mov di, 0x18
42F3  b90c0e         mov cx, 0xe0c
42F6  e830eb         call 0x2e29
42F9  5b             pop bx
42FA  5e             pop si
42FB  c3             ret 

;======================================================================
proc_42FC:
42FC  56             push si
42FD  53             push bx
42FE  8b84cc3e       mov ax, word ptr [si + 0x3ecc]
4302  8a97d43e       mov dl, byte ptr [bx + 0x3ed4]
4306  be1000         mov si, 0x10
4309  8b1e7d32       mov bx, word ptr [0x327d]
430D  8a367f32       mov dh, byte ptr [0x327f]
4311  8bfe           mov di, si
4313  b90c1e         mov cx, 0x1e0c
4316  e810eb         call 0x2e29
4319  5b             pop bx
431A  5e             pop si
431B  c3             ret 

;======================================================================
proc_431C:
431C  8b84cc3e       mov ax, word ptr [si + 0x3ecc]
4320  2b067905       sub ax, word ptr [0x579]
4324  7302           jae 0x4328
4326  f7d0           not ax
L4328:
4328  8a97d43e       mov dl, byte ptr [bx + 0x3ed4]
432C  2a167b05       sub dl, byte ptr [0x57b]
4330  7302           jae 0x4334
4332  f6d2           not dl
L4334:
4334  2af6           sub dh, dh
4336  03c2           add ax, dx
4338  3bc5           cmp ax, bp
433A  7202           jb 0x433e
433C  f8             clc 
433D  c3             ret 
L433E:
433E  f9             stc 
433F  c3             ret 

;======================================================================
proc_4340:
4340  2ae4           sub ah, ah
4342  cd1a           int 0x1a
4344  3b16b540       cmp dx, word ptr [0x40b5]
4348  7501           jne 0x434b
L434A:
434A  c3             ret 
L434B:
434B  fe06ff40       inc byte ptr [0x40ff]
434F  f606ff4003     test byte ptr [0x40ff], 3
4354  7404           je 0x435a
4356  8916b540       mov word ptr [0x40b5], dx
L435A:
435A  803eaa40a4     cmp byte ptr [0x40aa], 0xa4
435F  72e9           jb 0x434a
4361  e8c901         call 0x452d
4364  e8f001         call 0x4557
4367  72e1           jb 0x434a
4369  e891ea         call 0x2dfd
436C  80fa30         cmp dl, 0x30
436F  772b           ja 0x439c
4371  e88701         call 0x44fb
4374  8b360800       mov si, word ptr [8]
4378  d1e6           shl si, 1
437A  8b84ce40       mov ax, word ptr [si + 0x40ce]
437E  3906cc40       cmp word ptr [0x40cc], ax
4382  7718           ja 0x439c
4384  e8d615         call 0x595d
4387  c706c840ff00   mov word ptr [0x40c8], 0xff
438D  a0ca40         mov al, byte ptr [0x40ca]
4390  a2b740         mov byte ptr [0x40b7], al
4393  a0cb40         mov al, byte ptr [0x40cb]
4396  a2b840         mov byte ptr [0x40b8], al
4399  e99200         jmp 0x442e
L439C:
439C  833ec8400a     cmp word ptr [0x40c8], 0xa
43A1  770e           ja 0x43b1
43A3  e857ea         call 0x2dfd
43A6  80fa06         cmp dl, 6
43A9  7709           ja 0x43b4
43AB  c706c840ff00   mov word ptr [0x40c8], 0xff
L43B1:
43B1  eb4f           jmp 0x4402
43B3  db 90
L43B4:
43B4  8b1ec840       mov bx, word ptr [0x40c8]
43B8  8bf3           mov si, bx
43BA  d1e6           shl si, 1
43BC  2ad2           sub dl, dl
43BE  a1b240         mov ax, word ptr [0x40b2]
43C1  25fc0f         and ax, 0xffc
43C4  3b84de40       cmp ax, word ptr [si + 0x40de]
43C8  7406           je 0x43d0
43CA  fec2           inc dl
43CC  7202           jb 0x43d0
43CE  b2ff           mov dl, 0xff
L43D0:
43D0  8816b740       mov byte ptr [0x40b7], dl
43D4  2ad2           sub dl, dl
43D6  a0b440         mov al, byte ptr [0x40b4]
43D9  24fe           and al, 0xfe
43DB  3a87f440       cmp al, byte ptr [bx + 0x40f4]
43DF  7406           je 0x43e7
43E1  fec2           inc dl
43E3  7202           jb 0x43e7
43E5  b2ff           mov dl, 0xff
L43E7:
43E7  8816b840       mov byte ptr [0x40b8], dl
43EB  0a16b740       or dl, byte ptr [0x40b7]
43EF  753d           jne 0x442e
43F1  e809ea         call 0x2dfd
43F4  80fa10         cmp dl, 0x10
43F7  7735           ja 0x442e
43F9  c706c840ff00   mov word ptr [0x40c8], 0xff
43FF  e85b15         call 0x595d
L4402:
4402  e8f8e9         call 0x2dfd
4405  80fa30         cmp dl, 0x30
4408  7719           ja 0x4423
440A  80e201         and dl, 1
440D  7502           jne 0x4411
440F  b2ff           mov dl, 0xff
L4411:
4411  8816b740       mov byte ptr [0x40b7], dl
4415  e8e5e9         call 0x2dfd
4418  80e201         and dl, 1
441B  7502           jne 0x441f
441D  b2ff           mov dl, 0xff
L441F:
441F  8816b840       mov byte ptr [0x40b8], dl
L4423:
4423  e8d7e9         call 0x2dfd
4426  81e2ff00       and dx, 0xff
442A  8916c840       mov word ptr [0x40c8], dx
L442E:
442E  a0b440         mov al, byte ptr [0x40b4]
4431  803eb84001     cmp byte ptr [0x40b8], 1
4436  7221           jb 0x4459
4438  750f           jne 0x4449
443A  0402           add al, 2
443C  3ca8           cmp al, 0xa8
443E  7216           jb 0x4456
4440  b0a7           mov al, 0xa7
4442  c606b840ff     mov byte ptr [0x40b8], 0xff
4447  eb0d           jmp 0x4456
L4449:
4449  2c02           sub al, 2
444B  3c30           cmp al, 0x30
444D  7307           jae 0x4456
444F  b030           mov al, 0x30
4451  c606b84001     mov byte ptr [0x40b8], 1
L4456:
4456  a2b440         mov byte ptr [0x40b4], al
L4459:
4459  a1b240         mov ax, word ptr [0x40b2]
445C  803eb74001     cmp byte ptr [0x40b7], 1
4461  7223           jb 0x4486
4463  7512           jne 0x4477
4465  050400         add ax, 4
4468  3d3601         cmp ax, 0x136
446B  7216           jb 0x4483
446D  b83501         mov ax, 0x135
4470  c606b740ff     mov byte ptr [0x40b7], 0xff
4475  eb0c           jmp 0x4483
L4477:
4477  2d0400         sub ax, 4
447A  7307           jae 0x4483
447C  2bc0           sub ax, ax
447E  c606b74001     mov byte ptr [0x40b7], 1
L4483:
4483  a3b240         mov word ptr [0x40b2], ax
L4486:
4486  e8a400         call 0x452d
4489  8b0eb240       mov cx, word ptr [0x40b2]
448D  8a16b440       mov dl, byte ptr [0x40b4]
4491  e81ce8         call 0x2cb0
4494  a3bc40         mov word ptr [0x40bc], ax
4497  b800b8         mov ax, 0xb800
449A  8ec0           mov es, ax
449C  803eb94000     cmp byte ptr [0x40b9], 0
44A1  750d           jne 0x44b0
44A3  be2c3f         mov si, 0x3f2c
44A6  8b3eba40       mov di, word ptr [0x40ba]
44AA  b90105         mov cx, 0x501
44AD  e8ede8         call 0x2d9d
L44B0:
44B0  e8a400         call 0x4557
44B3  7231           jb 0x44e6
44B5  c606b94000     mov byte ptr [0x40b9], 0
44BA  8306be4002     add word ptr [0x40be], 2
44BF  8b1ebe40       mov bx, word ptr [0x40be]
44C3  81e30600       and bx, 6
44C7  8bb7c040       mov si, word ptr [bx + 0x40c0]
44CB  803eb740ff     cmp byte ptr [0x40b7], 0xff
44D0  7503           jne 0x44d5
44D2  83c61e         add si, 0x1e
L44D5:
44D5  8b3ebc40       mov di, word ptr [0x40bc]
44D9  893eba40       mov word ptr [0x40ba], di
44DD  bd2c3f         mov bp, 0x3f2c
44E0  b90105         mov cx, 0x501
44E3  e8e6e7         call 0x2ccc
L44E6:
44E6  c3             ret 

;======================================================================
proc_44E7:
44E7  803e710500     cmp byte ptr [0x571], 0
44EC  750b           jne 0x44f9
44EE  a07b05         mov al, byte ptr [0x57b]
44F1  24f8           and al, 0xf8
44F3  3c88           cmp al, 0x88
44F5  7502           jne 0x44f9
44F7  f9             stc 
44F8  c3             ret 
L44F9:
44F9  f8             clc 
44FA  c3             ret 

;======================================================================
proc_44FB:
44FB  a1b240         mov ax, word ptr [0x40b2]
44FE  b201           mov dl, 1
4500  2b067905       sub ax, word ptr [0x579]
4504  7304           jae 0x450a
4506  f7d0           not ax
4508  b2ff           mov dl, 0xff
L450A:
450A  8816ca40       mov byte ptr [0x40ca], dl
450E  a3cc40         mov word ptr [0x40cc], ax
4511  a0b440         mov al, byte ptr [0x40b4]
4514  b201           mov dl, 1
4516  2a067b05       sub al, byte ptr [0x57b]
451A  7304           jae 0x4520
451C  f6d0           not al
451E  b2ff           mov dl, 0xff
L4520:
4520  8816cb40       mov byte ptr [0x40cb], dl
4524  2ae4           sub ah, ah
4526  d1e0           shl ax, 1
4528  0106cc40       add word ptr [0x40cc], ax
452C  c3             ret 

;======================================================================
proc_452D:
452D  a1b240         mov ax, word ptr [0x40b2]
4530  8a16b440       mov dl, byte ptr [0x40b4]
4534  be0800         mov si, 8
4537  8b1e7905       mov bx, word ptr [0x579]
453B  8a367b05       mov dh, byte ptr [0x57b]
453F  bf1800         mov di, 0x18
4542  b9050e         mov cx, 0xe05
4545  e8e1e8         call 0x2e29
4548  730c           jae 0x4556
454A  803e520500     cmp byte ptr [0x552], 0
454F  7505           jne 0x4556
4551  c606530501     mov byte ptr [0x553], 1
L4556:
4556  c3             ret 

;======================================================================
proc_4557:
4557  a1b240         mov ax, word ptr [0x40b2]
455A  8a16b440       mov dl, byte ptr [0x40b4]
455E  be0800         mov si, 8
4561  8b1e7d32       mov bx, word ptr [0x327d]
4565  8a367f32       mov dh, byte ptr [0x327f]
4569  bf1000         mov di, 0x10
456C  b9051e         mov cx, 0x1e05
456F  e8b7e8         call 0x2e29
4572  7305           jae 0x4579
4574  c606b840ff     mov byte ptr [0x40b8], 0xff
L4579:
4579  c3             ret 

;======================================================================
proc_457A:
457A  b99000         mov cx, 0x90
457D  b286           mov dl, 0x86
457F  890ea840       mov word ptr [0x40a8], cx
4583  8816aa40       mov byte ptr [0x40aa], dl
4587  e826e7         call 0x2cb0
458A  a3ab40         mov word ptr [0x40ab], ax
458D  e8c901         call 0x4759
4590  c606af4000     mov byte ptr [0x40af], 0
4595  c606b14000     mov byte ptr [0x40b1], 0
459A  c606b94001     mov byte ptr [0x40b9], 1
459F  c606b84000     mov byte ptr [0x40b8], 0
45A4  c706c840ff00   mov word ptr [0x40c8], 0xff
45AA  c3             ret 

;======================================================================
proc_45AB:
45AB  2ae4           sub ah, ah
45AD  cd1a           int 0x1a
45AF  3b16ad40       cmp dx, word ptr [0x40ad]
45B3  7501           jne 0x45b6
L45B5:
45B5  c3             ret 
L45B6:
45B6  8916ad40       mov word ptr [0x40ad], dx
45BA  803eaa40a4     cmp byte ptr [0x40aa], 0xa4
45BF  73f4           jae 0x45b5
45C1  e8c201         call 0x4786
45C4  7310           jae 0x45d6
45C6  e81eff         call 0x44e7
45C9  73ea           jae 0x45b5
45CB  c606710501     mov byte ptr [0x571], 1
45D0  c6065b0510     mov byte ptr [0x55b], 0x10
45D5  c3             ret 
L45D6:
45D6  e86501         call 0x473e
45D9  736e           jae 0x4649
45DB  803eaf4000     cmp byte ptr [0x40af], 0
45E0  7518           jne 0x45fa
45E2  a06e05         mov al, byte ptr [0x56e]
45E5  3c00           cmp al, 0
45E7  750e           jne 0x45f7
45E9  fec0           inc al
45EB  8b1ea840       mov bx, word ptr [0x40a8]
45EF  3b1e7905       cmp bx, word ptr [0x579]
45F3  7702           ja 0x45f7
45F5  b0ff           mov al, 0xff
L45F7:
45F7  a2b040         mov byte ptr [0x40b0], al
L45FA:
45FA  c606af4001     mov byte ptr [0x40af], 1
45FF  b92000         mov cx, 0x20
L4602:
4602  a17905         mov ax, word ptr [0x579]
4605  b201           mov dl, 1
4607  803eb04001     cmp byte ptr [0x40b0], 1
460C  7507           jne 0x4615
460E  2d0800         sub ax, 8
4611  b2ff           mov dl, 0xff
4613  eb03           jmp 0x4618
L4615:
4615  050800         add ax, 8
L4618:
4618  a37905         mov word ptr [0x579], ax
461B  88166e05       mov byte ptr [0x56e], dl
461F  a07b05         mov al, byte ptr [0x57b]
4622  803e710501     cmp byte ptr [0x571], 1
4627  7210           jb 0x4639
4629  7504           jne 0x462f
462B  2c03           sub al, 3
462D  eb02           jmp 0x4631
L462F:
462F  0403           add al, 3
L4631:
4631  a27b05         mov byte ptr [0x57b], al
4634  0432           add al, 0x32
4636  a27c05         mov byte ptr [0x57c], al
L4639:
4639  51             push cx
463A  e80101         call 0x473e
463D  59             pop cx
463E  7302           jae 0x4642
4640  e2c0           loop 0x4602
L4642:
4642  e89ecb         call 0x11e3
4645  e8caca         call 0x1112
L4648:
4648  c3             ret 
L4649:
4649  803eb14000     cmp byte ptr [0x40b1], 0
464E  7552           jne 0x46a2
4650  803eaf4000     cmp byte ptr [0x40af], 0
4655  74f1           je 0x4648
4657  a1a840         mov ax, word ptr [0x40a8]
465A  803eb04001     cmp byte ptr [0x40b0], 1
465F  7505           jne 0x4666
4661  050800         add ax, 8
4664  eb03           jmp 0x4669
L4666:
4666  2d0800         sub ax, 8
L4669:
4669  a3a840         mov word ptr [0x40a8], ax
466C  e8cf00         call 0x473e
466F  7301           jae 0x4672
4671  c3             ret 
L4672:
4672  b8000c         mov ax, 0xc00
4675  bb540b         mov bx, 0xb54
4678  e8c012         call 0x593b
467B  c606af4000     mov byte ptr [0x40af], 0
4680  8b0ea840       mov cx, word ptr [0x40a8]
4684  8a16aa40       mov dl, byte ptr [0x40aa]
4688  e825e6         call 0x2cb0
468B  a3ab40         mov word ptr [0x40ab], ax
468E  e8e200         call 0x4773
4691  e8c500         call 0x4759
4694  a1a840         mov ax, word ptr [0x40a8]
4697  3d7800         cmp ax, 0x78
469A  7206           jb 0x46a2
469C  3da800         cmp ax, 0xa8
469F  7701           ja 0x46a2
46A1  c3             ret 
L46A2:
46A2  c606b14001     mov byte ptr [0x40b1], 1
46A7  803ebf1c00     cmp byte ptr [0x1cbf], 0
46AC  7410           je 0x46be
46AE  e836fe         call 0x44e7
46B1  730a           jae 0x46bd
46B3  c606710501     mov byte ptr [0x571], 1
46B8  c6065b0510     mov byte ptr [0x55b], 0x10
L46BD:
46BD  c3             ret 
L46BE:
46BE  2ae4           sub ah, ah
46C0  cd1a           int 0x1a
46C2  3b16ad40       cmp dx, word ptr [0x40ad]
46C6  74da           je 0x46a2
46C8  8916ad40       mov word ptr [0x40ad], dx
46CC  803e000000     cmp byte ptr [0], 0
46D1  7419           je 0x46ec
46D3  b0b6           mov al, 0xb6
46D5  e643           out 0x43, al
46D7  a0aa40         mov al, byte ptr [0x40aa]
46DA  2ae4           sub ah, ah
46DC  d1e0           shl ax, 1
46DE  d1e0           shl ax, 1
46E0  e642           out 0x42, al
46E2  8ac4           mov al, ah
46E4  e642           out 0x42, al
46E6  e461           in al, 0x61
46E8  0c03           or al, 3
46EA  e661           out 0x61, al
L46EC:
46EC  8a16aa40       mov dl, byte ptr [0x40aa]
46F0  80faa4         cmp dl, 0xa4
46F3  7319           jae 0x470e
46F5  80c205         add dl, 5
46F8  8816aa40       mov byte ptr [0x40aa], dl
46FC  8b0ea840       mov cx, word ptr [0x40a8]
4700  e8ade5         call 0x2cb0
4703  a3ab40         mov word ptr [0x40ab], ax
4706  e86a00         call 0x4773
4709  e84d00         call 0x4759
470C  ebb0           jmp 0x46be
L470E:
470E  e81014         call 0x5b21
4711  e85f00         call 0x4773
4714  bd1e40         mov bp, 0x401e
4717  ff0ea640       dec word ptr [0x40a6]
471B  8b3ea640       mov di, word ptr [0x40a6]
471F  be363f         mov si, 0x3f36
4722  b90411         mov cx, 0x1104
4725  e80de6         call 0x2d35
4728  a1a840         mov ax, word ptr [0x40a8]
472B  a3b240         mov word ptr [0x40b2], ax
472E  a0aa40         mov al, byte ptr [0x40aa]
4731  a2b440         mov byte ptr [0x40b4], al
4734  e8c4fd         call 0x44fb
4737  a0ca40         mov al, byte ptr [0x40ca]
473A  a2b740         mov byte ptr [0x40b7], al
473D  c3             ret 

;======================================================================
proc_473E:
473E  a1a840         mov ax, word ptr [0x40a8]
4741  8a16aa40       mov dl, byte ptr [0x40aa]
4745  be1800         mov si, 0x18
4748  8b1e7905       mov bx, word ptr [0x579]
474C  8a367b05       mov dh, byte ptr [0x57b]
4750  8bfe           mov di, si
4752  b9100e         mov cx, 0xe10
4755  e8d1e6         call 0x2e29
4758  c3             ret 

;======================================================================
proc_4759:
4759  b800b8         mov ax, 0xb800
475C  8ec0           mov es, ax
475E  bd1e40         mov bp, 0x401e
4761  bebe3f         mov si, 0x3fbe
4764  8b3eab40       mov di, word ptr [0x40ab]
4768  893ea640       mov word ptr [0x40a6], di
476C  b90310         mov cx, 0x1003
476F  e8c3e5         call 0x2d35
4772  c3             ret 

;======================================================================
proc_4773:
4773  b800b8         mov ax, 0xb800
4776  8ec0           mov es, ax
4778  be1e40         mov si, 0x401e
477B  8b3ea640       mov di, word ptr [0x40a6]
477F  b90310         mov cx, 0x1003
4782  e818e6         call 0x2d9d
4785  c3             ret 

;======================================================================
proc_4786:
4786  803e7f3266     cmp byte ptr [0x327f], 0x66
478B  7217           jb 0x47a4
478D  a1a840         mov ax, word ptr [0x40a8]
4790  2d1400         sub ax, 0x14
4793  3b067d32       cmp ax, word ptr [0x327d]
4797  770b           ja 0x47a4
4799  053000         add ax, 0x30
479C  3b067d32       cmp ax, word ptr [0x327d]
47A0  7202           jb 0x47a4
47A2  f9             stc 
47A3  c3             ret 
L47A4:
47A4  f8             clc 
47A5  c3             ret 
47A6  db 00 00 00 00 00 00 00 00 00 00

;======================================================================
proc_47B0:
47B0  a17d32         mov ax, word ptr [0x327d]
47B3  8a167f32       mov dl, byte ptr [0x327f]
47B7  be1000         mov si, 0x10
47BA  8b1e7905       mov bx, word ptr [0x579]
47BE  83eb08         sub bx, 8
47C1  7302           jae 0x47c5
47C3  2bdb           sub bx, bx
L47C5:
47C5  8a367b05       mov dh, byte ptr [0x57b]
47C9  80c603         add dh, 3
47CC  bf2800         mov di, 0x28
47CF  b91e0e         mov cx, 0xe1e
47D2  e854e6         call 0x2e29
47D5  c3             ret 

;======================================================================
proc_47D6:
47D6  2ae4           sub ah, ah
47D8  cd1a           int 0x1a
47DA  8bc2           mov ax, dx
47DC  2b06d744       sub ax, word ptr [0x44d7]
47E0  8b360800       mov si, word ptr [8]
47E4  d1e6           shl si, 1
47E6  3b84dc44       cmp ax, word ptr [si + 0x44dc]
47EA  7701           ja 0x47ed
L47EC:
47EC  c3             ret 
L47ED:
47ED  8916d744       mov word ptr [0x44d7], dx
47F1  803eb81c00     cmp byte ptr [0x1cb8], 0
47F6  75f4           jne 0x47ec
47F8  c606fc4400     mov byte ptr [0x44fc], 0
47FD  b90c00         mov cx, 0xc
L4800:
4800  8bd9           mov bx, cx
4802  4b             dec bx
4803  d0e3           shl bl, 1
4805  83bf414400     cmp word ptr [bx + 0x4441], 0
480A  7471           je 0x487d
480C  8b87f943       mov ax, word ptr [bx + 0x43f9]
4810  3a067b05       cmp al, byte ptr [0x57b]
4814  7547           jne 0x485d
4816  8b87e143       mov ax, word ptr [bx + 0x43e1]
481A  2b067905       sub ax, word ptr [0x579]
481E  7302           jae 0x4822
4820  f7d0           not ax
L4822:
4822  8b360800       mov si, word ptr [8]
4826  d1e6           shl si, 1
4828  3b84ec44       cmp ax, word ptr [si + 0x44ec]
482C  772f           ja 0x485d
482E  83bf594402     cmp word ptr [bx + 0x4459], 2
4833  7217           jb 0x484c
4835  8b871144       mov ax, word ptr [bx + 0x4411]
4839  a3da44         mov word ptr [0x44da], ax
483C  e84e00         call 0x488d
483F  e85f00         call 0x48a1
4842  e8f4ea         call 0x3339
4845  e8fdc8         call 0x1145
4848  e8ebd8         call 0x2136
484B  c3             ret 
L484C:
484C  ff875944       inc word ptr [bx + 0x4459]
4850  83bf594402     cmp word ptr [bx + 0x4459], 2
4855  7219           jb 0x4870
4857  fe06fc44       inc byte ptr [0x44fc]
485B  eb13           jmp 0x4870
L485D:
485D  83bf594400     cmp word ptr [bx + 0x4459], 0
4862  7419           je 0x487d
4864  e896e5         call 0x2dfd
4867  80fa38         cmp dl, 0x38
486A  7704           ja 0x4870
486C  ff8f5944       dec word ptr [bx + 0x4459]
L4870:
4870  51             push cx
4871  53             push bx
4872  e86200         call 0x48d7
4875  5b             pop bx
4876  e89d00         call 0x4916
4879  e84500         call 0x48c1
487C  59             pop cx
L487D:
487D  e20b           loop 0x488a
487F  803efc4400     cmp byte ptr [0x44fc], 0
4884  7403           je 0x4889
4886  e8080e         call 0x5691
L4889:
4889  c3             ret 
L488A:
488A  e973ff         jmp 0x4800

;======================================================================
proc_488D:
488D  803ebd4400     cmp byte ptr [0x44bd], 0
4892  7409           je 0x489d
4894  e86c02         call 0x4b03
4897  c606bd4400     mov byte ptr [0x44bd], 0
489C  c3             ret 
L489D:
489D  e843c9         call 0x11e3
48A0  c3             ret 

;======================================================================
proc_48A1:
48A1  1e             push ds
48A2  07             pop es
48A3  fc             cld 
48A4  bf0e00         mov di, 0xe
48A7  8bf7           mov si, di
48A9  b8aaaa         mov ax, 0xaaaa
48AC  b94100         mov cx, 0x41
48AF  f3ab           rep stosw word ptr es:[di], ax
48B1  b800b8         mov ax, 0xb800
48B4  8ec0           mov es, ax
48B6  8b3eda44       mov di, word ptr [0x44da]
48BA  b9050d         mov cx, 0xd05
48BD  e8dde4         call 0x2d9d
48C0  c3             ret 

;======================================================================
proc_48C1:
48C1  803ed94400     cmp byte ptr [0x44d9], 0
48C6  740a           je 0x48d2
48C8  803ebd4400     cmp byte ptr [0x44bd], 0
48CD  7404           je 0x48d3
48CF  e84b02         call 0x4b1d
L48D2:
48D2  c3             ret 
L48D3:
48D3  e86fc8         call 0x1145
48D6  c3             ret 

;======================================================================
proc_48D7:
48D7  c606d94400     mov byte ptr [0x44d9], 0
48DC  8b87e143       mov ax, word ptr [bx + 0x43e1]
48E0  8b97f943       mov dx, word ptr [bx + 0x43f9]
48E4  2d1400         sub ax, 0x14
48E7  be2800         mov si, 0x28
48EA  8b1e7905       mov bx, word ptr [0x579]
48EE  8a367b05       mov dh, byte ptr [0x57b]
48F2  b9060e         mov cx, 0xe06
48F5  bf1800         mov di, 0x18
48F8  e82ee5         call 0x2e29
48FB  7318           jae 0x4915
48FD  c606d94401     mov byte ptr [0x44d9], 1
L4902:
4902  e8d3ca         call 0x13d8
4905  74fb           je 0x4902
4907  803ebd4400     cmp byte ptr [0x44bd], 0
490C  7404           je 0x4912
490E  e8f201         call 0x4b03
4911  c3             ret 
L4912:
4912  e8cec8         call 0x11e3
L4915:
4915  c3             ret 

;======================================================================
proc_4916:
4916  8b871144       mov ax, word ptr [bx + 0x4411]
491A  8bb75944       mov si, word ptr [bx + 0x4459]
491E  d1e6           shl si, 1
4920  81c60041       add si, 0x4100
4924  05a700         add ax, 0xa7
4927  81bf29449c42   cmp word ptr [bx + 0x4429], 0x429c
492D  7406           je 0x4935
492F  2d0600         sub ax, 6
4932  83c606         add si, 6
L4935:
4935  8bf8           mov di, ax
4937  b800b8         mov ax, 0xb800
493A  8ec0           mov es, ax
493C  b90101         mov cx, 0x101
493F  e85be4         call 0x2d9d
4942  c3             ret 

;======================================================================
proc_4943:
4943  803eb81c00     cmp byte ptr [0x1cb8], 0
4948  751c           jne 0x4966
494A  803ebe4400     cmp byte ptr [0x44be], 0
494F  740b           je 0x495c
4951  a0be44         mov al, byte ptr [0x44be]
4954  a29806         mov byte ptr [0x698], al
4957  c606990600     mov byte ptr [0x699], 0
L495C:
495C  2ae4           sub ah, ah
495E  cd1a           int 0x1a
4960  3b16d344       cmp dx, word ptr [0x44d3]
4964  7501           jne 0x4967
L4966:
4966  c3             ret 
L4967:
4967  8916d344       mov word ptr [0x44d3], dx
496B  803e840500     cmp byte ptr [0x584], 0
4970  7423           je 0x4995
4972  803ebd4400     cmp byte ptr [0x44bd], 0
4977  741b           je 0x4994
4979  e88701         call 0x4b03
497C  e821ea         call 0x33a0
497F  e8a2c7         call 0x1124
4982  e8b4e9         call 0x3339
4985  c606bd4400     mov byte ptr [0x44bd], 0
498A  c606e04301     mov byte ptr [0x43e0], 1
498F  c606be4400     mov byte ptr [0x44be], 0
L4994:
4994  c3             ret 
L4995:
4995  803e9a0600     cmp byte ptr [0x69a], 0
499A  7403           je 0x499f
499C  eb5b           jmp 0x49f9
499E  db 90
L499F:
499F  b8ffff         mov ax, 0xffff
49A2  a3c144         mov word ptr [0x44c1], ax
49A5  a3bf44         mov word ptr [0x44bf], ax
49A8  b90c00         mov cx, 0xc
49AB  8b367905       mov si, word ptr [0x579]
49AF  8a167b05       mov dl, byte ptr [0x57b]
49B3  80c208         add dl, 8
L49B6:
49B6  8bd9           mov bx, cx
49B8  4b             dec bx
49B9  80bfc44401     cmp byte ptr [bx + 0x44c4], 1
49BE  7230           jb 0x49f0
49C0  3a979944       cmp dl, byte ptr [bx + 0x4499]
49C4  752a           jne 0x49f0
49C6  8bc6           mov ax, si
49C8  d0e3           shl bl, 1
49CA  b6ff           mov dh, 0xff
49CC  2b878144       sub ax, word ptr [bx + 0x4481]
49D0  7304           jae 0x49d6
49D2  f7d0           not ax
49D4  b601           mov dh, 1
L49D6:
49D6  3b06bf44       cmp ax, word ptr [0x44bf]
49DA  7714           ja 0x49f0
49DC  a3bf44         mov word ptr [0x44bf], ax
49DF  8b87a544       mov ax, word ptr [bx + 0x44a5]
49E3  a3d144         mov word ptr [0x44d1], ax
49E6  d0eb           shr bl, 1
49E8  891ec144       mov word ptr [0x44c1], bx
49EC  8836c344       mov byte ptr [0x44c3], dh
L49F0:
49F0  e2c4           loop 0x49b6
49F2  833ec1440c     cmp word ptr [0x44c1], 0xc
49F7  7227           jb 0x4a20
L49F9:
49F9  803ebd4400     cmp byte ptr [0x44bd], 0
49FE  740b           je 0x4a0b
4A00  e80001         call 0x4b03
4A03  e83fc7         call 0x1145
4A06  c6069a0610     mov byte ptr [0x69a], 0x10
L4A0B:
4A0B  c606bd4400     mov byte ptr [0x44bd], 0
4A10  c606e04301     mov byte ptr [0x43e0], 1
4A15  c606d04400     mov byte ptr [0x44d0], 0
4A1A  c606be4400     mov byte ptr [0x44be], 0
4A1F  c3             ret 
L4A20:
4A20  833ebf4404     cmp word ptr [0x44bf], 4
4A25  7224           jb 0x4a4b
4A27  833ebf4408     cmp word ptr [0x44bf], 8
4A2C  7705           ja 0x4a33
4A2E  c606720504     mov byte ptr [0x572], 4
L4A33:
4A33  a0c344         mov al, byte ptr [0x44c3]
4A36  a29806         mov byte ptr [0x698], al
4A39  a26e05         mov byte ptr [0x56e], al
4A3C  a2be44         mov byte ptr [0x44be], al
4A3F  c606990600     mov byte ptr [0x699], 0
4A44  c606710500     mov byte ptr [0x571], 0
4A49  ebae           jmp 0x49f9
L4A4B:
4A4B  c606be4400     mov byte ptr [0x44be], 0
4A50  803ebd4400     cmp byte ptr [0x44bd], 0
4A55  7506           jne 0x4a5d
4A57  e889c7         call 0x11e3
4A5A  e8c7c6         call 0x1124
L4A5D:
4A5D  c606bd4401     mov byte ptr [0x44bd], 1
4A62  2ac0           sub al, al
4A64  8006d04430     add byte ptr [0x44d0], 0x30
4A69  7302           jae 0x4a6d
4A6B  fec0           inc al
L4A6D:
4A6D  a2d544         mov byte ptr [0x44d5], al
4A70  8b0e7905       mov cx, word ptr [0x579]
4A74  81e1fc0f       and cx, 0xffc
4A78  8a167b05       mov dl, byte ptr [0x57b]
4A7C  80c203         add dl, 3
4A7F  813ed1440c41   cmp word ptr [0x44d1], 0x410c
4A85  740e           je 0x4a95
4A87  83c108         add cx, 8
4A8A  81f92701       cmp cx, 0x127
4A8E  720c           jb 0x4a9c
4A90  b92601         mov cx, 0x126
4A93  eb07           jmp 0x4a9c
L4A95:
4A95  83e908         sub cx, 8
4A98  7302           jae 0x4a9c
4A9A  2bc9           sub cx, cx
L4A9C:
4A9C  e811e2         call 0x2cb0
4A9F  a3dc43         mov word ptr [0x43dc], ax
L4AA2:
4AA2  e833c9         call 0x13d8
4AA5  74fb           je 0x4aa2
4AA7  e85900         call 0x4b03
4AAA  803ed54400     cmp byte ptr [0x44d5], 0
4AAF  744e           je 0x4aff
4AB1  8b1ec144       mov bx, word ptr [0x44c1]
4AB5  80bfc44400     cmp byte ptr [bx + 0x44c4], 0
4ABA  7443           je 0x4aff
4ABC  fe8fc444       dec byte ptr [bx + 0x44c4]
4AC0  7525           jne 0x4ae7
4AC2  53             push bx
4AC3  b8fd08         mov ax, 0x8fd
4AC6  bb2307         mov bx, 0x723
4AC9  e86f0e         call 0x593b
4ACC  5b             pop bx
4ACD  c606980600     mov byte ptr [0x698], 0
4AD2  c606be4400     mov byte ptr [0x44be], 0
4AD7  c6069a0610     mov byte ptr [0x69a], 0x10
4ADC  fe0ed644       dec byte ptr [0x44d6]
4AE0  7505           jne 0x4ae7
4AE2  c606530501     mov byte ptr [0x553], 1
L4AE7:
4AE7  53             push bx
4AE8  e8c5fc         call 0x47b0
4AEB  5b             pop bx
4AEC  730e           jae 0x4afc
4AEE  53             push bx
4AEF  e8aee8         call 0x33a0
4AF2  5b             pop bx
4AF3  e8d200         call 0x4bc8
4AF6  e840e8         call 0x3339
4AF9  eb04           jmp 0x4aff
4AFB  db 90
L4AFC:
4AFC  e8c900         call 0x4bc8
L4AFF:
4AFF  e81b00         call 0x4b1d
4B02  c3             ret 

;======================================================================
proc_4B03:
4B03  803ee04300     cmp byte ptr [0x43e0], 0
4B08  7512           jne 0x4b1c
4B0A  8b3ede43       mov di, word ptr [0x43de]
4B0E  bea043         mov si, 0x43a0
4B11  b800b8         mov ax, 0xb800
4B14  8ec0           mov es, ax
4B16  b9030a         mov cx, 0xa03
4B19  e881e2         call 0x2d9d
L4B1C:
4B1C  c3             ret 

;======================================================================
proc_4B1D:
4B1D  c606e04300     mov byte ptr [0x43e0], 0
4B22  b800b8         mov ax, 0xb800
4B25  8ec0           mov es, ax
4B27  8b3edc43       mov di, word ptr [0x43dc]
4B2B  893ede43       mov word ptr [0x43de], di
4B2F  bda043         mov bp, 0x43a0
4B32  8b36d144       mov si, word ptr [0x44d1]
4B36  803ed04480     cmp byte ptr [0x44d0], 0x80
4B3B  7203           jb 0x4b40
4B3D  83c63c         add si, 0x3c
L4B40:
4B40  b9030a         mov cx, 0xa03
4B43  e8efe1         call 0x2d35
4B46  c3             ret 

;======================================================================
proc_4B47:
4B47  1e             push ds
4B48  07             pop es
4B49  2bc0           sub ax, ax
4B4B  bf4144         mov di, 0x4441
4B4E  b90c00         mov cx, 0xc
4B51  f3ab           rep stosw word ptr es:[di], ax
4B53  b800b8         mov ax, 0xb800
4B56  8ec0           mov es, ax
4B58  8b1e0800       mov bx, word ptr [8]
4B5C  8a8f7144       mov cl, byte ptr [bx + 0x4471]
4B60  2aed           sub ch, ch
L4B62:
4B62  e898e2         call 0x2dfd
4B65  8ada           mov bl, dl
4B67  81e31e00       and bx, 0x1e
4B6B  80fb18         cmp bl, 0x18
4B6E  73f2           jae 0x4b62
4B70  83bf414400     cmp word ptr [bx + 0x4441], 0
4B75  75eb           jne 0x4b62
4B77  c78759440000   mov word ptr [bx + 0x4459], 0
4B7D  c78741440100   mov word ptr [bx + 0x4441], 1
4B83  51             push cx
4B84  8bb72944       mov si, word ptr [bx + 0x4429]
4B88  8bbf1144       mov di, word ptr [bx + 0x4411]
4B8C  b9050d         mov cx, 0xd05
4B8F  e80be2         call 0x2d9d
4B92  59             pop cx
4B93  e2cd           loop 0x4b62
4B95  b90c00         mov cx, 0xc
L4B98:
4B98  8bd9           mov bx, cx
4B9A  4b             dec bx
4B9B  8b360800       mov si, word ptr [8]
4B9F  8a947944       mov dl, byte ptr [si + 0x4479]
4BA3  8897c444       mov byte ptr [bx + 0x44c4], dl
4BA7  51             push cx
4BA8  e81d00         call 0x4bc8
4BAB  59             pop cx
4BAC  e2ea           loop 0x4b98
4BAE  c606d04400     mov byte ptr [0x44d0], 0
4BB3  c606bd4400     mov byte ptr [0x44bd], 0
4BB8  c606e04301     mov byte ptr [0x43e0], 1
4BBD  c606d6440c     mov byte ptr [0x44d6], 0xc
4BC2  c606be4400     mov byte ptr [0x44be], 0
4BC7  c3             ret 

;======================================================================
proc_4BC8:
4BC8  e81d00         call 0x4be8
4BCB  8bf8           mov di, ax
4BCD  8a87c444       mov al, byte ptr [bx + 0x44c4]
4BD1  2ae4           sub ah, ah
4BD3  b105           mov cl, 5
4BD5  d3e0           shl ax, cl
4BD7  05fc41         add ax, 0x41fc
4BDA  8bf0           mov si, ax
4BDC  b90208         mov cx, 0x802
4BDF  b800b8         mov ax, 0xb800
4BE2  8ec0           mov es, ax
4BE4  e8b6e1         call 0x2d9d
4BE7  c3             ret 

;======================================================================
proc_4BE8:
4BE8  53             push bx
4BE9  8a979944       mov dl, byte ptr [bx + 0x4499]
4BED  d0e3           shl bl, 1
4BEF  8b8f8144       mov cx, word ptr [bx + 0x4481]
4BF3  e8bae0         call 0x2cb0
4BF6  5b             pop bx
4BF7  c3             ret 
4BF8  db 00 00 00 00 00 00 00 00

;======================================================================
proc_4C00:
4C00  c3             ret 
4C01  db C3 C3 C3 F8 C3 F8 C3 C3 00 00 00 00 00 00 00

;======================================================================
proc_4C10:
4C10  2ae4           sub ah, ah
4C12  cd1a           int 0x1a
4C14  3b16b845       cmp dx, word ptr [0x45b8]
4C18  7501           jne 0x4c1b
4C1A  c3             ret 
L4C1B:
4C1B  ff06b645       inc word ptr [0x45b6]
4C1F  8b1eb645       mov bx, word ptr [0x45b6]
4C23  83fb01         cmp bx, 1
4C26  7410           je 0x4c38
4C28  83fb04         cmp bx, 4
4C2B  740b           je 0x4c38
4C2D  83fb07         cmp bx, 7
4C30  720a           jb 0x4c3c
4C32  2bdb           sub bx, bx
4C34  891eb645       mov word ptr [0x45b6], bx
L4C38:
4C38  8916b845       mov word ptr [0x45b8], dx
L4C3C:
4C3C  e88e03         call 0x4fcd
4C3F  e8eb03         call 0x502d
4C42  7301           jae 0x4c45
L4C44:
4C44  c3             ret 
L4C45:
4C45  833e4f4500     cmp word ptr [0x454f], 0
4C4A  7440           je 0x4c8c
4C4C  2ae4           sub ah, ah
4C4E  cd1a           int 0x1a
4C50  2b164f45       sub dx, word ptr [0x454f]
4C54  8b1e0800       mov bx, word ptr [8]
4C58  d0e3           shl bl, 1
4C5A  8b87c745       mov ax, word ptr [bx + 0x45c7]
4C5E  833eb64500     cmp word ptr [0x45b6], 0
4C63  7502           jne 0x4c67
4C65  d1e0           shl ax, 1
L4C67:
4C67  3bd0           cmp dx, ax
4C69  72d9           jb 0x4c44
4C6B  c7064f450000   mov word ptr [0x454f], 0
4C71  c6064e4501     mov byte ptr [0x454e], 1
4C76  b82400         mov ax, 0x24
4C79  813e7905a000   cmp word ptr [0x579], 0xa0
4C7F  7703           ja 0x4c84
4C81  b80801         mov ax, 0x108
L4C84:
4C84  a34845         mov word ptr [0x4548], ax
4C87  c6064a4500     mov byte ptr [0x454a], 0
L4C8C:
4C8C  e84101         call 0x4dd0
4C8F  7308           jae 0x4c99
4C91  8b1eb645       mov bx, word ptr [0x45b6]
4C95  e82303         call 0x4fbb
4C98  c3             ret 
L4C99:
4C99  803e534500     cmp byte ptr [0x4553], 0
4C9E  7418           je 0x4cb8
4CA0  fe0e5345       dec byte ptr [0x4553]
4CA4  750f           jne 0x4cb5
4CA6  b201           mov dl, 1
4CA8  803e4a45ff     cmp byte ptr [0x454a], 0xff
4CAD  7402           je 0x4cb1
4CAF  b2ff           mov dl, 0xff
L4CB1:
4CB1  88164a45       mov byte ptr [0x454a], dl
L4CB5:
4CB5  eb5d           jmp 0x4d14
4CB7  db 90
L4CB8:
4CB8  a04b45         mov al, byte ptr [0x454b]
4CBB  3a067b05       cmp al, byte ptr [0x57b]
4CBF  7753           ja 0x4d14
4CC1  833eb64506     cmp word ptr [0x45b6], 6
4CC6  7507           jne 0x4ccf
4CC8  803e7b0528     cmp byte ptr [0x57b], 0x28
4CCD  720d           jb 0x4cdc
L4CCF:
4CCF  e82be1         call 0x2dfd
4CD2  8b1e0800       mov bx, word ptr [8]
4CD6  3a97bf45       cmp dl, byte ptr [bx + 0x45bf]
4CDA  7738           ja 0x4d14
L4CDC:
4CDC  2ad2           sub dl, dl
4CDE  a14845         mov ax, word ptr [0x4548]
4CE1  25f80f         and ax, 0xff8
4CE4  8b0e7905       mov cx, word ptr [0x579]
4CE8  81e1f80f       and cx, 0xff8
4CEC  3bc1           cmp ax, cx
4CEE  7406           je 0x4cf6
4CF0  b201           mov dl, 1
4CF2  7202           jb 0x4cf6
4CF4  b2ff           mov dl, 0xff
L4CF6:
4CF6  88164a45       mov byte ptr [0x454a], dl
4CFA  803e7b0528     cmp byte ptr [0x57b], 0x28
4CFF  7213           jb 0x4d14
4D01  833eb64506     cmp word ptr [0x45b6], 6
4D06  750c           jne 0x4d14
4D08  b001           mov al, 1
4D0A  80faff         cmp dl, 0xff
4D0D  7402           je 0x4d11
4D0F  b0ff           mov al, 0xff
L4D11:
4D11  a24a45         mov byte ptr [0x454a], al
L4D14:
4D14  c706bc450800   mov word ptr [0x45bc], 8
4D1A  803e534500     cmp byte ptr [0x4553], 0
4D1F  7406           je 0x4d27
4D21  c706bc450400   mov word ptr [0x45bc], 4
L4D27:
4D27  a14845         mov ax, word ptr [0x4548]
4D2A  803e4a4501     cmp byte ptr [0x454a], 1
4D2F  7315           jae 0x4d46
4D31  e8c9e0         call 0x2dfd
4D34  80fa10         cmp dl, 0x10
4D37  7768           ja 0x4da1
4D39  80e201         and dl, 1
4D3C  7502           jne 0x4d40
4D3E  b2ff           mov dl, 0xff
L4D40:
4D40  88164a45       mov byte ptr [0x454a], dl
4D44  eb5b           jmp 0x4da1
L4D46:
4D46  7518           jne 0x4d60
4D48  0306bc45       add ax, word ptr [0x45bc]
4D4C  3d0b01         cmp ax, 0x10b
4D4F  7227           jb 0x4d78
4D51  b80a01         mov ax, 0x10a
4D54  c6064a45ff     mov byte ptr [0x454a], 0xff
4D59  c606534500     mov byte ptr [0x4553], 0
4D5E  eb18           jmp 0x4d78
L4D60:
4D60  2b06bc45       sub ax, word ptr [0x45bc]
4D64  7205           jb 0x4d6b
4D66  3d2400         cmp ax, 0x24
4D69  770d           ja 0x4d78
L4D6B:
4D6B  b82500         mov ax, 0x25
4D6E  c6064a4501     mov byte ptr [0x454a], 1
4D73  c606534500     mov byte ptr [0x4553], 0
L4D78:
4D78  a34845         mov word ptr [0x4548], ax
4D7B  8306514502     add word ptr [0x4551], 2
4D80  833e51450c     cmp word ptr [0x4551], 0xc
4D85  7206           jb 0x4d8d
4D87  c70651450000   mov word ptr [0x4551], 0
L4D8D:
4D8D  803e534500     cmp byte ptr [0x4553], 0
4D92  750d           jne 0x4da1
4D94  e866e0         call 0x2dfd
4D97  80fa08         cmp dl, 8
4D9A  7705           ja 0x4da1
4D9C  c6064a4500     mov byte ptr [0x454a], 0
L4DA1:
4DA1  8b0e4845       mov cx, word ptr [0x4548]
4DA5  8a164b45       mov dl, byte ptr [0x454b]
4DA9  e804df         call 0x2cb0
4DAC  a3ba45         mov word ptr [0x45ba], ax
4DAF  e87b02         call 0x502d
4DB2  7301           jae 0x4db5
4DB4  c3             ret 
L4DB5:
4DB5  e81800         call 0x4dd0
4DB8  720e           jb 0x4dc8
4DBA  e88d01         call 0x4f4a
4DBD  e85001         call 0x4f10
4DC0  c606be4500     mov byte ptr [0x45be], 0
4DC5  e8ad00         call 0x4e75
L4DC8:
4DC8  8b1eb645       mov bx, word ptr [0x45b6]
4DCC  e8ec01         call 0x4fbb
4DCF  c3             ret 

;======================================================================
proc_4DD0:
4DD0  a17905         mov ax, word ptr [0x579]
4DD3  8a167b05       mov dl, byte ptr [0x57b]
4DD7  be1800         mov si, 0x18
4DDA  8bfe           mov di, si
4DDC  8b1e4845       mov bx, word ptr [0x4548]
4DE0  8a364b45       mov dh, byte ptr [0x454b]
4DE4  b90e0c         mov cx, 0xc0e
4DE7  e83fe0         call 0x2e29
4DEA  7351           jae 0x4e3d
4DEC  833eb64506     cmp word ptr [0x45b6], 6
4DF1  750d           jne 0x4e00
4DF3  c606530501     mov byte ptr [0x553], 1
4DF8  e8e8c3         call 0x11e3
4DFB  e84c01         call 0x4f4a
4DFE  f9             stc 
4DFF  c3             ret 
L4E00:
4E00  e8e0c3         call 0x11e3
4E03  e84401         call 0x4f4a
4E06  e83cc3         call 0x1145
4E09  c6065b0504     mov byte ptr [0x55b], 4
4E0E  c606710501     mov byte ptr [0x571], 1
4E13  c606760504     mov byte ptr [0x576], 4
4E18  c606780508     mov byte ptr [0x578], 8
4E1D  c606534504     mov byte ptr [0x4553], 4
4E22  b201           mov dl, 1
4E24  a14845         mov ax, word ptr [0x4548]
4E27  3b067905       cmp ax, word ptr [0x579]
4E2B  7702           ja 0x4e2f
4E2D  b2ff           mov dl, 0xff
L4E2F:
4E2F  88164a45       mov byte ptr [0x454a], dl
4E33  b8e40c         mov ax, 0xce4
4E36  bb3b12         mov bx, 0x123b
4E39  e8ff0a         call 0x593b
4E3C  f9             stc 
L4E3D:
4E3D  c3             ret 

;======================================================================
proc_4E3E:
4E3E  c606be4501     mov byte ptr [0x45be], 1
4E43  a1b645         mov ax, word ptr [0x45b6]
4E46  50             push ax
4E47  c706b6450000   mov word ptr [0x45b6], 0
L4E4D:
4E4D  8b1eb645       mov bx, word ptr [0x45b6]
4E51  e87901         call 0x4fcd
4E54  833e4f4500     cmp word ptr [0x454f], 0
4E59  750a           jne 0x4e65
4E5B  e81700         call 0x4e75
4E5E  8b1eb645       mov bx, word ptr [0x45b6]
4E62  e85601         call 0x4fbb
L4E65:
4E65  ff06b645       inc word ptr [0x45b6]
4E69  833eb64507     cmp word ptr [0x45b6], 7
4E6E  72dd           jb 0x4e4d
4E70  58             pop ax
4E71  a3b645         mov word ptr [0x45b6], ax
4E74  c3             ret 

;======================================================================
proc_4E75:
4E75  b90800         mov cx, 8
L4E78:
4E78  8bd9           mov bx, cx
4E7A  4b             dec bx
4E7B  80bf722b00     cmp byte ptr [bx + 0x2b72], 0
4E80  7421           je 0x4ea3
4E82  51             push cx
4E83  8a976a2b       mov dl, byte ptr [bx + 0x2b6a]
4E87  d0e3           shl bl, 1
4E89  8b875a2b       mov ax, word ptr [bx + 0x2b5a]
4E8D  be1800         mov si, 0x18
4E90  8bfe           mov di, si
4E92  8b1e4845       mov bx, word ptr [0x4548]
4E96  8a364b45       mov dh, byte ptr [0x454b]
4E9A  b90f0c         mov cx, 0xc0f
4E9D  e889df         call 0x2e29
4EA0  59             pop cx
4EA1  7203           jb 0x4ea6
L4EA3:
4EA3  e2d3           loop 0x4e78
4EA5  c3             ret 
L4EA6:
4EA6  51             push cx
4EA7  803ebe4500     cmp byte ptr [0x45be], 0
4EAC  750d           jne 0x4ebb
4EAE  e832c3         call 0x11e3
4EB1  803ef27000     cmp byte ptr [0x70f2], 0
4EB6  7403           je 0x4ebb
4EB8  e87013         call 0x622b
L4EBB:
4EBB  e88c00         call 0x4f4a
4EBE  59             pop cx
4EBF  8bd9           mov bx, cx
4EC1  4b             dec bx
4EC2  c687722b00     mov byte ptr [bx + 0x2b72], 0
4EC7  8a976a2b       mov dl, byte ptr [bx + 0x2b6a]
4ECB  d0e3           shl bl, 1
4ECD  8b8f5a2b       mov cx, word ptr [bx + 0x2b5a]
4ED1  e8dcdd         call 0x2cb0
4ED4  8bf8           mov di, ax
4ED6  be7a2b         mov si, 0x2b7a
4ED9  b800b8         mov ax, 0xb800
4EDC  8ec0           mov es, ax
4EDE  b9030f         mov cx, 0xf03
4EE1  e8b9de         call 0x2d9d
4EE4  803ebe4500     cmp byte ptr [0x45be], 0
4EE9  750d           jne 0x4ef8
4EEB  803ef27000     cmp byte ptr [0x70f2], 0
4EF0  7403           je 0x4ef5
4EF2  e80513         call 0x61fa
L4EF5:
4EF5  e84dc2         call 0x1145
L4EF8:
4EF8  2bd2           sub dx, dx
4EFA  833eb64506     cmp word ptr [0x45b6], 6
4EFF  740a           je 0x4f0b
4F01  2ae4           sub ah, ah
4F03  cd1a           int 0x1a
4F05  83fa00         cmp dx, 0
4F08  7501           jne 0x4f0b
4F0A  4a             dec dx
L4F0B:
4F0B  89164f45       mov word ptr [0x454f], dx
4F0F  c3             ret 

;======================================================================
proc_4F10:
4F10  c6064e4500     mov byte ptr [0x454e], 0
4F15  be0045         mov si, 0x4500
4F18  803e4a4500     cmp byte ptr [0x454a], 0
4F1D  741f           je 0x4f3e
4F1F  8b1e5145       mov bx, word ptr [0x4551]
4F23  803e534500     cmp byte ptr [0x4553], 0
4F28  7406           je 0x4f30
4F2A  80e302         and bl, 2
4F2D  80c30c         add bl, 0xc
L4F30:
4F30  803e4a45ff     cmp byte ptr [0x454a], 0xff
4F35  7503           jne 0x4f3a
4F37  83c310         add bx, 0x10
L4F3A:
4F3A  8bb7604a       mov si, word ptr [bx + 0x4a60]
L4F3E:
4F3E  8b3eba45       mov di, word ptr [0x45ba]
4F42  893e4c45       mov word ptr [0x454c], di
4F46  e89600         call 0x4fdf
4F49  c3             ret 

;======================================================================
proc_4F4A:
4F4A  803e4e4500     cmp byte ptr [0x454e], 0
4F4F  7507           jne 0x4f58
4F51  8b3e4c45       mov di, word ptr [0x454c]
4F55  e8b000         call 0x5008
L4F58:
4F58  c3             ret 

;======================================================================
proc_4F59:
4F59  c706b6450000   mov word ptr [0x45b6], 0
L4F5F:
4F5F  e89bde         call 0x2dfd
4F62  81e27f00       and dx, 0x7f
4F66  83c260         add dx, 0x60
4F69  89164845       mov word ptr [0x4548], dx
4F6D  c6064a4500     mov byte ptr [0x454a], 0
4F72  c6064e4501     mov byte ptr [0x454e], 1
4F77  c70651450000   mov word ptr [0x4551], 0
4F7D  c606534500     mov byte ptr [0x4553], 0
4F82  2bd2           sub dx, dx
4F84  833eb64500     cmp word ptr [0x45b6], 0
4F89  750a           jne 0x4f95
4F8B  2ae4           sub ah, ah
4F8D  cd1a           int 0x1a
4F8F  83fa00         cmp dx, 0
4F92  7501           jne 0x4f95
4F94  4a             dec dx
L4F95:
4F95  89164f45       mov word ptr [0x454f], dx
4F99  8b1eb645       mov bx, word ptr [0x45b6]
4F9D  8a87d42b       mov al, byte ptr [bx + 0x2bd4]
4FA1  0403           add al, 3
4FA3  a24b45         mov byte ptr [0x454b], al
4FA6  e81200         call 0x4fbb
4FA9  ff06b645       inc word ptr [0x45b6]
4FAD  833eb64507     cmp word ptr [0x45b6], 7
4FB2  72ab           jb 0x4f5f
4FB4  c706b6450000   mov word ptr [0x45b6], 0
4FBA  c3             ret 

;======================================================================
proc_4FBB:
4FBB  1e             push ds
4FBC  07             pop es
4FBD  d0e3           shl bl, 1
4FBF  fc             cld 
4FC0  8bbfa845       mov di, word ptr [bx + 0x45a8]
4FC4  be4845         mov si, 0x4548
4FC7  b90c00         mov cx, 0xc
4FCA  f3a4           rep movsb byte ptr es:[di], byte ptr [si]
4FCC  c3             ret 

;======================================================================
proc_4FCD:
4FCD  1e             push ds
4FCE  07             pop es
4FCF  d0e3           shl bl, 1
4FD1  fc             cld 
4FD2  8bb7a845       mov si, word ptr [bx + 0x45a8]
4FD6  bf4845         mov di, 0x4548
4FD9  b90c00         mov cx, 0xc
4FDC  f3a4           rep movsb byte ptr es:[di], byte ptr [si]
4FDE  c3             ret 

;======================================================================
proc_4FDF:
4FDF  b800b8         mov ax, 0xb800
4FE2  8ec0           mov es, ax
4FE4  fc             cld 
4FE5  b60c           mov dh, 0xc
L4FE7:
4FE7  b90300         mov cx, 3
L4FEA:
4FEA  268b1d         mov bx, word ptr es:[di]
4FED  ad             lodsw ax, word ptr [si]
4FEE  0bc3           or ax, bx
4FF0  ab             stosw word ptr es:[di], ax
4FF1  e2f7           loop 0x4fea
4FF3  83ef06         sub di, 6
4FF6  81f70020       xor di, 0x2000
4FFA  f7c70020       test di, 0x2000
4FFE  7503           jne 0x5003
5000  83c750         add di, 0x50
L5003:
5003  fece           dec dh
5005  75e0           jne 0x4fe7
5007  c3             ret 

;======================================================================
proc_5008:
5008  b800b8         mov ax, 0xb800
500B  8ec0           mov es, ax
500D  fc             cld 
500E  b60c           mov dh, 0xc
5010  b85555         mov ax, 0x5555
L5013:
5013  b90300         mov cx, 3
5016  f3ab           rep stosw word ptr es:[di], ax
5018  83ef06         sub di, 6
501B  81f70020       xor di, 0x2000
501F  f7c70020       test di, 0x2000
5023  7503           jne 0x5028
5025  83c750         add di, 0x50
L5028:
5028  fece           dec dh
502A  75e7           jne 0x5013
502C  c3             ret 

;======================================================================
proc_502D:
502D  803ef27000     cmp byte ptr [0x70f2], 0
5032  7502           jne 0x5036
5034  f8             clc 
5035  c3             ret 
L5036:
5036  a1f370         mov ax, word ptr [0x70f3]
5039  8a16f570       mov dl, byte ptr [0x70f5]
503D  be1000         mov si, 0x10
5040  8b1e4845       mov bx, word ptr [0x4548]
5044  8a364b45       mov dh, byte ptr [0x454b]
5048  bf1800         mov di, 0x18
504B  b9080c         mov cx, 0xc08
504E  e8d8dd         call 0x2e29
5051  c3             ret 
5052  db 00 00 00 00 00 00 00 00 00 00 00 00 00 00

;======================================================================
proc_5060:
5060  b800b8         mov ax, 0xb800
5063  8ec0           mov es, ax
5065  a17905         mov ax, word ptr [0x579]
5068  3d1701         cmp ax, 0x117
506B  7203           jb 0x5070
506D  b81601         mov ax, 0x116
L5070:
5070  2d1000         sub ax, 0x10
5073  7302           jae 0x5077
5075  2bc0           sub ax, ax
L5077:
5077  25f00f         and ax, 0xff0
507A  a37905         mov word ptr [0x579], ax
507D  c6067b0514     mov byte ptr [0x57b], 0x14
5082  2d8000         sub ax, 0x80
5085  7302           jae 0x5089
5087  f7d0           not ax
L5089:
5089  b103           mov cl, 3
508B  d3e8           shr ax, cl
508D  3d0d00         cmp ax, 0xd
5090  7603           jbe 0x5095
5092  b80d00         mov ax, 0xd
L5095:
5095  050200         add ax, 2
5098  a36a4d         mov word ptr [0x4d6a], ax
509B  c706d64d0a00   mov word ptr [0x4dd6], 0xa
L50A1:
50A1  833ed64d0a     cmp word ptr [0x4dd6], 0xa
50A6  7403           je 0x50ab
50A8  e8b80a         call 0x5b63
L50AB:
50AB  2ae4           sub ah, ah
50AD  cd1a           int 0x1a
50AF  8916804a       mov word ptr [0x4a80], dx
50B3  a17905         mov ax, word ptr [0x579]
50B6  8bc8           mov cx, ax
50B8  81e1f00f       and cx, 0xff0
50BC  81f98000       cmp cx, 0x80
50C0  7504           jne 0x50c6
50C2  8bc1           mov ax, cx
50C4  eb0c           jmp 0x50d2
L50C6:
50C6  7206           jb 0x50ce
50C8  2b066a4d       sub ax, word ptr [0x4d6a]
50CC  eb04           jmp 0x50d2
L50CE:
50CE  03066a4d       add ax, word ptr [0x4d6a]
L50D2:
50D2  a37905         mov word ptr [0x579], ax
50D5  803e7b0554     cmp byte ptr [0x57b], 0x54
50DA  7201           jb 0x50dd
50DC  c3             ret 
L50DD:
50DD  80067b0508     add byte ptr [0x57b], 8
50E2  8b0e7905       mov cx, word ptr [0x579]
50E6  83c104         add cx, 4
50E9  8a167b05       mov dl, byte ptr [0x57b]
50ED  e8c0db         call 0x2cb0
50F0  8bf8           mov di, ax
50F2  893ed84d       mov word ptr [0x4dd8], di
50F6  be8a4b         mov si, 0x4b8a
50F9  bd0e00         mov bp, 0xe
50FC  b90720         mov cx, 0x2007
50FF  e8cadb         call 0x2ccc
5102  8b3ed84d       mov di, word ptr [0x4dd8]
5106  81c7f300       add di, 0xf3
510A  be824a         mov si, 0x4a82
510D  b9040d         mov cx, 0xd04
5110  e88adc         call 0x2d9d
5113  833ed64d0a     cmp word ptr [0x4dd6], 0xa
5118  7506           jne 0x5120
511A  e81106         call 0x572e
511D  e8340a         call 0x5b54
L5120:
5120  e8400a         call 0x5b63
5123  2ae4           sub ah, ah
5125  cd1a           int 0x1a
5127  2b16804a       sub dx, word ptr [0x4a80]
512B  3b16d64d       cmp dx, word ptr [0x4dd6]
512F  72ef           jb 0x5120
5131  833ed64d0a     cmp word ptr [0x4dd6], 0xa
5136  7509           jne 0x5141
5138  e875e7         call 0x38b0
513B  2bdb           sub bx, bx
513D  b40b           mov ah, 0xb
513F  cd10           int 0x10
L5141:
5141  c706d64d0200   mov word ptr [0x4dd6], 2
5147  e957ff         jmp 0x50a1

;======================================================================
proc_514A:
514A  b90300         mov cx, 3
L514D:
514D  bb0300         mov bx, 3
5150  2bd9           sub bx, cx
5152  d1e3           shl bx, 1
5154  8b87a44d       mov ax, word ptr [bx + 0x4da4]
5158  a36a4d         mov word ptr [0x4d6a], ax
515B  8b87aa4d       mov ax, word ptr [bx + 0x4daa]
515F  a36c4d         mov word ptr [0x4d6c], ax
5162  8b87984d       mov ax, word ptr [bx + 0x4d98]
5166  a3cc4d         mov word ptr [0x4dcc], ax
5169  8b879e4d       mov ax, word ptr [bx + 0x4d9e]
516D  a3ce4d         mov word ptr [0x4dce], ax
5170  8b87b04d       mov ax, word ptr [bx + 0x4db0]
5174  a3d04d         mov word ptr [0x4dd0], ax
5177  8b87b64d       mov ax, word ptr [bx + 0x4db6]
517B  a3d24d         mov word ptr [0x4dd2], ax
517E  8b87bc4d       mov ax, word ptr [bx + 0x4dbc]
5182  a3d44d         mov word ptr [0x4dd4], ax
5185  8b87924d       mov ax, word ptr [bx + 0x4d92]
5189  a3ca4d         mov word ptr [0x4dca], ax
518C  8b87c24d       mov ax, word ptr [bx + 0x4dc2]
5190  a3c84d         mov word ptr [0x4dc8], ax
5193  51             push cx
5194  e80400         call 0x519b
5197  59             pop cx
5198  e2b3           loop 0x514d
519A  c3             ret 

;======================================================================
proc_519B:
519B  b90800         mov cx, 8
519E  c606914d01     mov byte ptr [0x4d91], 1
L51A3:
51A3  51             push cx
51A4  e8bc09         call 0x5b63
51A7  59             pop cx
51A8  8bd9           mov bx, cx
51AA  4b             dec bx
51AB  d1e3           shl bx, 1
51AD  a1cc4d         mov ax, word ptr [0x4dcc]
51B0  89874a4d       mov word ptr [bx + 0x4d4a], ax
51B4  a1ce4d         mov ax, word ptr [0x4dce]
51B7  89875a4d       mov word ptr [bx + 0x4d5a], ax
51BB  e2e6           loop 0x51a3
51BD  b800b8         mov ax, 0xb800
51C0  8ec0           mov es, ax
51C2  c6066e4d00     mov byte ptr [0x4d6e], 0
L51C7:
51C7  2ae4           sub ah, ah
51C9  cd1a           int 0x1a
51CB  8916804a       mov word ptr [0x4a80], dx
51CF  b90800         mov cx, 8
L51D2:
51D2  51             push cx
51D3  e88d09         call 0x5b63
51D6  59             pop cx
51D7  8bd9           mov bx, cx
51D9  4b             dec bx
51DA  d1e3           shl bx, 1
51DC  51             push cx
51DD  53             push bx
51DE  803e914d00     cmp byte ptr [0x4d91], 0
51E3  7405           je 0x51ea
51E5  83f908         cmp cx, 8
51E8  751b           jne 0x5205
L51EA:
51EA  8b8f4a4d       mov cx, word ptr [bx + 0x4d4a]
51EE  8b975a4d       mov dx, word ptr [bx + 0x4d5a]
51F2  e8bbda         call 0x2cb0
51F5  8bf8           mov di, ax
51F7  8b36ca4d       mov si, word ptr [0x4dca]
51FB  bd0e00         mov bp, 0xe
51FE  8b0ed44d       mov cx, word ptr [0x4dd4]
5202  e8c7da         call 0x2ccc
L5205:
5205  5b             pop bx
5206  59             pop cx
5207  e82000         call 0x522a
520A  e2c6           loop 0x51d2
L520C:
520C  e85409         call 0x5b63
520F  2ae4           sub ah, ah
5211  cd1a           int 0x1a
5213  2b16804a       sub dx, word ptr [0x4a80]
5217  3b16c84d       cmp dx, word ptr [0x4dc8]
521B  72ef           jb 0x520c
521D  c606914d00     mov byte ptr [0x4d91], 0
5222  803e6e4d00     cmp byte ptr [0x4d6e], 0
5227  749e           je 0x51c7
5229  c3             ret 

;======================================================================
proc_522A:
522A  8b874a4d       mov ax, word ptr [bx + 0x4d4a]
522E  83bf6f4d01     cmp word ptr [bx + 0x4d6f], 1
5233  7225           jb 0x525a
5235  7513           jne 0x524a
5237  03066a4d       add ax, word ptr [0x4d6a]
523B  3b06d04d       cmp ax, word ptr [0x4dd0]
523F  7615           jbe 0x5256
5241  a1d04d         mov ax, word ptr [0x4dd0]
5244  fe066e4d       inc byte ptr [0x4d6e]
5248  eb0c           jmp 0x5256
L524A:
524A  2b066a4d       sub ax, word ptr [0x4d6a]
524E  7306           jae 0x5256
5250  2bc0           sub ax, ax
5252  fe066e4d       inc byte ptr [0x4d6e]
L5256:
5256  89874a4d       mov word ptr [bx + 0x4d4a], ax
L525A:
525A  8b875a4d       mov ax, word ptr [bx + 0x4d5a]
525E  83bf7f4d01     cmp word ptr [bx + 0x4d7f], 1
5263  7225           jb 0x528a
5265  7513           jne 0x527a
5267  03066c4d       add ax, word ptr [0x4d6c]
526B  3b06d24d       cmp ax, word ptr [0x4dd2]
526F  7615           jbe 0x5286
5271  a1d24d         mov ax, word ptr [0x4dd2]
5274  fe066e4d       inc byte ptr [0x4d6e]
5278  eb0c           jmp 0x5286
L527A:
527A  2b066c4d       sub ax, word ptr [0x4d6c]
527E  7306           jae 0x5286
5280  2bc0           sub ax, ax
5282  fe066e4d       inc byte ptr [0x4d6e]
L5286:
5286  89875a4d       mov word ptr [bx + 0x4d5a], ax
L528A:
528A  c3             ret 

;======================================================================
proc_528B:
528B  e8c608         call 0x5b54
528E  803e9706fd     cmp byte ptr [0x697], 0xfd
5293  7407           je 0x529c
5295  b40b           mov ah, 0xb
5297  bb0101         mov bx, 0x101
529A  cd10           int 0x10
L529C:
529C  e8c1fd         call 0x5060
529F  e8a8fe         call 0x514a
52A2  e81a09         call 0x5bbf
52A5  803e801f09     cmp byte ptr [0x1f80], 9
52AA  7304           jae 0x52b0
52AC  fe06801f       inc byte ptr [0x1f80]
L52B0:
52B0  833e080007     cmp word ptr [8], 7
52B5  7304           jae 0x52bb
52B7  ff060800       inc word ptr [8]
L52BB:
52BB  c70614040000   mov word ptr [0x414], 0
52C1  2ae4           sub ah, ah
52C3  cd1a           int 0x1a
52C5  89161204       mov word ptr [0x412], dx
52C9  e85508         call 0x5b21
52CC  c3             ret 
52CD  db 00 00 00

;======================================================================
proc_52D0:
52D0  803e000000     cmp byte ptr [0], 0
52D5  743b           je 0x5312
52D7  2ae4           sub ah, ah
52D9  cd1a           int 0x1a
52DB  3b16c452       cmp dx, word ptr [0x52c4]
52DF  7431           je 0x5312
52E1  8916c452       mov word ptr [0x52c4], dx
52E5  8b1ec652       mov bx, word ptr [0x52c6]
52E9  8306c65202     add word ptr [0x52c6], 2
52EE  8b87ca52       mov ax, word ptr [bx + 0x52ca]
52F2  3b06c852       cmp ax, word ptr [0x52c8]
52F6  7504           jne 0x52fc
52F8  e82608         call 0x5b21
52FB  c3             ret 
L52FC:
52FC  a3c852         mov word ptr [0x52c8], ax
52FF  b0b6           mov al, 0xb6
5301  e643           out 0x43, al
5303  a1c852         mov ax, word ptr [0x52c8]
5306  e642           out 0x42, al
5308  8ac4           mov al, ah
530A  e642           out 0x42, al
530C  e461           in al, 0x61
530E  0c03           or al, 3
5310  e661           out 0x61, al
L5312:
5312  c3             ret 

;======================================================================
proc_5313:
5313  833e080002     cmp word ptr [8], 2
5318  724d           jb 0x5367
531A  c70616500000   mov word ptr [0x5016], 0
5320  2ae4           sub ah, ah
5322  cd1a           int 0x1a
5324  8916c052       mov word ptr [0x52c0], dx
5328  8916c252       mov word ptr [0x52c2], dx
532C  8916c452       mov word ptr [0x52c4], dx
5330  c706c6520000   mov word ptr [0x52c6], 0
5336  c706c8520000   mov word ptr [0x52c8], 0
L533C:
533C  e82900         call 0x5368
533F  813616500200   xor word ptr [0x5016], 2
L5345:
5345  e888ff         call 0x52d0
5348  2ae4           sub ah, ah
534A  cd1a           int 0x1a
534C  8bc2           mov ax, dx
534E  2b06c052       sub ax, word ptr [0x52c0]
5352  3d0500         cmp ax, 5
5355  72ee           jb 0x5345
5357  8916c052       mov word ptr [0x52c0], dx
535B  2b16c252       sub dx, word ptr [0x52c2]
535F  83fa28         cmp dx, 0x28
5362  72d8           jb 0x533c
5364  e8ba07         call 0x5b21
L5367:
5367  c3             ret 

;======================================================================
proc_5368:
5368  b800b8         mov ax, 0xb800
536B  8ec0           mov es, ax
536D  8b1e0800       mov bx, word ptr [8]
5371  d1e3           shl bx, 1
5373  8b87ae52       mov ax, word ptr [bx + 0x52ae]
5377  a31050         mov word ptr [0x5010], ax
L537A:
537A  8b1e1050       mov bx, word ptr [0x5010]
537E  8b3f           mov di, word ptr [bx]
5380  83ff00         cmp di, 0
5383  7501           jne 0x5386
5385  c3             ret 
L5386:
5386  8b5f02         mov bx, word ptr [bx + 2]
5389  331e1650       xor bx, word ptr [0x5016]
538D  81e30200       and bx, 2
5391  8bb71250       mov si, word ptr [bx + 0x5012]
5395  b90423         mov cx, 0x2304
5398  e802da         call 0x2d9d
539B  e832ff         call 0x52d0
539E  8306105004     add word ptr [0x5010], 4
53A3  ebd5           jmp 0x537a
53A5  db 00 00 00 00 00 00 00 00 00 00 00

;======================================================================
proc_53B0:
53B0  803e000000     cmp byte ptr [0], 0
53B5  743e           je 0x53f5
53B7  2ae4           sub ah, ah
53B9  cd1a           int 0x1a
53BB  3b162253       cmp dx, word ptr [0x5322]
53BF  7434           je 0x53f5
53C1  89162253       mov word ptr [0x5322], dx
53C5  8b1e2053       mov bx, word ptr [0x5320]
53C9  8a9f8c53       mov bl, byte ptr [bx + 0x538c]
53CD  80fb66         cmp bl, 0x66
53D0  740b           je 0x53dd
53D2  2aff           sub bh, bh
53D4  ff062053       inc word ptr [0x5320]
53D8  83fb00         cmp bx, 0
53DB  7504           jne 0x53e1
L53DD:
53DD  e84107         call 0x5b21
53E0  c3             ret 
L53E1:
53E1  b0b6           mov al, 0xb6
53E3  e643           out 0x43, al
53E5  8b872453       mov ax, word ptr [bx + 0x5324]
53E9  e642           out 0x42, al
53EB  8ac4           mov al, ah
53ED  e642           out 0x42, al
53EF  e461           in al, 0x61
53F1  0c03           or al, 3
53F3  e661           out 0x61, al
L53F5:
53F5  c3             ret 
53F6  db 00 00 00 00 00 00 00 00 00 00

;======================================================================
proc_5400:
5400  b800b8         mov ax, 0xb800
5403  8ec0           mov es, ax
5405  8b1e0800       mov bx, word ptr [8]
5409  81e30700       and bx, 7
540D  d1e3           shl bx, 1
540F  8bc3           mov ax, bx
5411  8b9f0859       mov bx, word ptr [bx + 0x5908]
5415  b103           mov cl, 3
5417  d3e0           shl ax, cl
5419  a31859         mov word ptr [0x5918], ax
L541C:
541C  8b3f           mov di, word ptr [bx]
541E  81ffffff       cmp di, 0xffff
5422  7423           je 0x5447
5424  e8d6d9         call 0x2dfd
5427  81e20e00       and dx, 0xe
542B  03161859       add dx, word ptr [0x5918]
542F  8bf2           mov si, dx
5431  8bb48858       mov si, word ptr [si + 0x5888]
5435  8b8c5858       mov cx, word ptr [si + 0x5858]
5439  8bb44c58       mov si, word ptr [si + 0x584c]
543D  53             push bx
543E  e85cd9         call 0x2d9d
5441  5b             pop bx
5442  83c302         add bx, 2
5445  ebd5           jmp 0x541c
L5447:
5447  c3             ret 
5448  db 00 00 00 00 00 00 00 00

;======================================================================
proc_5450:
5450  c6060f5b0c     mov byte ptr [0x5b0f], 0xc
5455  c7060c5b0100   mov word ptr [0x5b0c], 1
545B  c706125bff01   mov word ptr [0x5b12], 0x1ff
5461  c7060a5b0f00   mov word ptr [0x5b0a], 0xf
5467  c6060e5b01     mov byte ptr [0x5b0e], 1
546C  c3             ret 

;======================================================================
proc_546D:
546D  803e000000     cmp byte ptr [0], 0
5472  7431           je 0x54a5
5474  803eb81c00     cmp byte ptr [0x1cb8], 0
5479  747d           je 0x54f8
547B  2ae4           sub ah, ah
547D  cd1a           int 0x1a
547F  803e0f5b00     cmp byte ptr [0x5b0f], 0
5484  7520           jne 0x54a6
5486  3b16105b       cmp dx, word ptr [0x5b10]
548A  7419           je 0x54a5
548C  8916105b       mov word ptr [0x5b10], dx
5490  b0b6           mov al, 0xb6
5492  e643           out 0x43, al
5494  a1125b         mov ax, word ptr [0x5b12]
5497  25ff01         and ax, 0x1ff
549A  05c800         add ax, 0xc8
549D  e8e903         call 0x5889
54A0  832e125b4b     sub word ptr [0x5b12], 0x4b
L54A5:
54A5  c3             ret 
L54A6:
54A6  3b16105b       cmp dx, word ptr [0x5b10]
54AA  7408           je 0x54b4
54AC  8916105b       mov word ptr [0x5b10], dx
54B0  fe0e0f5b       dec byte ptr [0x5b0f]
L54B4:
54B4  fe0e0e5b       dec byte ptr [0x5b0e]
54B8  753d           jne 0x54f7
54BA  b001           mov al, 1
54BC  803e9706fd     cmp byte ptr [0x697], 0xfd
54C1  7402           je 0x54c5
54C3  d0e0           shl al, 1
L54C5:
54C5  a20e5b         mov byte ptr [0x5b0e], al
54C8  e832d9         call 0x2dfd
54CB  80fa04         cmp dl, 4
54CE  7704           ja 0x54d4
54D0  ff060c5b       inc word ptr [0x5b0c]
L54D4:
54D4  f7060c5b0100   test word ptr [0x5b0c], 1
54DA  7405           je 0x54e1
54DC  83060a5b07     add word ptr [0x5b0a], 7
L54E1:
54E1  b0b6           mov al, 0xb6
54E3  e643           out 0x43, al
54E5  e815d9         call 0x2dfd
54E8  8bc2           mov ax, dx
54EA  23060a5b       and ax, word ptr [0x5b0a]
54EE  25ff01         and ax, 0x1ff
54F1  059001         add ax, 0x190
54F4  e89203         call 0x5889
L54F7:
54F7  c3             ret 
L54F8:
54F8  2ae4           sub ah, ah
54FA  cd1a           int 0x1a
54FC  803e205900     cmp byte ptr [0x5920], 0
5501  741f           je 0x5522
5503  3b162159       cmp dx, word ptr [0x5921]
5507  7459           je 0x5562
5509  89162159       mov word ptr [0x5921], dx
550D  fe0e2059       dec byte ptr [0x5920]
5511  740b           je 0x551e
5513  b0b6           mov al, 0xb6
5515  e643           out 0x43, al
5517  a12359         mov ax, word ptr [0x5923]
551A  e86c03         call 0x5889
551D  c3             ret 
L551E:
551E  e80006         call 0x5b21
5521  c3             ret 
L5522:
5522  3b162559       cmp dx, word ptr [0x5925]
5526  743a           je 0x5562
5528  be0300         mov si, 3
552B  a0bf1c         mov al, byte ptr [0x1cbf]
552E  0a06075b       or al, byte ptr [0x5b07]
5532  7515           jne 0x5549
5534  be0100         mov si, 1
5537  833e040000     cmp word ptr [4], 0
553C  750b           jne 0x5549
553E  4e             dec si
553F  803e731600     cmp byte ptr [0x1673], 0
5544  7403           je 0x5549
5546  be0200         mov si, 2
L5549:
5549  8bfe           mov di, si
554B  d1e7           shl di, 1
554D  a08405         mov al, byte ptr [0x584]
5550  0a06075b       or al, byte ptr [0x5b07]
5554  750d           jne 0x5563
5556  8bc2           mov ax, dx
5558  2b062559       sub ax, word ptr [0x5925]
555C  3b85f259       cmp ax, word ptr [di + 0x59f2]
5560  7301           jae 0x5563
L5562:
5562  c3             ret 
L5563:
5563  89162559       mov word ptr [0x5925], dx
5567  803ebf1c00     cmp byte ptr [0x1cbf], 0
556C  750b           jne 0x5579
556E  803e075b00     cmp byte ptr [0x5b07], 0
5573  7429           je 0x559e
5575  fe0e075b       dec byte ptr [0x5b07]
L5579:
5579  c7062e590012   mov word ptr [0x592e], 0x1200
557F  8b1eba59       mov bx, word ptr [0x59ba]
5583  83fb06         cmp bx, 6
5586  7206           jb 0x558e
5588  2bdb           sub bx, bx
558A  891eba59       mov word ptr [0x59ba], bx
L558E:
558E  8306ba5902     add word ptr [0x59ba], 2
5593  8b87445a       mov ax, word ptr [bx + 0x5a44]
5597  a32a59         mov word ptr [0x592a], ax
559A  e88b05         call 0x5b28
559D  c3             ret 
L559E:
559E  83fe02         cmp si, 2
55A1  7518           jne 0x55bb
55A3  a07316         mov al, byte ptr [0x1673]
55A6  2ae4           sub ah, ah
55A8  b104           mov cl, 4
55AA  d3e0           shl ax, cl
55AC  050002         add ax, 0x200
55AF  a32a59         mov word ptr [0x592a], ax
55B2  c7062e590018   mov word ptr [0x592e], 0x1800
55B8  e9d200         jmp 0x568d
L55BB:
55BB  8b85025a       mov ax, word ptr [di + 0x5a02]
55BF  a32e59         mov word ptr [0x592e], ax
55C2  d02e2759       shr byte ptr [0x5927], 1
55C6  735b           jae 0x5623
55C8  c7062e590010   mov word ptr [0x592e], 0x1000
55CE  c606275980     mov byte ptr [0x5927], 0x80
55D3  fe062859       inc byte ptr [0x5928]
55D7  a02859         mov al, byte ptr [0x5928]
55DA  2284fa59       and al, byte ptr [si + 0x59fa]
55DE  7536           jne 0x5616
55E0  8a940a5a       mov dl, byte ptr [si + 0x5a0a]
55E4  00162959       add byte ptr [0x5929], dl
55E8  e812d8         call 0x2dfd
55EB  3a940c5a       cmp dl, byte ptr [si + 0x5a0c]
55EF  7707           ja 0x55f8
55F1  80e207         and dl, 7
55F4  88162d59       mov byte ptr [0x592d], dl
L55F8:
55F8  e802d8         call 0x2dfd
55FB  81e2ff00       and dx, 0xff
55FF  d1e2           shl dx, 1
5601  b101           mov cl, 1
5603  f6c202         test dl, 2
5606  7406           je 0x560e
5608  b1ff           mov cl, 0xff
560A  81c20003       add dx, 0x300
L560E:
560E  89162a59       mov word ptr [0x592a], dx
5612  880e2c59       mov byte ptr [0x592c], cl
L5616:
5616  8a262959       mov ah, byte ptr [0x5929]
561A  22a4fc59       and ah, byte ptr [si + 0x59fc]
561E  0ac4           or al, ah
5620  a22859         mov byte ptr [0x5928], al
L5623:
5623  803e2c59ff     cmp byte ptr [0x592c], 0xff
5628  7416           je 0x5640
562A  8306545a02     add word ptr [0x5a54], 2
562F  8b1e545a       mov bx, word ptr [0x5a54]
5633  81e30e00       and bx, 0xe
5637  8b87445a       mov ax, word ptr [bx + 0x5a44]
563B  a32a59         mov word ptr [0x592a], ax
563E  eb13           jmp 0x5653
L5640:
5640  813e2a59c800   cmp word ptr [0x592a], 0xc8
5646  7706           ja 0x564e
5648  c7062a590005   mov word ptr [0x592a], 0x500
L564E:
564E  832e2a5919     sub word ptr [0x592a], 0x19
L5653:
5653  803e840500     cmp byte ptr [0x584], 0
5658  740d           je 0x5667
565A  c7062e590020   mov word ptr [0x592e], 0x2000
5660  c6062c59ff     mov byte ptr [0x592c], 0xff
5665  7526           jne 0x568d
L5667:
5667  8a1e2859       mov bl, byte ptr [0x5928]
566B  2aff           sub bh, bh
566D  039dfe59       add bx, word ptr [di + 0x59fe]
5671  8a87c259       mov al, byte ptr [bx + 0x59c2]
5675  22062759       and al, byte ptr [0x5927]
5679  7512           jne 0x568d
567B  803e2d5900     cmp byte ptr [0x592d], 0
5680  740e           je 0x5690
5682  fe0e2d59       dec byte ptr [0x592d]
5686  8b85065a       mov ax, word ptr [di + 0x5a06]
568A  a32e59         mov word ptr [0x592e], ax
L568D:
568D  e89804         call 0x5b28
L5690:
5690  c3             ret 

;======================================================================
proc_5691:
5691  e88d04         call 0x5b21
5694  b40b           mov ah, 0xb
5696  bb0400         mov bx, 4
5699  cd10           int 0x10
569B  2ae4           sub ah, ah
569D  cd1a           int 0x1a
569F  8916e25a       mov word ptr [0x5ae2], dx
56A3  c706e45a0000   mov word ptr [0x5ae4], 0
56A9  b002           mov al, 2
56AB  803e9706fd     cmp byte ptr [0x697], 0xfd
56B0  7502           jne 0x56b4
56B2  d0e8           shr al, 1
L56B4:
56B4  a2065b         mov byte ptr [0x5b06], al
L56B7:
56B7  803e000000     cmp byte ptr [0], 0
56BC  741a           je 0x56d8
56BE  ff06e45a       inc word ptr [0x5ae4]
56C2  8b1ee45a       mov bx, word ptr [0x5ae4]
56C6  8a0e065b       mov cl, byte ptr [0x5b06]
56CA  d3eb           shr bx, cl
56CC  81e31f00       and bx, 0x1f
56D0  e461           in al, 0x61
56D2  3287e65a       xor al, byte ptr [bx + 0x5ae6]
56D6  e661           out 0x61, al
L56D8:
56D8  2ae4           sub ah, ah
56DA  cd1a           int 0x1a
56DC  2b16e25a       sub dx, word ptr [0x5ae2]
56E0  83fa02         cmp dx, 2
56E3  72d2           jb 0x56b7
56E5  b40b           mov ah, 0xb
56E7  2bdb           sub bx, bx
56E9  cd10           int 0x10
56EB  c606075b0c     mov byte ptr [0x5b07], 0xc
56F0  e82e04         call 0x5b21
56F3  c3             ret 

;======================================================================
proc_56F4:
56F4  b80002         mov ax, 0x200
56F7  803e9706fd     cmp byte ptr [0x697], 0xfd
56FC  7502           jne 0x5700
56FE  d1e0           shl ax, 1
L5700:
5700  a3d05a         mov word ptr [0x5ad0], ax
5703  c3             ret 

;======================================================================
proc_5704:
5704  ff06d05a       inc word ptr [0x5ad0]
5708  8b1ed05a       mov bx, word ptr [0x5ad0]
570C  8bd3           mov dx, bx
570E  b109           mov cl, 9
5710  d3ea           shr dx, cl
5712  8aca           mov cl, dl
5714  80e10f         and cl, 0xf
5717  d3eb           shr bx, cl
5719  81e30f00       and bx, 0xf
571D  8a97d25a       mov dl, byte ptr [bx + 0x5ad2]
5721  22160000       and dl, byte ptr [0]
5725  e461           in al, 0x61
5727  24fc           and al, 0xfc
5729  0ac2           or al, dl
572B  e661           out 0x61, al
572D  c3             ret 

;======================================================================
proc_572E:
572E  c706cb5af401   mov word ptr [0x5acb], 0x1f4
L5734:
5734  e83700         call 0x576e
5737  832ecb5a1e     sub word ptr [0x5acb], 0x1e
573C  813ecb5ac800   cmp word ptr [0x5acb], 0xc8
5742  77f0           ja 0x5734
5744  c706cb5af401   mov word ptr [0x5acb], 0x1f4
L574A:
574A  e82100         call 0x576e
574D  832ecb5a14     sub word ptr [0x5acb], 0x14
5752  813ecb5a2c01   cmp word ptr [0x5acb], 0x12c
5758  77f0           ja 0x574a
L575A:
575A  e81100         call 0x576e
575D  8306cb5a1e     add word ptr [0x5acb], 0x1e
5762  813ecb5a2003   cmp word ptr [0x5acb], 0x320
5768  72f0           jb 0x575a
576A  e8b403         call 0x5b21
576D  c3             ret 

;======================================================================
proc_576E:
576E  b90010         mov cx, 0x1000
5771  803e9706fd     cmp byte ptr [0x697], 0xfd
5776  7502           jne 0x577a
5778  d1e9           shr cx, 1
L577A:
577A  e2fe           loop 0x577a
577C  803e000000     cmp byte ptr [0], 0
5781  7413           je 0x5796
5783  b0b6           mov al, 0xb6
5785  e643           out 0x43, al
5787  a1cb5a         mov ax, word ptr [0x5acb]
578A  e642           out 0x42, al
578C  8ac4           mov al, ah
578E  e642           out 0x42, al
5790  e461           in al, 0x61
5792  0c03           or al, 3
5794  e661           out 0x61, al
L5796:
5796  c3             ret 

;======================================================================
proc_5797:
5797  e88703         call 0x5b21
579A  c606cf5a00     mov byte ptr [0x5acf], 0
579F  c706cd5a0800   mov word ptr [0x5acd], 8
57A5  c3             ret 

;======================================================================
proc_57A6:
57A6  fe06cf5a       inc byte ptr [0x5acf]
57AA  2ad2           sub dl, dl
57AC  a0cf5a         mov al, byte ptr [0x5acf]
57AF  243f           and al, 0x3f
57B1  7504           jne 0x57b7
57B3  ff06cd5a       inc word ptr [0x5acd]
L57B7:
57B7  8b1ecd5a       mov bx, word ptr [0x5acd]
57BB  b102           mov cl, 2
57BD  d3eb           shr bx, cl
57BF  80e31f         and bl, 0x1f
57C2  3ac3           cmp al, bl
57C4  7202           jb 0x57c8
57C6  b202           mov dl, 2
L57C8:
57C8  22160000       and dl, byte ptr [0]
57CC  e461           in al, 0x61
57CE  24fd           and al, 0xfd
57D0  0ac2           or al, dl
57D2  e661           out 0x61, al
57D4  c3             ret 

;======================================================================
proc_57D5:
57D5  c706855a0000   mov word ptr [0x5a85], 0
57DB  2ae4           sub ah, ah
57DD  cd1a           int 0x1a
57DF  8916835a       mov word ptr [0x5a83], dx
57E3  c3             ret 

;======================================================================
proc_57E4:
57E4  803e000000     cmp byte ptr [0], 0
57E9  743d           je 0x5828
57EB  2ae4           sub ah, ah
57ED  cd1a           int 0x1a
57EF  8bc2           mov ax, dx
57F1  2b06835a       sub ax, word ptr [0x5a83]
57F5  3d0200         cmp ax, 2
57F8  722e           jb 0x5828
57FA  8916835a       mov word ptr [0x5a83], dx
57FE  8b1e855a       mov bx, word ptr [0x5a85]
5802  8306855a02     add word ptr [0x5a85], 2
5807  803e520500     cmp byte ptr [0x552], 0
580C  740d           je 0x581b
580E  8b87a35a       mov ax, word ptr [bx + 0x5aa3]
5812  3d0000         cmp ax, 0
5815  7508           jne 0x581f
5817  e80703         call 0x5b21
581A  c3             ret 
L581B:
581B  8b87875a       mov ax, word ptr [bx + 0x5a87]
L581F:
581F  50             push ax
5820  b0b6           mov al, 0xb6
5822  e643           out 0x43, al
5824  58             pop ax
5825  e86100         call 0x5889
L5828:
5828  c3             ret 

;======================================================================
proc_5829:
5829  c706625a0000   mov word ptr [0x5a62], 0
582F  c606825a00     mov byte ptr [0x5a82], 0
5834  c3             ret 

;======================================================================
proc_5835:
5835  803e000000     cmp byte ptr [0], 0
583A  740a           je 0x5846
583C  2ae4           sub ah, ah
583E  cd1a           int 0x1a
5840  3b16805a       cmp dx, word ptr [0x5a80]
5844  7501           jne 0x5847
L5846:
5846  c3             ret 
L5847:
5847  8916805a       mov word ptr [0x5a80], dx
584B  fe06825a       inc byte ptr [0x5a82]
584F  b0b6           mov al, 0xb6
5851  e643           out 0x43, al
5853  8b1e625a       mov bx, word ptr [0x5a62]
5857  f606825a01     test byte ptr [0x5a82], 1
585C  7503           jne 0x5861
585E  83c302         add bx, 2
L5861:
5861  8b87645a       mov ax, word ptr [bx + 0x5a64]
5865  e82100         call 0x5889
5868  c3             ret 

;======================================================================
proc_5869:
5869  803e000000     cmp byte ptr [0], 0
586E  7418           je 0x5888
5870  53             push bx
5871  50             push ax
5872  b0b6           mov al, 0xb6
5874  e643           out 0x43, al
5876  8b1e625a       mov bx, word ptr [0x5a62]
587A  8306625a02     add word ptr [0x5a62], 2
587F  8b87645a       mov ax, word ptr [bx + 0x5a64]
5883  e80300         call 0x5889
5886  58             pop ax
5887  5b             pop bx
L5888:
5888  c3             ret 

;======================================================================
proc_5889:
5889  e642           out 0x42, al
588B  8ac4           mov al, ah
588D  e642           out 0x42, al
588F  e461           in al, 0x61
5891  0c03           or al, 3
5893  e661           out 0x61, al
5895  c3             ret 

;======================================================================
proc_5896:
5896  c3             ret 

;======================================================================
proc_5897:
5897  803e000000     cmp byte ptr [0], 0
589C  741e           je 0x58bc
589E  50             push ax
589F  51             push cx
58A0  52             push dx
58A1  b0b6           mov al, 0xb6
58A3  e643           out 0x43, al
58A5  8b1e565a       mov bx, word ptr [0x5a56]
58A9  81e30600       and bx, 6
58AD  8306565a02     add word ptr [0x5a56], 2
58B2  8b875a5a       mov ax, word ptr [bx + 0x5a5a]
58B6  e8d0ff         call 0x5889
58B9  5a             pop dx
58BA  59             pop cx
58BB  58             pop ax
L58BC:
58BC  c3             ret 

;======================================================================
proc_58BD:
58BD  c606275980     mov byte ptr [0x5927], 0x80
58C2  c606285900     mov byte ptr [0x5928], 0
58C7  c606295900     mov byte ptr [0x5929], 0
58CC  c7062a590005   mov word ptr [0x592a], 0x500
58D2  c6062c59ff     mov byte ptr [0x592c], 0xff
58D7  c6062d5900     mov byte ptr [0x592d], 0
58DC  c606205900     mov byte ptr [0x5920], 0
58E1  c606075b00     mov byte ptr [0x5b07], 0
58E6  c706085b0000   mov word ptr [0x5b08], 0
58EC  c7060c5b0100   mov word ptr [0x5b0c], 1
58F2  c6060e5b01     mov byte ptr [0x5b0e], 1
58F7  c3             ret 

;======================================================================
proc_58F8:
58F8  803ebf1c00     cmp byte ptr [0x1cbf], 0
58FD  7509           jne 0x5908
58FF  bb9003         mov bx, 0x390
5902  b90018         mov cx, 0x1800
5905  e89b00         call 0x59a3
L5908:
5908  c6067c1200     mov byte ptr [0x127c], 0
590D  c3             ret 

;======================================================================
proc_590E:
590E  803ebf1c00     cmp byte ptr [0x1cbf], 0
5913  7509           jne 0x591e
5915  bb0004         mov bx, 0x400
5918  b90018         mov cx, 0x1800
591B  e88500         call 0x59a3
L591E:
591E  c3             ret 

;======================================================================
proc_591F:
591F  bbd007         mov bx, 0x7d0
5922  b90018         mov cx, 0x1800
5925  e87b00         call 0x59a3
5928  bb6e0a         mov bx, 0xa6e
592B  b90018         mov cx, 0x1800
592E  e87200         call 0x59a3
5931  bbec0d         mov bx, 0xdec
5934  b90018         mov cx, 0x1800
5937  e86900         call 0x59a3
593A  c3             ret 

;======================================================================
proc_593B:
593B  803e000000     cmp byte ptr [0], 0
5940  741a           je 0x595c
5942  891e2359       mov word ptr [0x5923], bx
5946  50             push ax
5947  b0b6           mov al, 0xb6
5949  e643           out 0x43, al
594B  58             pop ax
594C  e83aff         call 0x5889
594F  c606205902     mov byte ptr [0x5920], 2
5954  2ae4           sub ah, ah
5956  cd1a           int 0x1a
5958  89162159       mov word ptr [0x5921], dx
L595C:
595C  c3             ret 

;======================================================================
proc_595D:
595D  803e000000     cmp byte ptr [0], 0
5962  741a           je 0x597e
5964  803e205900     cmp byte ptr [0x5920], 0
5969  7513           jne 0x597e
596B  e88fd4         call 0x2dfd
596E  8bc2           mov ax, dx
5970  257f00         and ax, 0x7f
5973  05aa00         add ax, 0xaa
5976  8bd8           mov bx, ax
5978  051e00         add ax, 0x1e
597B  e8bdff         call 0x593b
L597E:
597E  c3             ret 

;======================================================================
proc_597F:
597F  803e000000     cmp byte ptr [0], 0
5984  741c           je 0x59a2
5986  b80012         mov ax, 0x1200
5989  bb1213         mov bx, 0x1312
598C  0306085b       add ax, word ptr [0x5b08]
5990  031e085b       add bx, word ptr [0x5b08]
5994  8106085b5e01   add word ptr [0x5b08], 0x15e
599A  e89eff         call 0x593b
599D  c606075b18     mov byte ptr [0x5b07], 0x18
L59A2:
59A2  c3             ret 

;======================================================================
proc_59A3:
59A3  803e000000     cmp byte ptr [0], 0
59A8  7420           je 0x59ca
59AA  b0b6           mov al, 0xb6
59AC  e643           out 0x43, al
59AE  8bc3           mov ax, bx
59B0  e642           out 0x42, al
59B2  8ac4           mov al, ah
59B4  e642           out 0x42, al
59B6  e461           in al, 0x61
59B8  0c03           or al, 3
59BA  e661           out 0x61, al
59BC  803e9706fd     cmp byte ptr [0x697], 0xfd
59C1  7502           jne 0x59c5
59C3  d1e9           shr cx, 1
L59C5:
59C5  e2fe           loop 0x59c5
59C7  e85701         call 0x5b21
L59CA:
59CA  c3             ret 

;======================================================================
proc_59CB:
59CB  e461           in al, 0x61
59CD  24fe           and al, 0xfe
59CF  e661           out 0x61, al
59D1  2ae4           sub ah, ah
59D3  cd1a           int 0x1a
59D5  8916405a       mov word ptr [0x5a40], dx
59D9  c706425a0000   mov word ptr [0x5a42], 0
L59DF:
59DF  a1425a         mov ax, word ptr [0x5a42]
59E2  b106           mov cl, 6
59E4  d3e8           shr ax, cl
59E6  7501           jne 0x59e9
59E8  40             inc ax
L59E9:
59E9  8bc8           mov cx, ax
L59EB:
59EB  51             push cx
59EC  2ae4           sub ah, ah
59EE  cd1a           int 0x1a
59F0  59             pop cx
59F1  2b16405a       sub dx, word ptr [0x5a40]
59F5  83fa02         cmp dx, 2
59F8  72f1           jb 0x59eb
59FA  83fa07         cmp dx, 7
59FD  7319           jae 0x5a18
59FF  e2ea           loop 0x59eb
5A01  e8f9d3         call 0x2dfd
5A04  80e202         and dl, 2
5A07  22160000       and dl, byte ptr [0]
5A0B  e461           in al, 0x61
5A0D  32c2           xor al, dl
5A0F  e661           out 0x61, al
5A11  8306425a07     add word ptr [0x5a42], 7
5A16  ebc7           jmp 0x59df
L5A18:
5A18  e80601         call 0x5b21
5A1B  c3             ret 

;======================================================================
proc_5A1C:
5A1C  803e000000     cmp byte ptr [0], 0
5A21  7411           je 0x5a34
5A23  e891b9         call 0x13b7
5A26  8b1e165a       mov bx, word ptr [0x5a16]
5A2A  2bd8           sub bx, ax
5A2C  7207           jb 0x5a35
5A2E  81fb6002       cmp bx, 0x260
5A32  7701           ja 0x5a35
L5A34:
5A34  c3             ret 
L5A35:
5A35  a3165a         mov word ptr [0x5a16], ax
5A38  b0b6           mov al, 0xb6
5A3A  e643           out 0x43, al
5A3C  ff06185a       inc word ptr [0x5a18]
5A40  8b1e185a       mov bx, word ptr [0x5a18]
5A44  81e31e00       and bx, 0x1e
5A48  a13c5a         mov ax, word ptr [0x5a3c]
5A4B  25ff03         and ax, 0x3ff
5A4E  3d8001         cmp ax, 0x180
5A51  7206           jb 0x5a59
5A53  b98001         mov cx, 0x180
5A56  2bc8           sub cx, ax
5A58  91             xchg cx, ax
L5A59:
5A59  d1e8           shr ax, 1
5A5B  d1e8           shr ax, 1
5A5D  03871a5a       add ax, word ptr [bx + 0x5a1a]
5A61  bb0100         mov bx, 1
5A64  803e9706fd     cmp byte ptr [0x697], 0xfd
5A69  7502           jne 0x5a6d
5A6B  d0e3           shl bl, 1
L5A6D:
5A6D  011e3e5a       add word ptr [0x5a3e], bx
5A71  d1e3           shl bx, 1
5A73  d1e3           shl bx, 1
5A75  011e3c5a       add word ptr [0x5a3c], bx
5A79  8b163e5a       mov dx, word ptr [0x5a3e]
5A7D  b103           mov cl, 3
5A7F  d3ea           shr dx, cl
5A81  03c2           add ax, dx
5A83  e642           out 0x42, al
5A85  8ac4           mov al, ah
5A87  e642           out 0x42, al
5A89  e461           in al, 0x61
5A8B  0c03           or al, 3
5A8D  e661           out 0x61, al
5A8F  c3             ret 

;======================================================================
proc_5A90:
5A90  803e000000     cmp byte ptr [0], 0
5A95  740a           je 0x5aa1
5A97  2ae4           sub ah, ah
5A99  cd1a           int 0x1a
5A9B  3b16145a       cmp dx, word ptr [0x5a14]
5A9F  7501           jne 0x5aa2
L5AA1:
5AA1  c3             ret 
L5AA2:
5AA2  8916145a       mov word ptr [0x5a14], dx
5AA6  b0b6           mov al, 0xb6
5AA8  e643           out 0x43, al
5AAA  e850d3         call 0x2dfd
5AAD  8bc2           mov ax, dx
5AAF  257000         and ax, 0x70
5AB2  050002         add ax, 0x200
5AB5  e642           out 0x42, al
5AB7  8ac4           mov al, ah
5AB9  e642           out 0x42, al
5ABB  e461           in al, 0x61
5ABD  0c03           or al, 3
5ABF  e661           out 0x61, al
5AC1  c3             ret 

;======================================================================
proc_5AC2:
5AC2  c706125a3803   mov word ptr [0x5a12], 0x338
5AC8  2ae4           sub ah, ah
5ACA  cd1a           int 0x1a
5ACC  8916105a       mov word ptr [0x5a10], dx
5AD0  e8e4b8         call 0x13b7
5AD3  a30e5a         mov word ptr [0x5a0e], ax
L5AD6:
5AD6  e8deb8         call 0x13b7
5AD9  8bd0           mov dx, ax
5ADB  2b060e5a       sub ax, word ptr [0x5a0e]
5ADF  3d409c         cmp ax, 0x9c40
5AE2  722c           jb 0x5b10
5AE4  89160e5a       mov word ptr [0x5a0e], dx
5AE8  803e000000     cmp byte ptr [0], 0
5AED  7421           je 0x5b10
5AEF  b0b6           mov al, 0xb6
5AF1  e643           out 0x43, al
5AF3  e807d3         call 0x2dfd
5AF6  8bc2           mov ax, dx
5AF8  25ff07         and ax, 0x7ff
5AFB  0306125a       add ax, word ptr [0x5a12]
5AFF  832e125a02     sub word ptr [0x5a12], 2
5B04  e642           out 0x42, al
5B06  8ac4           mov al, ah
5B08  e642           out 0x42, al
5B0A  e461           in al, 0x61
5B0C  0c03           or al, 3
5B0E  e661           out 0x61, al
L5B10:
5B10  2ae4           sub ah, ah
5B12  cd1a           int 0x1a
5B14  2b16105a       sub dx, word ptr [0x5a10]
5B18  83fa02         cmp dx, 2
5B1B  72b9           jb 0x5ad6
5B1D  e80100         call 0x5b21
5B20  c3             ret 

;======================================================================
proc_5B21:
5B21  e461           in al, 0x61
5B23  24fc           and al, 0xfc
5B25  e661           out 0x61, al
5B27  c3             ret 

;======================================================================
proc_5B28:
5B28  b0b6           mov al, 0xb6
5B2A  e643           out 0x43, al
5B2C  a12a59         mov ax, word ptr [0x592a]
5B2F  e642           out 0x42, al
5B31  8ac4           mov al, ah
5B33  e642           out 0x42, al
5B35  e461           in al, 0x61
5B37  0c03           or al, 3
5B39  e661           out 0x61, al
5B3B  e879b8         call 0x13b7
5B3E  8bc8           mov cx, ax
L5B40:
5B40  e874b8         call 0x13b7
5B43  8bd1           mov dx, cx
5B45  2bd0           sub dx, ax
5B47  3b162e59       cmp dx, word ptr [0x592e]
5B4B  72f3           jb 0x5b40
5B4D  e461           in al, 0x61
5B4F  24fc           and al, 0xfc
5B51  e661           out 0x61, al
5B53  c3             ret 

;======================================================================
proc_5B54:
5B54  c706be590000   mov word ptr [0x59be], 0
5B5A  2ae4           sub ah, ah
5B5C  cd1a           int 0x1a
5B5E  8916c059       mov word ptr [0x59c0], dx
5B62  c3             ret 

;======================================================================
proc_5B63:
5B63  803e000000     cmp byte ptr [0], 0
5B68  740f           je 0x5b79
5B6A  2ae4           sub ah, ah
5B6C  cd1a           int 0x1a
5B6E  8bc2           mov ax, dx
5B70  2b06c059       sub ax, word ptr [0x59c0]
5B74  3d0200         cmp ax, 2
5B77  7301           jae 0x5b7a
L5B79:
5B79  c3             ret 
L5B7A:
5B7A  8916c059       mov word ptr [0x59c0], dx
5B7E  8b1ebe59       mov bx, word ptr [0x59be]
5B82  81e3fe00       and bx, 0xfe
5B86  81fb8600       cmp bx, 0x86
5B8A  7206           jb 0x5b92
5B8C  2bdb           sub bx, bx
5B8E  891ebe59       mov word ptr [0x59be], bx
L5B92:
5B92  8306be5902     add word ptr [0x59be], 2
5B97  8b873459       mov ax, word ptr [bx + 0x5934]
5B9B  8b0ebc59       mov cx, word ptr [0x59bc]
5B9F  a3bc59         mov word ptr [0x59bc], ax
5BA2  3bc1           cmp ax, cx
5BA4  7504           jne 0x5baa
5BA6  e878ff         call 0x5b21
5BA9  c3             ret 
L5BAA:
5BAA  8bc8           mov cx, ax
5BAC  b0b6           mov al, 0xb6
5BAE  e643           out 0x43, al
5BB0  8bc1           mov ax, cx
5BB2  e642           out 0x42, al
5BB4  8ac4           mov al, ah
5BB6  e642           out 0x42, al
5BB8  e461           in al, 0x61
5BBA  0c03           or al, 3
5BBC  e661           out 0x61, al
5BBE  c3             ret 

;======================================================================
proc_5BBF:
5BBF  803e000000     cmp byte ptr [0], 0
5BC4  740a           je 0x5bd0
5BC6  e89aff         call 0x5b63
5BC9  833ebe597c     cmp word ptr [0x59be], 0x7c
5BCE  72ef           jb 0x5bbf
L5BD0:
5BD0  c3             ret 
5BD1  db 00 00 00 00 00 00 00 00 00 00 00 00 00 00 00

;======================================================================
proc_5BE0:
5BE0  2ae4           sub ah, ah
5BE2  cd1a           int 0x1a
5BE4  8916665f       mov word ptr [0x5f66], dx
5BE8  c706605f0000   mov word ptr [0x5f60], 0
L5BEE:
5BEE  b800b8         mov ax, 0xb800
5BF1  8ec0           mov es, ax
5BF3  8b1e605f       mov bx, word ptr [0x5f60]
5BF7  8306605f02     add word ptr [0x5f60], 2
5BFC  81e30200       and bx, 2
5C00  8bb7625f       mov si, word ptr [bx + 0x5f62]
5C04  bf740a         mov di, 0xa74
5C07  b90444         mov cx, 0x4404
5C0A  e890d1         call 0x2d9d
L5C0D:
5C0D  e8d4fb         call 0x57e4
5C10  2ae4           sub ah, ah
5C12  cd1a           int 0x1a
5C14  8bc2           mov ax, dx
5C16  2b06665f       sub ax, word ptr [0x5f66]
5C1A  3d0400         cmp ax, 4
5C1D  72ee           jb 0x5c0d
5C1F  8916665f       mov word ptr [0x5f66], dx
5C23  833e605f04     cmp word ptr [0x5f60], 4
5C28  750c           jne 0x5c36
5C2A  be685f         mov si, 0x5f68
5C2D  bf6806         mov di, 0x668
5C30  b90410         mov cx, 0x1004
5C33  e867d1         call 0x2d9d
L5C36:
5C36  8b1e605f       mov bx, word ptr [0x5f60]
5C3A  83eb08         sub bx, 8
5C3D  7212           jb 0x5c51
5C3F  83fb06         cmp bx, 6
5C42  730d           jae 0x5c51
5C44  bee85f         mov si, 0x5fe8
5C47  8bbfe460       mov di, word ptr [bx + 0x60e4]
5C4B  b90615         mov cx, 0x1506
5C4E  e84cd1         call 0x2d9d
L5C51:
5C51  833e605f10     cmp word ptr [0x5f60], 0x10
5C56  7296           jb 0x5bee
5C58  e8c6fe         call 0x5b21
5C5B  c3             ret 
5C5C  db 00 00 00 00

;======================================================================
proc_5C60:
5C60  cd11           int 0x11
5C62  2430           and al, 0x30
5C64  3c30           cmp al, 0x30
5C66  752d           jne 0x5c95
5C68  b800b8         mov ax, 0xb800
5C6B  8ed8           mov ds, ax
5C6D  b8aa55         mov ax, 0x55aa
5C70  a30000         mov word ptr [0], ax
5C73  a10000         mov ax, word ptr [0]
5C76  3daa55         cmp ax, 0x55aa
5C79  751b           jne 0x5c96
5C7B  bef060         mov si, 0x60f0
5C7E  e81d00         call 0x5c9e
5C81  b84000         mov ax, 0x40
5C84  8ed8           mov ds, ax
5C86  a11000         mov ax, word ptr [0x10]
5C89  24cf           and al, 0xcf
5C8B  0c10           or al, 0x10
5C8D  a31000         mov word ptr [0x10], ax
5C90  b80400         mov ax, 4
5C93  cd10           int 0x10
L5C95:
5C95  c3             ret 
L5C96:
5C96  be1261         mov si, 0x6112
5C99  e80200         call 0x5c9e
L5C9C:
5C9C  ebfe           jmp 0x5c9c

;======================================================================
proc_5C9E:
5C9E  b81000         mov ax, 0x10
5CA1  8ed8           mov ds, ax
5CA3  e88501         call 0x5e2b
5CA6  c3             ret 
5CA7  db 00 00 00 00 00 00 00 00 00

;======================================================================
proc_5CB0:
5CB0  fc             cld 
5CB1  c70604000000   mov word ptr [4], 0
5CB7  e876bb         call 0x1830
5CBA  e873c6         call 0x2330
5CBD  e870cd         call 0x2a30
5CC0  b800b8         mov ax, 0xb800
5CC3  8ec0           mov es, ax
5CC5  be5261         mov si, 0x6152
5CC8  b90b1d         mov cx, 0x1d0b
5CCB  bfbd00         mov di, 0xbd
5CCE  e8ccd0         call 0x2d9d
5CD1  bed063         mov si, 0x63d0
5CD4  b90e16         mov cx, 0x160e
5CD7  bf9e06         mov di, 0x69e
5CDA  e8c0d0         call 0x2d9d
5CDD  be3866         mov si, 0x6638
5CE0  b9030c         mov cx, 0xc03
5CE3  bf780a         mov di, 0xa78
5CE6  e8b4d0         call 0x2d9d
5CE9  be8066         mov si, 0x6680
5CEC  b90e08         mov cx, 0x80e
5CEF  bfa80c         mov di, 0xca8
5CF2  e8a8d0         call 0x2d9d
5CF5  be6067         mov si, 0x6760
5CF8  b90c0b         mov cx, 0xb0c
5CFB  bf6e1d         mov di, 0x1d6e
5CFE  e89cd0         call 0x2d9d
5D01  be6868         mov si, 0x6868
5D04  b90408         mov cx, 0x804
5D07  bfec1d         mov di, 0x1dec
5D0A  e890d0         call 0x2d9d
5D0D  c7068d6a0000   mov word ptr [0x6a8d], 0
5D13  e82501         call 0x5e3b
5D16  c70679050000   mov word ptr [0x579], 0
5D1C  e8eea9         call 0x70d
5D1F  c6067b0560     mov byte ptr [0x57b], 0x60
5D24  c6067c0592     mov byte ptr [0x57c], 0x92
5D29  e8c6c9         call 0x26f2
5D2C  e8cdc9         call 0x26fc
5D2F  c606801f09     mov byte ptr [0x1f80], 9
5D34  c606811fff     mov byte ptr [0x1f81], 0xff
5D39  e877c9         call 0x26b3
5D3C  e801c1         call 0x1e40
5D3F  c606980600     mov byte ptr [0x698], 0
5D44  c606990600     mov byte ptr [0x699], 0
5D49  c6068a6a00     mov byte ptr [0x6a8a], 0
5D4E  a19306         mov ax, word ptr [0x693]
5D51  a35061         mov word ptr [0x6150], ax
L5D54:
5D54  2ae4           sub ah, ah
5D56  cd1a           int 0x1a
5D58  89168b6a       mov word ptr [0x6a8b], dx
5D5C  89162253       mov word ptr [0x5322], dx
5D60  8916936a       mov word ptr [0x6a93], dx
5D64  83ea30         sub dx, 0x30
5D67  8916886a       mov word ptr [0x6a88], dx
5D6B  c70620530000   mov word ptr [0x5320], 0
L5D71:
5D71  2ae4           sub ah, ah
5D73  cd1a           int 0x1a
5D75  8bc2           mov ax, dx
5D77  2b06936a       sub ax, word ptr [0x6a93]
5D7B  3d2400         cmp ax, 0x24
5D7E  7209           jb 0x5d89
5D80  8916936a       mov word ptr [0x6a93], dx
5D84  52             push dx
5D85  e8b300         call 0x5e3b
5D88  5a             pop dx
L5D89:
5D89  2b168b6a       sub dx, word ptr [0x6a8b]
5D8D  a1da56         mov ax, word ptr [0x56da]
5D90  803e1a0400     cmp byte ptr [0x41a], 0
5D95  7409           je 0x5da0
5D97  054800         add ax, 0x48
5D9A  3bd0           cmp dx, ax
5D9C  73b6           jae 0x5d54
5D9E  eb07           jmp 0x5da7
L5DA0:
5DA0  050600         add ax, 6
5DA3  3bd0           cmp dx, ax
5DA5  772c           ja 0x5dd3
L5DA7:
5DA7  e806f6         call 0x53b0
5DAA  e82700         call 0x5dd4
5DAD  803e9b0600     cmp byte ptr [0x69b], 0
5DB2  7416           je 0x5dca
5DB4  ba0102         mov dx, 0x201
5DB7  ec             in al, dx
5DB8  2410           and al, 0x10
5DBA  7407           je 0x5dc3
5DBC  c6068a6a01     mov byte ptr [0x6a8a], 1
5DC1  eb07           jmp 0x5dca
L5DC3:
5DC3  803e8a6a00     cmp byte ptr [0x6a8a], 0
5DC8  7509           jne 0x5dd3
L5DCA:
5DCA  a15061         mov ax, word ptr [0x6150]
5DCD  3b069306       cmp ax, word ptr [0x693]
5DD1  749e           je 0x5d71
L5DD3:
5DD3  c3             ret 

;======================================================================
proc_5DD4:
5DD4  833e790520     cmp word ptr [0x579], 0x20
5DD9  7707           ja 0x5de2
5DDB  c606980601     mov byte ptr [0x698], 1
5DE0  eb3a           jmp 0x5e1c
L5DE2:
5DE2  813e79052001   cmp word ptr [0x579], 0x120
5DE8  7207           jb 0x5df1
5DEA  c6069806ff     mov byte ptr [0x698], 0xff
5DEF  eb2b           jmp 0x5e1c
L5DF1:
5DF1  2ae4           sub ah, ah
5DF3  cd1a           int 0x1a
5DF5  8bc2           mov ax, dx
5DF7  2b06886a       sub ax, word ptr [0x6a88]
5DFB  3d1200         cmp ax, 0x12
5DFE  721c           jb 0x5e1c
5E00  8916886a       mov word ptr [0x6a88], dx
5E04  e8f6cf         call 0x2dfd
5E07  c606980600     mov byte ptr [0x698], 0
5E0C  80faa0         cmp dl, 0xa0
5E0F  770b           ja 0x5e1c
5E11  80e201         and dl, 1
5E14  7502           jne 0x5e18
5E16  b2ff           mov dl, 0xff
L5E18:
5E18  88169806       mov byte ptr [0x698], dl
L5E1C:
5E1C  e8b9b5         call 0x13d8
5E1F  7409           je 0x5e2a
5E21  c70672050400   mov word ptr [0x572], 4
5E27  e8bbaa         call 0x8e5
L5E2A:
5E2A  c3             ret 

;======================================================================
proc_5E2B:
5E2B  ac             lodsb al, byte ptr [si]
5E2C  3c00           cmp al, 0
5E2E  740a           je 0x5e3a
5E30  56             push si
5E31  b302           mov bl, 2
5E33  b40e           mov ah, 0xe
5E35  cd10           int 0x10
5E37  5e             pop si
5E38  ebf1           jmp 0x5e2b
L5E3A:
5E3A  c3             ret 

;======================================================================
proc_5E3B:
5E3B  b800b8         mov ax, 0xb800
5E3E  8ec0           mov es, ax
5E40  83068d6a02     add word ptr [0x6a8d], 2
5E45  8b1e8d6a       mov bx, word ptr [0x6a8d]
5E49  81e30200       and bx, 2
5E4D  8bb78f6a       mov si, word ptr [bx + 0x6a8f]
5E51  b90a0c         mov cx, 0xc0a
5E54  bf381d         mov di, 0x1d38
5E57  e843cf         call 0x2d9d
5E5A  c3             ret 

;======================================================================
proc_5E5B:
5E5B  b200           mov dl, 0
5E5D  8afa           mov bh, dl
5E5F  b402           mov ah, 2
5E61  cd10           int 0x10
5E63  c3             ret 
5E64  db 00 00 00 00 00 00 00 00 00 00 00 00

;======================================================================
proc_5E70:
5E70  e8aefc         call 0x5b21
5E73  2ae4           sub ah, ah
5E75  cd1a           int 0x1a
5E77  8916fc6d       mov word ptr [0x6dfc], dx
5E7B  890efe6d       mov word ptr [0x6dfe], cx
5E7F  1e             push ds
5E80  1e             push ds
5E81  07             pop es
5E82  b800b8         mov ax, 0xb800
5E85  8ed8           mov ds, ax
5E87  beca0d         mov si, 0xdca
5E8A  bf0e00         mov di, 0xe
5E8D  b92010         mov cx, 0x1020
5E90  e837cf         call 0x2dca
5E93  1f             pop ds
5E94  ba050b         mov dx, 0xb05
5E97  b700           mov bh, 0
5E99  b402           mov ah, 2
5E9B  cd10           int 0x10
5E9D  be916d         mov si, 0x6d91
5EA0  fc             cld 
5EA1  e887ff         call 0x5e2b
5EA4  ba050c         mov dx, 0xc05
5EA7  b700           mov bh, 0
5EA9  b402           mov ah, 2
5EAB  cd10           int 0x10
5EAD  beb26d         mov si, 0x6db2
5EB0  803e9b0600     cmp byte ptr [0x69b], 0
5EB5  7403           je 0x5eba
5EB7  bed36d         mov si, 0x6dd3
L5EBA:
5EBA  fc             cld 
5EBB  e86dff         call 0x5e2b
5EBE  e8d600         call 0x5f97
5EC1  b800b8         mov ax, 0xb800
5EC4  8ec0           mov es, ax
5EC6  be0e00         mov si, 0xe
5EC9  bfca0d         mov di, 0xdca
5ECC  b92010         mov cx, 0x1020
5ECF  e8cbce         call 0x2d9d
5ED2  b401           mov ah, 1
5ED4  8b0efe6d       mov cx, word ptr [0x6dfe]
5ED8  8b16fc6d       mov dx, word ptr [0x6dfc]
5EDC  cd1a           int 0x1a
5EDE  a19306         mov ax, word ptr [0x693]
5EE1  a3006e         mov word ptr [0x6e00], ax
5EE4  c3             ret 

;======================================================================
proc_5EE5:
5EE5  e839fc         call 0x5b21
L5EE8:
5EE8  e8e200         call 0x5fcd
5EEB  c7068f6d0000   mov word ptr [0x6d8f], 0
5EF1  e8bd00         call 0x5fb1
L5EF4:
5EF4  a19306         mov ax, word ptr [0x693]
L5EF7:
5EF7  3b069306       cmp ax, word ptr [0x693]
5EFB  74fa           je 0x5ef7
5EFD  f606c10680     test byte ptr [0x6c1], 0x80
5F02  740e           je 0x5f12
5F04  f606c20680     test byte ptr [0x6c2], 0x80
5F09  75e9           jne 0x5ef4
5F0B  c6069b0600     mov byte ptr [0x69b], 0
5F10  eb0a           jmp 0x5f1c
L5F12:
5F12  e8d000         call 0x5fe5
5F15  72d1           jb 0x5ee8
5F17  c6069b0601     mov byte ptr [0x69b], 1
L5F1C:
5F1C  b90500         mov cx, 5
L5F1F:
5F1F  51             push cx
5F20  e88e00         call 0x5fb1
5F23  59             pop cx
5F24  e2f9           loop 0x5f1f
L5F26:
5F26  a19306         mov ax, word ptr [0x693]
L5F29:
5F29  3b069306       cmp ax, word ptr [0x693]
5F2D  74fa           je 0x5f29
5F2F  2bc0           sub ax, ax
5F31  f606c30680     test byte ptr [0x6c3], 0x80
5F36  7418           je 0x5f50
5F38  40             inc ax
5F39  f606c40680     test byte ptr [0x6c4], 0x80
5F3E  7410           je 0x5f50
5F40  40             inc ax
5F41  f606c50680     test byte ptr [0x6c5], 0x80
5F46  7408           je 0x5f50
5F48  40             inc ax
5F49  f606c60680     test byte ptr [0x6c6], 0x80
5F4E  75d6           jne 0x5f26
L5F50:
5F50  a3f86d         mov word ptr [0x6df8], ax
5F53  b90500         mov cx, 5
L5F56:
5F56  51             push cx
5F57  e85700         call 0x5fb1
5F5A  59             pop cx
5F5B  e2f9           loop 0x5f56
5F5D  803e9b0600     cmp byte ptr [0x69b], 0
5F62  741a           je 0x5f7e
5F64  c7068f6d2000   mov word ptr [0x6d8f], 0x20
5F6A  e84400         call 0x5fb1
5F6D  e84100         call 0x5fb1
5F70  c7068f6d1800   mov word ptr [0x6d8f], 0x18
5F76  e83800         call 0x5fb1
5F79  e83500         call 0x5fb1
5F7C  eb15           jmp 0x5f93
L5F7E:
5F7E  c7068f6d1c00   mov word ptr [0x6d8f], 0x1c
5F84  e82a00         call 0x5fb1
5F87  e82700         call 0x5fb1
5F8A  c7068f6d1600   mov word ptr [0x6d8f], 0x16
5F90  e81e00         call 0x5fb1
L5F93:
5F93  e80100         call 0x5f97
5F96  c3             ret 

;======================================================================
proc_5F97:
5F97  803e9b0600     cmp byte ptr [0x69b], 0
5F9C  7409           je 0x5fa7
L5F9E:
5F9E  ba0102         mov dx, 0x201
5FA1  ec             in al, dx
5FA2  2410           and al, 0x10
5FA4  75f8           jne 0x5f9e
5FA6  c3             ret 
L5FA7:
5FA7  a19306         mov ax, word ptr [0x693]
L5FAA:
5FAA  3b069306       cmp ax, word ptr [0x693]
5FAE  74fa           je 0x5faa
5FB0  c3             ret 

;======================================================================
proc_5FB1:
5FB1  8b1e8f6d       mov bx, word ptr [0x6d8f]
5FB5  8b97636d       mov dx, word ptr [bx + 0x6d63]
5FB9  e89ffe         call 0x5e5b
5FBC  8b1e8f6d       mov bx, word ptr [0x6d8f]
5FC0  83068f6d02     add word ptr [0x6d8f], 2
5FC5  8bb7376d       mov si, word ptr [bx + 0x6d37]
5FC9  e85ffe         call 0x5e2b
5FCC  c3             ret 

;======================================================================
proc_5FCD:
5FCD  fc             cld 
5FCE  b800b8         mov ax, 0xb800
5FD1  8ec0           mov es, ax
5FD3  2bc0           sub ax, ax
5FD5  8bf8           mov di, ax
5FD7  b9a00f         mov cx, 0xfa0
5FDA  f3ab           rep stosw word ptr es:[di], ax
5FDC  bf0020         mov di, 0x2000
5FDF  b9a00f         mov cx, 0xfa0
5FE2  f3ab           rep stosw word ptr es:[di], ax
5FE4  c3             ret 

;======================================================================
proc_5FE5:
5FE5  cd11           int 0x11
5FE7  a90010         test ax, 0x1000
5FEA  740a           je 0x5ff6
5FEC  e82000         call 0x600f
5FEF  731d           jae 0x600e
5FF1  e81b00         call 0x600f
5FF4  7318           jae 0x600e
L5FF6:
5FF6  c7068f6d2400   mov word ptr [0x6d8f], 0x24
5FFC  b90400         mov cx, 4
L5FFF:
5FFF  e8afff         call 0x5fb1
6002  e2fb           loop 0x5fff
6004  a19306         mov ax, word ptr [0x693]
L6007:
6007  3b069306       cmp ax, word ptr [0x693]
600B  74fa           je 0x6007
600D  f9             stc 
L600E:
600E  c3             ret 

;======================================================================
proc_600F:
600F  ba0102         mov dx, 0x201
6012  ee             out dx, al
6013  2ae4           sub ah, ah
6015  cd1a           int 0x1a
6017  8916fa6d       mov word ptr [0x6dfa], dx
L601B:
601B  ba0102         mov dx, 0x201
601E  ec             in al, dx
601F  a803           test al, 3
6021  7502           jne 0x6025
6023  f8             clc 
6024  c3             ret 
L6025:
6025  2ae4           sub ah, ah
6027  cd1a           int 0x1a
6029  2b16fa6d       sub dx, word ptr [0x6dfa]
602D  83fa12         cmp dx, 0x12
6030  72e9           jb 0x601b
6032  f9             stc 
6033  c3             ret 
6034  db 00 00 00 00 00 00 00 00 00 00 00 00

;======================================================================
proc_6040:
6040  fc             cld 
6041  1e             push ds
6042  07             pop es
6043  bf0e00         mov di, 0xe
6046  b92400         mov cx, 0x24
6049  2bc0           sub ax, ax
604B  f3ab           rep stosw word ptr es:[di], ax
604D  c706246f2500   mov word ptr [0x6f24], 0x25
6053  b800b8         mov ax, 0xb800
6056  8ec0           mov es, ax
L6058:
6058  e87db3         call 0x13d8
605B  74fb           je 0x6058
605D  be0e00         mov si, 0xe
6060  8b3e246f       mov di, word ptr [0x6f24]
6064  b9030c         mov cx, 0xc03
6067  e833cd         call 0x2d9d
606A  8106246fe001   add word ptr [0x6f24], 0x1e0
6070  be106e         mov si, 0x6e10
6073  8b3e246f       mov di, word ptr [0x6f24]
6077  b9030c         mov cx, 0xc03
607A  e820cd         call 0x2d9d
L607D:
607D  2ae4           sub ah, ah
607F  cd1a           int 0x1a
6081  3b16266f       cmp dx, word ptr [0x6f26]
6085  74f6           je 0x607d
6087  8916266f       mov word ptr [0x6f26], dx
608B  803e000000     cmp byte ptr [0], 0
6090  7415           je 0x60a7
6092  b0b6           mov al, 0xb6
6094  e643           out 0x43, al
6096  a1246f         mov ax, word ptr [0x6f24]
6099  d1e8           shr ax, 1
609B  e642           out 0x42, al
609D  8ac4           mov al, ah
609F  e642           out 0x42, al
60A1  e461           in al, 0x61
60A3  0c03           or al, 3
60A5  e661           out 0x61, al
L60A7:
60A7  813e246f401a   cmp word ptr [0x6f24], 0x1a40
60AD  72a9           jb 0x6058
60AF  be586e         mov si, 0x6e58
60B2  8b3e246f       mov di, word ptr [0x6f24]
60B6  b90611         mov cx, 0x1106
60B9  e8e1cc         call 0x2d9d
L60BC:
60BC  2ae4           sub ah, ah
60BE  cd1a           int 0x1a
60C0  3b16286f       cmp dx, word ptr [0x6f28]
60C4  74f6           je 0x60bc
60C6  8916286f       mov word ptr [0x6f28], dx
60CA  803e000000     cmp byte ptr [0], 0
60CF  7415           je 0x60e6
60D1  b0b6           mov al, 0xb6
60D3  e643           out 0x43, al
60D5  b8000c         mov ax, 0xc00
60D8  f6c201         test dl, 1
60DB  7403           je 0x60e0
60DD  b8540b         mov ax, 0xb54
L60E0:
60E0  e642           out 0x42, al
60E2  8ac4           mov al, ah
60E4  e642           out 0x42, al
L60E6:
60E6  2b16266f       sub dx, word ptr [0x6f26]
60EA  83fa12         cmp dx, 0x12
60ED  72cd           jb 0x60bc
60EF  e82ffa         call 0x5b21
60F2  c3             ret 
60F3  db 00 00 00 00 00 00 00 00 00 00 00 00 00

;======================================================================
proc_6100:
6100  c606f27000     mov byte ptr [0x70f2], 0
6105  c3             ret 

;======================================================================
proc_6106:
6106  2ae4           sub ah, ah
6108  cd1a           int 0x1a
610A  3b16ee70       cmp dx, word ptr [0x70ee]
610E  7501           jne 0x6111
6110  c3             ret 
L6111:
6111  8916ee70       mov word ptr [0x70ee], dx
6115  e88e01         call 0x62a6
6118  730f           jae 0x6129
611A  e8c6b0         call 0x11e3
611D  e80b01         call 0x622b
6120  e822b0         call 0x1145
6123  c606f27000     mov byte ptr [0x70f2], 0
6128  c3             ret 
L6129:
6129  803ef27000     cmp byte ptr [0x70f2], 0
612E  756e           jne 0x619e
L6130:
6130  e8cacc         call 0x2dfd
6133  8bda           mov bx, dx
6135  81e31f00       and bx, 0x1f
6139  80fb10         cmp bl, 0x10
613C  7228           jb 0x6166
613E  80eb10         sub bl, 0x10
6141  80fb09         cmp bl, 9
6144  77ea           ja 0x6130
6146  b201           mov dl, 1
6148  80fb05         cmp bl, 5
614B  7202           jb 0x614f
614D  b2ff           mov dl, 0xff
L614F:
614F  8816f670       mov byte ptr [0x70f6], dl
6153  c606f57006     mov byte ptr [0x70f5], 6
6158  d0e3           shl bl, 1
615A  8b87b870       mov ax, word ptr [bx + 0x70b8]
615E  050400         add ax, 4
6161  a3f370         mov word ptr [0x70f3], ax
6164  eb22           jmp 0x6188
L6166:
6166  b80c00         mov ax, 0xc
6169  b201           mov dl, 1
616B  f6c308         test bl, 8
616E  7405           je 0x6175
6170  b82001         mov ax, 0x120
6173  b2ff           mov dl, 0xff
L6175:
6175  a3f370         mov word ptr [0x70f3], ax
6178  8816f670       mov byte ptr [0x70f6], dl
617C  80e307         and bl, 7
617F  8a87b070       mov al, byte ptr [bx + 0x70b0]
6183  0408           add al, 8
6185  a2f570         mov byte ptr [0x70f5], al
L6188:
6188  c606f27001     mov byte ptr [0x70f2], 1
618D  c606f77001     mov byte ptr [0x70f7], 1
6192  c706f0700000   mov word ptr [0x70f0], 0
6198  c706ec70ffff   mov word ptr [0x70ec], 0xffff
L619E:
619E  813ef070a000   cmp word ptr [0x70f0], 0xa0
61A4  7305           jae 0x61ab
61A6  8306f07004     add word ptr [0x70f0], 4
L61AB:
61AB  8006f57002     add byte ptr [0x70f5], 2
61B0  803ef570bf     cmp byte ptr [0x70f5], 0xbf
61B5  771d           ja 0x61d4
61B7  803ef67001     cmp byte ptr [0x70f6], 1
61BC  7409           je 0x61c7
61BE  832ef37005     sub word ptr [0x70f3], 5
61C3  720f           jb 0x61d4
61C5  eb16           jmp 0x61dd
L61C7:
61C7  8306f37005     add word ptr [0x70f3], 5
61CC  813ef3702c01   cmp word ptr [0x70f3], 0x12c
61D2  7209           jb 0x61dd
L61D4:
61D4  c606f27000     mov byte ptr [0x70f2], 0
61D9  e84f00         call 0x622b
61DC  c3             ret 
L61DD:
61DD  8b0ef370       mov cx, word ptr [0x70f3]
61E1  8a16f570       mov dl, byte ptr [0x70f5]
61E5  e8c8ca         call 0x2cb0
61E8  a3fa70         mov word ptr [0x70fa], ax
61EB  e8b800         call 0x62a6
61EE  72e4           jb 0x61d4
61F0  e85200         call 0x6245
61F3  e83500         call 0x622b
61F6  e80100         call 0x61fa
61F9  c3             ret 

;======================================================================
proc_61FA:
61FA  b800b8         mov ax, 0xb800
61FD  8ec0           mov es, ax
61FF  c606f77000     mov byte ptr [0x70f7], 0
6204  a1f070         mov ax, word ptr [0x70f0]
6207  25e001         and ax, 0x1e0
620A  05306f         add ax, 0x6f30
620D  803ef670ff     cmp byte ptr [0x70f6], 0xff
6212  7403           je 0x6217
6214  05c000         add ax, 0xc0
L6217:
6217  8bf0           mov si, ax
6219  8b3efa70       mov di, word ptr [0x70fa]
621D  893ef870       mov word ptr [0x70f8], di
6221  bdcc70         mov bp, 0x70cc
6224  b90208         mov cx, 0x802
6227  e8a2ca         call 0x2ccc
622A  c3             ret 

;======================================================================
proc_622B:
622B  803ef77000     cmp byte ptr [0x70f7], 0
6230  7512           jne 0x6244
6232  b800b8         mov ax, 0xb800
6235  8ec0           mov es, ax
6237  becc70         mov si, 0x70cc
623A  8b3ef870       mov di, word ptr [0x70f8]
623E  b90208         mov cx, 0x802
6241  e859cb         call 0x2d9d
L6244:
6244  c3             ret 

;======================================================================
proc_6245:
6245  a0f570         mov al, byte ptr [0x70f5]
6248  2c08           sub al, 8
624A  24f8           and al, 0xf8
624C  b90700         mov cx, 7
L624F:
624F  8bd9           mov bx, cx
6251  4b             dec bx
6252  3a87d42b       cmp al, byte ptr [bx + 0x2bd4]
6256  7403           je 0x625b
6258  e2f5           loop 0x624f
L625A:
625A  c3             ret 
L625B:
625B  a1f370         mov ax, word ptr [0x70f3]
625E  b104           mov cl, 4
6260  d3e8           shr ax, cl
6262  2d0200         sub ax, 2
6265  72f3           jb 0x625a
6267  3d1000         cmp ax, 0x10
626A  73ee           jae 0x625a
626C  8bf8           mov di, ax
626E  8a97db2b       mov dl, byte ptr [bx + 0x2bdb]
6272  2af6           sub dh, dh
6274  03c2           add ax, dx
6276  3b06ec70       cmp ax, word ptr [0x70ec]
627A  74de           je 0x625a
627C  a3ec70         mov word ptr [0x70ec], ax
627F  8bf0           mov si, ax
6281  80b4e22b02     xor byte ptr [si + 0x2be2], 2
6286  8a84e22b       mov al, byte ptr [si + 0x2be2]
628A  2ae4           sub ah, ah
628C  d1e7           shl di, 1
628E  8b8dfc70       mov cx, word ptr [di + 0x70fc]
6292  8a972071       mov dl, byte ptr [bx + 0x7120]
6296  50             push ax
6297  51             push cx
6298  52             push dx
6299  e88fff         call 0x622b
629C  5a             pop dx
629D  59             pop cx
629E  5b             pop bx
629F  e841ce         call 0x30e3
62A2  e855ff         call 0x61fa
62A5  c3             ret 

;======================================================================
proc_62A6:
62A6  803ef27000     cmp byte ptr [0x70f2], 0
62AB  7502           jne 0x62af
62AD  f8             clc 
62AE  c3             ret 
L62AF:
62AF  a1f370         mov ax, word ptr [0x70f3]
62B2  8a16f570       mov dl, byte ptr [0x70f5]
62B6  be1000         mov si, 0x10
62B9  8b1e7905       mov bx, word ptr [0x579]
62BD  8a367b05       mov dh, byte ptr [0x57b]
62C1  bf1800         mov di, 0x18
62C4  b9080e         mov cx, 0xe08
62C7  e85fcb         call 0x2e29
62CA  731e           jae 0x62ea
62CC  c606710501     mov byte ptr [0x571], 1
62D1  c606760502     mov byte ptr [0x576], 2
62D6  c606780520     mov byte ptr [0x578], 0x20
62DB  c6065b0508     mov byte ptr [0x55b], 8
62E0  b81d09         mov ax, 0x91d
62E3  bbe40c         mov bx, 0xce4
62E6  e852f6         call 0x593b
62E9  f9             stc 
L62EA:
62EA  c3             ret 
